Order ID,Order Date,Ship Date,Customer ID,Product ID,Geography Key,Sales,Quantity,Discount,Profit,Shipping Days,Is Returned,Order Date Key,Ship Date Key
ORD-2022-14302,2022-01-31,2022-02-04,CUST-0816,PROD-0053,GEO-0001,36.0,3,0.0,12.43,4,0,20220131,20220204
ORD-2022-13696,2022-02-14,2022-02-17,CUST-0686,PROD-0007,GEO-0002,949.05,1,0.05,365.76,3,0,20220214,20220217
ORD-2022-10934,2022-02-23,2022-02-25,CUST-0170,PROD-0058,GEO-0003,29.0,1,0.0,11.84,2,0,20220223,20220225
ORD-2022-11698,2022-03-16,2022-03-18,CUST-0320,PROD-0054,GEO-0004,1196.0,4,0.0,617.62,2,0,20220316,20220318
ORD-2022-11703,2022-03-22,2022-03-24,CUST-0320,PROD-0044,GEO-0004,79.0,1,0.0,41.28,2,0,20220322,20220324
ORD-2022-10939,2022-03-23,2022-03-24,CUST-0170,PROD-0051,GEO-0003,18.0,1,0.0,8.95,1,0,20220323,20220324
ORD-2022-12004,2022-03-27,2022-03-29,CUST-0378,PROD-0048,GEO-0005,56.0,2,0.0,25.01,2,0,20220327,20220329
ORD-2022-14171,2022-03-31,2022-04-02,CUST-0781,PROD-0004,GEO-0006,1044.05,1,0.05,359.92,2,0,20220331,20220402
ORD-2022-13545,2022-04-09,2022-04-10,CUST-0651,PROD-0013,GEO-0007,69.0,1,0.0,42.33,1,0,20220409,20220410
ORD-2022-13447,2022-04-16,2022-04-21,CUST-0636,PROD-0029,GEO-0008,271.15,1,0.15,84.22,5,0,20220416,20220421
ORD-2022-10432,2022-05-01,2022-05-05,CUST-0087,PROD-0036,GEO-0009,196.0,4,0.0,100.87,4,0,20220501,20220505
ORD-2022-13852,2022-05-02,2022-05-04,CUST-0717,PROD-0059,GEO-0010,9.9,1,0.1,2.01,2,0,20220502,20220504
ORD-2022-13658,2022-05-05,2022-05-08,CUST-0678,PROD-0011,GEO-0002,328.95,3,0.15,178.92,3,1,20220505,20220508
ORD-2022-14319,2022-05-11,2022-05-13,CUST-0820,PROD-0032,GEO-0011,319.0,2,0.5,-14.97,2,0,20220511,20220513
ORD-2022-11175,2022-05-14,2022-05-16,CUST-0223,PROD-0009,GEO-0012,494.1,1,0.1,168.39,2,0,20220514,20220516
ORD-2022-11699,2022-05-15,2022-05-17,CUST-0320,PROD-0039,GEO-0004,128.0,4,0.0,59.29,2,0,20220515,20220517
ORD-2022-13928,2022-05-20,2022-05-22,CUST-0735,PROD-0049,GEO-0012,44.0,2,0.0,19.92,2,1,20220520,20220522
ORD-2022-14408,2022-05-25,2022-05-26,CUST-0839,PROD-0007,GEO-0013,949.05,1,0.05,365.48,1,1,20220525,20220526
ORD-2022-13796,2022-06-03,2022-06-06,CUST-0706,PROD-0049,GEO-0014,41.8,2,0.05,15.77,3,0,20220603,20220606
ORD-2022-11867,2022-06-19,2022-06-23,CUST-0351,PROD-0012,GEO-0011,50.15,1,0.15,26.16,4,0,20220619,20220623
ORD-2022-13620,2022-06-23,2022-06-24,CUST-0669,PROD-0046,GEO-0015,170.0,5,0.0,76.76,1,0,20220623,20220624
ORD-2022-13791,2022-06-26,2022-06-28,CUST-0705,PROD-0008,GEO-0016,1899.0,1,0.0,793.8,2,0,20220626,20220628
ORD-2022-13913,2022-06-27,2022-06-29,CUST-0734,PROD-0057,GEO-0017,85.5,2,0.05,42.12,2,1,20220627,20220629
ORD-2022-10310,2022-06-28,2022-06-30,CUST-0069,PROD-0005,GEO-0005,3800.0,4,0.0,1382.19,2,0,20220628,20220630
ORD-2022-10700,2022-06-28,2022-06-29,CUST-0136,PROD-0057,GEO-0018,38.25,1,0.15,14.59,1,0,20220628,20220629
ORD-2022-11868,2022-07-01,2022-07-07,CUST-0351,PROD-0018,GEO-0011,199.0,1,0.0,84.02,6,0,20220701,20220707
ORD-2022-10239,2022-07-04,2022-07-06,CUST-0055,PROD-0052,GEO-0014,48.45,3,0.15,13.02,2,0,20220704,20220706
ORD-2022-13842,2022-07-05,2022-07-07,CUST-0714,PROD-0060,GEO-0019,9.8,1,0.3,0.35,2,0,20220705,20220707
ORD-2022-13916,2022-07-06,2022-07-10,CUST-0734,PROD-0006,GEO-0017,3897.0,3,0.0,1629.99,4,0,20220706,20220710
ORD-2022-10311,2022-07-11,2022-07-15,CUST-0069,PROD-0054,GEO-0005,299.0,1,0.0,153.06,4,1,20220711,20220715
ORD-2022-13795,2022-07-14,2022-07-21,CUST-0706,PROD-0011,GEO-0014,245.1,2,0.05,148.14,7,0,20220714,20220721
ORD-2022-10264,2022-07-15,2022-07-17,CUST-0061,PROD-0056,GEO-0020,458.0,2,0.0,224.53,2,0,20220715,20220717
ORD-2022-12730,2022-07-20,2022-07-21,CUST-0498,PROD-0020,GEO-0019,628.2,2,0.1,296.52,1,0,20220720,20220721
ORD-2022-12997,2022-07-22,2022-07-25,CUST-0551,PROD-0052,GEO-0021,19.0,1,0.0,6.84,3,0,20220722,20220725
ORD-2022-12194,2022-07-24,2022-07-26,CUST-0406,PROD-0016,GEO-0002,1529.1,1,0.1,624.61,2,0,20220724,20220726
ORD-2022-12028,2022-08-06,2022-08-09,CUST-0382,PROD-0002,GEO-0020,1798.0,2,0.0,744.07,3,0,20220806,20220809
ORD-2022-11456,2022-08-08,2022-08-13,CUST-0276,PROD-0055,GEO-0022,194.6,2,0.3,54.33,5,0,20220808,20220813
ORD-2022-13547,2022-08-10,2022-08-12,CUST-0651,PROD-0001,GEO-0007,2277.15,3,0.05,915.54,2,0,20220810,20220812
ORD-2022-11233,2022-08-12,2022-08-17,CUST-0232,PROD-0015,GEO-0023,89.0,1,0.0,49.13,5,0,20220812,20220817
ORD-2022-12196,2022-08-13,2022-08-15,CUST-0406,PROD-0002,GEO-0002,1798.0,2,0.0,746.22,2,0,20220813,20220815
ORD-2022-10314,2022-08-14,2022-08-20,CUST-0069,PROD-0029,GEO-0005,223.3,1,0.3,40.08,6,1,20220814,20220820
ORD-2022-13705,2022-08-15,2022-08-19,CUST-0688,PROD-0040,GEO-0001,117.3,2,0.15,48.59,4,0,20220815,20220819
ORD-2022-14118,2022-08-15,2022-08-18,CUST-0768,PROD-0036,GEO-0024,29.4,1,0.4,3.95,3,0,20220815,20220818
ORD-2022-10738,2022-08-16,2022-08-17,CUST-0142,PROD-0050,GEO-0025,42.0,1,0.0,20.19,1,0,20220816,20220817
ORD-2022-13226,2022-08-16,2022-08-17,CUST-0596,PROD-0021,GEO-0015,1596.0,4,0.0,818.25,1,0,20220816,20220817
ORD-2022-13767,2022-08-18,2022-08-22,CUST-0700,PROD-0055,GEO-0008,278.0,2,0.0,138.0,4,0,20220818,20220822
ORD-2022-13355,2022-08-19,2022-08-23,CUST-0620,PROD-0020,GEO-0020,314.1,1,0.1,149.13,4,0,20220819,20220823
ORD-2022-11000,2022-08-22,2022-08-25,CUST-0187,PROD-0040,GEO-0026,82.8,2,0.4,17.42,3,0,20220822,20220825
ORD-2022-13768,2022-08-25,2022-08-27,CUST-0700,PROD-0041,GEO-0008,78.0,2,0.0,37.28,2,0,20220825,20220827
ORD-2022-13312,2022-08-26,2022-08-31,CUST-0611,PROD-0046,GEO-0007,136.0,4,0.0,56.5,5,0,20220826,20220831
ORD-2022-10933,2022-08-29,2022-08-30,CUST-0170,PROD-0031,GEO-0003,178.2,2,0.1,75.01,1,0,20220829,20220830
ORD-2022-11602,2022-08-30,2022-09-02,CUST-0308,PROD-0037,GEO-0019,598.5,3,0.05,316.96,3,0,20220830,20220902
ORD-2022-13425,2022-09-03,2022-09-06,CUST-0631,PROD-0011,GEO-0023,116.1,1,0.1,67.79,3,0,20220903,20220906
ORD-2022-14474,2022-09-04,2022-09-07,CUST-0850,PROD-0043,GEO-0016,56.05,1,0.05,28.88,3,0,20220904,20220907
ORD-2022-10830,2022-09-06,2022-09-09,CUST-0156,PROD-0008,GEO-0018,1804.05,1,0.05,698.26,3,0,20220906,20220909
ORD-2022-12304,2022-09-10,2022-09-13,CUST-0423,PROD-0023,GEO-0017,249.0,1,0.0,125.09,3,0,20220910,20220913
ORD-2022-12446,2022-09-11,2022-09-13,CUST-0453,PROD-0006,GEO-0011,2598.0,2,0.0,1089.53,2,0,20220911,20220913
ORD-2022-13927,2022-09-11,2022-09-12,CUST-0735,PROD-0043,GEO-0012,236.0,4,0.0,117.51,1,0,20220911,20220912
ORD-2022-14470,2022-09-13,2022-09-16,CUST-0850,PROD-0003,GEO-0016,379.05,1,0.05,155.87,3,1,20220913,20220916
ORD-2022-10926,2022-09-14,2022-09-19,CUST-0170,PROD-0054,GEO-0003,209.3,1,0.3,63.69,5,0,20220914,20220919
ORD-2022-12411,2022-09-14,2022-09-16,CUST-0441,PROD-0058,GEO-0027,40.6,2,0.3,8.33,2,0,20220914,20220916
ORD-2022-11959,2022-09-15,2022-09-19,CUST-0369,PROD-0016,GEO-0020,1699.0,1,0.0,792.94,4,0,20220915,20220919
ORD-2022-12736,2022-09-15,2022-09-17,CUST-0499,PROD-0017,GEO-0028,1398.0,2,0.0,626.51,2,0,20220915,20220917
ORD-2022-10401,2022-09-19,2022-09-20,CUST-0082,PROD-0010,GEO-0023,1449.0,1,0.0,594.5,1,0,20220919,20220920
ORD-2022-13283,2022-09-19,2022-09-21,CUST-0608,PROD-0019,GEO-0029,329.0,1,0.0,142.74,2,0,20220919,20220921
ORD-2022-13541,2022-09-21,2022-09-26,CUST-0651,PROD-0004,GEO-0007,1099.0,1,0.0,415.8,5,0,20220921,20220926
ORD-2022-13484,2022-09-22,2022-09-27,CUST-0642,PROD-0017,GEO-0012,1992.15,3,0.05,839.61,5,0,20220922,20220927
ORD-2022-11235,2022-09-23,2022-09-24,CUST-0232,PROD-0038,GEO-0023,75.6,1,0.6,-24.97,1,0,20220923,20220924
ORD-2022-10234,2022-09-25,2022-09-27,CUST-0054,PROD-0057,GEO-0001,45.0,1,0.0,21.56,2,0,20220925,20220927
ORD-2022-10823,2022-09-26,2022-09-27,CUST-0156,PROD-0018,GEO-0018,398.0,2,0.0,164.03,1,0,20220926,20220927
ORD-2022-13619,2022-09-26,2022-09-28,CUST-0669,PROD-0016,GEO-0015,1614.05,1,0.05,710.16,2,0,20220926,20220928
ORD-2022-13192,2022-09-29,2022-10-01,CUST-0591,PROD-0009,GEO-0008,1043.1,2,0.05,390.84,2,0,20220929,20221001
ORD-2022-14304,2022-09-29,2022-10-01,CUST-0816,PROD-0055,GEO-0001,118.15,1,0.15,48.3,2,0,20220929,20221001
ORD-2022-10290,2022-09-30,2022-10-01,CUST-0065,PROD-0005,GEO-0027,1900.0,2,0.0,692.57,1,0,20220930,20221001
ORD-2022-12195,2022-10-02,2022-10-03,CUST-0406,PROD-0027,GEO-0002,139.0,1,0.0,58.34,1,0,20221002,20221003
ORD-2022-10827,2022-10-04,2022-10-07,CUST-0156,PROD-0058,GEO-0018,26.1,1,0.1,7.48,3,0,20221004,20221007
ORD-2022-13288,2022-10-04,2022-10-08,CUST-0608,PROD-0058,GEO-0029,29.0,1,0.0,12.48,4,0,20221004,20221008
ORD-2022-11974,2022-10-05,2022-10-11,CUST-0372,PROD-0042,GEO-0011,46.55,1,0.05,24.62,6,0,20221005,20221011
ORD-2022-12758,2022-10-07,2022-10-10,CUST-0504,PROD-0054,GEO-0005,299.0,1,0.0,154.46,3,0,20221007,20221010
ORD-2022-13488,2022-10-07,2022-10-09,CUST-0642,PROD-0024,GEO-0012,269.1,1,0.1,122.73,2,0,20221007,20221009
ORD-2022-14169,2022-10-07,2022-10-09,CUST-0781,PROD-0027,GEO-0006,417.0,3,0.0,179.66,2,1,20221007,20221009
ORD-2022-12295,2022-10-10,2022-10-13,CUST-0421,PROD-0016,GEO-0023,4842.15,3,0.05,2131.88,3,0,20221010,20221013
ORD-2022-10439,2022-10-12,2022-10-16,CUST-0087,PROD-0008,GEO-0009,1899.0,1,0.0,794.18,4,0,20221012,20221016
ORD-2022-12378,2022-10-14,2022-10-20,CUST-0435,PROD-0011,GEO-0001,258.0,2,0.0,160.34,6,0,20221014,20221020
ORD-2022-13792,2022-10-18,2022-10-20,CUST-0706,PROD-0060,GEO-0014,14.0,1,0.0,2.56,2,0,20221018,20221020
ORD-2022-11279,2022-10-20,2022-10-22,CUST-0240,PROD-0031,GEO-0029,178.2,2,0.1,76.37,2,0,20221020,20221022
ORD-2022-14355,2022-10-21,2022-10-26,CUST-0827,PROD-0004,GEO-0021,5220.25,5,0.05,1800.39,5,0,20221021,20221026
ORD-2022-13979,2022-10-22,2022-10-24,CUST-0745,PROD-0029,GEO-0018,861.3,3,0.1,301.2,2,0,20221022,20221024
ORD-2022-10673,2022-10-24,2022-10-29,CUST-0129,PROD-0005,GEO-0018,902.5,1,0.05,296.33,5,0,20221024,20221029
ORD-2022-12219,2022-10-26,2022-10-30,CUST-0410,PROD-0039,GEO-0017,32.0,1,0.0,16.88,4,0,20221026,20221030
ORD-2022-10266,2022-10-27,2022-10-31,CUST-0061,PROD-0019,GEO-0020,658.0,2,0.0,285.39,4,0,20221027,20221031
ORD-2022-13661,2022-10-28,2022-10-30,CUST-0678,PROD-0036,GEO-0002,83.3,2,0.15,33.23,2,0,20221028,20221030
ORD-2022-10924,2022-10-29,2022-10-31,CUST-0170,PROD-0032,GEO-0003,909.15,3,0.05,408.21,2,0,20221029,20221031
ORD-2022-11088,2022-10-29,2022-10-30,CUST-0201,PROD-0024,GEO-0016,568.1,2,0.05,280.79,1,0,20221029,20221030
ORD-2022-10316,2022-10-31,2022-11-03,CUST-0069,PROD-0053,GEO-0005,11.4,1,0.05,0.78,3,0,20221031,20221103
ORD-2022-10431,2022-11-01,2022-11-04,CUST-0087,PROD-0019,GEO-0009,329.0,1,0.0,143.65,3,0,20221101,20221104
ORD-2022-12302,2022-11-03,2022-11-06,CUST-0423,PROD-0050,GEO-0017,42.0,1,0.0,22.51,3,0,20221103,20221106
ORD-2022-13977,2022-11-03,2022-11-05,CUST-0745,PROD-0042,GEO-0018,44.1,1,0.1,19.91,2,0,20221103,20221105
ORD-2022-12435,2022-11-04,2022-11-05,CUST-0448,PROD-0003,GEO-0013,798.0,2,0.0,345.19,1,0,20221104,20221105
ORD-2022-13740,2022-11-04,2022-11-05,CUST-0694,PROD-0017,GEO-0019,629.1,1,0.1,243.43,1,0,20221104,20221105
ORD-2022-14297,2022-11-04,2022-11-06,CUST-0816,PROD-0022,GEO-0001,438.0,2,0.0,237.71,2,0,20221104,20221106
ORD-2022-10666,2022-11-06,2022-11-08,CUST-0129,PROD-0018,GEO-0018,199.0,1,0.0,85.32,2,0,20221106,20221108
ORD-2022-11370,2022-11-06,2022-11-08,CUST-0258,PROD-0037,GEO-0024,840.0,5,0.2,370.72,2,0,20221106,20221108
ORD-2022-13544,2022-11-07,2022-11-08,CUST-0651,PROD-0053,GEO-0007,24.0,2,0.0,6.27,1,0,20221107,20221108
ORD-2022-13874,2022-11-07,2022-11-08,CUST-0724,PROD-0013,GEO-0029,62.1,1,0.1,36.72,1,0,20221107,20221108
ORD-2022-13766,2022-11-09,2022-11-10,CUST-0700,PROD-0033,GEO-0008,304.2,2,0.1,126.11,1,0,20221109,20221110
ORD-2022-13617,2022-11-11,2022-11-14,CUST-0669,PROD-0058,GEO-0015,26.1,1,0.1,10.16,3,0,20221111,20221114
ORD-2022-13959,2022-11-12,2022-11-17,CUST-0743,PROD-0038,GEO-0012,264.6,2,0.3,65.43,5,0,20221112,20221117
ORD-2022-11459,2022-11-13,2022-11-18,CUST-0276,PROD-0004,GEO-0022,1099.0,1,0.0,413.06,5,0,20221113,20221118
ORD-2022-11870,2022-11-14,2022-11-16,CUST-0351,PROD-0057,GEO-0011,108.0,3,0.2,36.78,2,0,20221114,20221116
ORD-2022-11975,2022-11-14,2022-11-16,CUST-0372,PROD-0028,GEO-0011,479.4,1,0.4,25.99,2,0,20221114,20221116
ORD-2022-11161,2022-11-15,2022-11-17,CUST-0217,PROD-0040,GEO-0030,117.3,2,0.15,53.02,2,0,20221115,20221117
ORD-2022-13229,2022-11-15,2022-11-20,CUST-0596,PROD-0049,GEO-0015,88.0,4,0.0,35.41,5,0,20221115,20221120
ORD-2022-10938,2022-11-18,2022-11-20,CUST-0170,PROD-0010,GEO-0003,2463.3,2,0.15,757.03,2,0,20221118,20221120
ORD-2022-11207,2022-11-18,2022-11-19,CUST-0228,PROD-0054,GEO-0005,598.0,2,0.0,307.7,1,0,20221118,20221119
ORD-2022-12811,2022-11-18,2022-11-21,CUST-0514,PROD-0003,GEO-0026,798.0,2,0.0,345.44,3,0,20221118,20221121
ORD-2022-11943,2022-11-20,2022-11-22,CUST-0365,PROD-0037,GEO-0006,420.0,2,0.0,233.79,2,1,20221120,20221122
ORD-2022-12616,2022-11-20,2022-11-26,CUST-0476,PROD-0022,GEO-0030,153.3,1,0.3,55.25,6,0,20221120,20221126
ORD-2022-12617,2022-11-20,2022-11-21,CUST-0476,PROD-0040,GEO-0030,207.0,3,0.0,110.04,1,1,20221120,20221121
ORD-2022-12908,2022-11-20,2022-11-24,CUST-0528,PROD-0041,GEO-0014,37.05,1,0.05,15.56,4,0,20221120,20221124
ORD-2022-12543,2022-11-21,2022-11-25,CUST-0463,PROD-0042,GEO-0020,88.2,2,0.1,44.47,4,0,20221121,20221125
ORD-2022-10400,2022-11-22,2022-11-28,CUST-0082,PROD-0044,GEO-0023,75.05,1,0.05,38.75,6,0,20221122,20221128
ORD-2022-12360,2022-11-22,2022-11-24,CUST-0431,PROD-0030,GEO-0013,206.1,1,0.1,89.69,2,0,20221122,20221124
ORD-2022-13907,2022-11-22,2022-11-26,CUST-0732,PROD-0034,GEO-0016,65.0,1,0.0,36.57,4,1,20221122,20221126
ORD-2022-11454,2022-11-23,2022-11-29,CUST-0276,PROD-0052,GEO-0022,26.6,2,0.3,2.77,6,0,20221123,20221129
ORD-2022-12987,2022-11-24,2022-11-26,CUST-0551,PROD-0023,GEO-0021,249.0,1,0.0,123.75,2,0,20221124,20221126
ORD-2022-14240,2022-11-24,2022-11-27,CUST-0801,PROD-0002,GEO-0007,6832.4,8,0.05,2637.2,3,0,20221124,20221127
ORD-2022-11489,2022-11-25,2022-11-27,CUST-0282,PROD-0038,GEO-0030,179.55,1,0.05,78.17,2,0,20221125,20221127
ORD-2022-12003,2022-11-25,2022-11-27,CUST-0378,PROD-0021,GEO-0005,1137.15,3,0.05,547.08,2,0,20221125,20221127
ORD-2022-12456,2022-11-25,2022-11-28,CUST-0453,PROD-0003,GEO-0011,897.75,3,0.25,217.22,3,0,20221125,20221128
ORD-2022-10226,2022-11-27,2022-12-02,CUST-0052,PROD-0046,GEO-0013,54.4,2,0.2,17.07,5,0,20221127,20221202
ORD-2022-10603,2022-11-27,2022-11-29,CUST-0118,PROD-0004,GEO-0009,3132.15,3,0.05,1082.26,2,0,20221127,20221129
ORD-2022-11359,2022-11-28,2022-11-30,CUST-0256,PROD-0031,GEO-0007,99.0,1,0.0,48.47,2,0,20221128,20221130
ORD-2022-13919,2022-11-28,2022-12-01,CUST-0735,PROD-0045,GEO-0012,77.0,1,0.3,28.63,3,0,20221128,20221201
ORD-2022-11367,2022-11-29,2022-12-02,CUST-0257,PROD-0033,GEO-0030,354.9,3,0.3,82.0,3,0,20221129,20221202
ORD-2022-11056,2022-11-30,2022-12-02,CUST-0195,PROD-0016,GEO-0010,1699.0,1,0.0,795.07,2,0,20221130,20221202
ORD-2022-11095,2022-11-30,2022-12-04,CUST-0202,PROD-0024,GEO-0025,598.0,2,0.0,306.74,4,0,20221130,20221204
ORD-2022-13543,2022-12-02,2022-12-04,CUST-0651,PROD-0038,GEO-0007,604.8,4,0.2,211.03,2,0,20221202,20221204
ORD-2022-11085,2022-12-05,2022-12-07,CUST-0201,PROD-0003,GEO-0016,718.2,2,0.1,268.9,2,0,20221205,20221207
ORD-2022-10517,2022-12-06,2022-12-07,CUST-0101,PROD-0021,GEO-0015,1895.25,5,0.05,930.22,1,0,20221206,20221207
ORD-2022-11687,2022-12-07,2022-12-09,CUST-0319,PROD-0029,GEO-0009,1595.0,5,0.0,661.64,2,0,20221207,20221209
ORD-2022-12727,2022-12-07,2022-12-09,CUST-0498,PROD-0001,GEO-0019,799.0,1,0.0,345.91,2,0,20221207,20221209
ORD-2022-13572,2022-12-07,2022-12-10,CUST-0659,PROD-0001,GEO-0022,1518.1,2,0.05,609.37,3,0,20221207,20221210
ORD-2022-13782,2022-12-07,2022-12-08,CUST-0703,PROD-0027,GEO-0002,125.1,1,0.1,43.46,1,0,20221207,20221208
ORD-2022-14277,2022-12-07,2022-12-08,CUST-0811,PROD-0015,GEO-0011,75.65,1,0.15,35.55,1,0,20221207,20221208
ORD-2022-11475,2022-12-09,2022-12-16,CUST-0279,PROD-0035,GEO-0015,225.0,3,0.0,122.97,7,0,20221209,20221216
ORD-2022-11960,2022-12-09,2022-12-11,CUST-0369,PROD-0049,GEO-0020,20.9,1,0.05,9.58,2,0,20221209,20221211
ORD-2022-12967,2022-12-09,2022-12-12,CUST-0545,PROD-0002,GEO-0007,1798.0,2,0.0,744.65,3,1,20221209,20221212
ORD-2022-10936,2022-12-11,2022-12-12,CUST-0170,PROD-0007,GEO-0003,2997.0,3,0.0,1240.62,1,0,20221211,20221212
ORD-2022-11290,2022-12-11,2022-12-18,CUST-0241,PROD-0054,GEO-0022,269.1,1,0.1,125.94,7,0,20221211,20221218
ORD-2022-12496,2022-12-11,2022-12-13,CUST-0457,PROD-0048,GEO-0004,56.0,2,0.0,21.32,2,0,20221211,20221213
ORD-2022-13640,2022-12-12,2022-12-13,CUST-0672,PROD-0054,GEO-0010,269.1,1,0.1,122.68,1,0,20221212,20221213
ORD-2022-10207,2022-12-13,2022-12-18,CUST-0048,PROD-0018,GEO-0008,567.15,3,0.05,220.14,5,0,20221213,20221218
ORD-2022-10932,2022-12-14,2022-12-15,CUST-0170,PROD-0025,GEO-0003,1557.6,3,0.2,406.56,1,0,20221214,20221215
ORD-2022-13378,2022-12-14,2022-12-17,CUST-0624,PROD-0021,GEO-0031,339.15,1,0.15,143.12,3,0,20221214,20221217
ORD-2022-13611,2022-12-14,2022-12-15,CUST-0666,PROD-0057,GEO-0030,45.0,1,0.0,23.89,1,0,20221214,20221215
ORD-2022-11517,2022-12-15,2022-12-19,CUST-0290,PROD-0046,GEO-0001,153.0,5,0.1,66.92,4,0,20221215,20221219
ORD-2022-10259,2022-12-17,2022-12-20,CUST-0060,PROD-0020,GEO-0012,331.55,1,0.05,167.67,3,0,20221217,20221220
ORD-2022-10669,2022-12-17,2022-12-21,CUST-0129,PROD-0027,GEO-0018,396.15,3,0.05,153.11,4,0,20221217,20221221
ORD-2022-10727,2022-12-18,2022-12-21,CUST-0140,PROD-0043,GEO-0006,59.0,1,0.0,31.44,3,0,20221218,20221221
ORD-2022-10197,2022-12-19,2022-12-24,CUST-0044,PROD-0048,GEO-0016,28.0,1,0.0,10.77,5,0,20221219,20221224
ORD-2022-12185,2022-12-19,2022-12-22,CUST-0405,PROD-0038,GEO-0027,132.3,1,0.3,31.13,3,0,20221219,20221222
ORD-2022-13700,2022-12-19,2022-12-21,CUST-0687,PROD-0013,GEO-0006,65.55,1,0.05,40.45,2,0,20221219,20221221
ORD-2022-13871,2022-12-19,2022-12-23,CUST-0724,PROD-0054,GEO-0029,897.0,3,0.0,456.21,4,0,20221219,20221223
ORD-2022-10192,2022-12-20,2022-12-23,CUST-0042,PROD-0016,GEO-0006,3228.1,2,0.05,1414.42,3,1,20221220,20221223
ORD-2022-14173,2022-12-21,2022-12-24,CUST-0781,PROD-0006,GEO-0006,12340.5,10,0.05,4771.42,3,0,20221221,20221224
ORD-2022-12096,2022-12-22,2022-12-27,CUST-0393,PROD-0040,GEO-0008,69.0,1,0.0,36.01,5,0,20221222,20221227
ORD-2022-13800,2022-12-23,2022-12-26,CUST-0708,PROD-0046,GEO-0009,23.8,1,0.3,5.18,3,0,20221223,20221226
ORD-2022-11605,2022-12-24,2022-12-27,CUST-0308,PROD-0049,GEO-0019,52.8,3,0.2,12.36,3,0,20221224,20221227
ORD-2022-12996,2022-12-24,2022-12-28,CUST-0551,PROD-0054,GEO-0021,299.0,1,0.0,153.92,4,0,20221224,20221228
ORD-2022-10065,2022-12-25,2022-12-27,CUST-0015,PROD-0007,GEO-0018,949.05,1,0.05,365.01,2,0,20221225,20221227
ORD-2022-11483,2022-12-25,2022-12-29,CUST-0281,PROD-0022,GEO-0001,1040.25,5,0.05,541.5,4,0,20221225,20221229
ORD-2022-13899,2022-12-25,2022-12-27,CUST-0732,PROD-0031,GEO-0016,94.05,1,0.05,44.47,2,1,20221225,20221227
ORD-2022-14141,2022-12-25,2022-12-27,CUST-0776,PROD-0037,GEO-0011,756.0,4,0.1,372.66,2,0,20221225,20221227
ORD-2022-10438,2022-12-26,2022-12-28,CUST-0087,PROD-0012,GEO-0009,56.05,1,0.05,34.34,2,0,20221226,20221228
ORD-2022-11470,2022-12-26,2022-12-29,CUST-0278,PROD-0026,GEO-0004,449.1,1,0.1,164.04,3,0,20221226,20221229
ORD-2022-11286,2022-12-27,2022-12-28,CUST-0240,PROD-0048,GEO-0029,25.2,1,0.1,11.13,1,0,20221227,20221228
ORD-2022-10930,2022-12-29,2023-01-02,CUST-0170,PROD-0012,GEO-0003,50.15,1,0.15,26.0,4,0,20221229,20230102
ORD-2023-11383,2023-01-01,2023-01-03,CUST-0260,PROD-0018,GEO-0031,378.1,2,0.05,150.56,2,0,20230101,20230103
ORD-2023-13701,2023-01-01,2023-01-08,CUST-0687,PROD-0046,GEO-0006,23.8,1,0.3,4.73,7,1,20230101,20230108
ORD-2023-10050,2023-01-02,2023-01-04,CUST-0009,PROD-0022,GEO-0032,624.15,3,0.05,321.94,2,0,20230102,20230104
ORD-2023-12361,2023-01-05,2023-01-06,CUST-0431,PROD-0044,GEO-0013,142.2,2,0.1,64.56,1,0,20230105,20230106
ORD-2023-13898,2023-01-05,2023-01-10,CUST-0732,PROD-0014,GEO-0016,141.55,1,0.05,82.34,5,0,20230105,20230110
ORD-2023-13806,2023-01-06,2023-01-10,CUST-0708,PROD-0055,GEO-0009,132.05,1,0.05,62.26,4,0,20230106,20230110
ORD-2023-11402,2023-01-08,2023-01-12,CUST-0265,PROD-0048,GEO-0028,79.8,3,0.05,36.6,4,0,20230108,20230112
ORD-2023-13920,2023-01-09,2023-01-12,CUST-0735,PROD-0015,GEO-0012,160.2,2,0.1,82.76,3,0,20230109,20230112
ORD-2023-11419,2023-01-11,2023-01-12,CUST-0269,PROD-0030,GEO-0029,618.3,3,0.1,277.24,1,0,20230111,20230112
ORD-2023-13523,2023-01-13,2023-01-15,CUST-0647,PROD-0017,GEO-0021,1258.2,2,0.1,487.38,2,0,20230113,20230115
ORD-2023-13255,2023-01-14,2023-01-18,CUST-0598,PROD-0035,GEO-0027,63.75,1,0.15,29.78,4,0,20230114,20230118
ORD-2023-12350,2023-01-16,2023-01-18,CUST-0429,PROD-0043,GEO-0019,118.0,2,0.0,62.11,2,0,20230116,20230118
ORD-2023-10413,2023-01-18,2023-01-20,CUST-0084,PROD-0013,GEO-0003,69.0,1,0.0,43.92,2,0,20230118,20230120
ORD-2023-10783,2023-01-19,2023-01-22,CUST-0149,PROD-0056,GEO-0030,1030.5,5,0.1,460.19,3,0,20230119,20230122
ORD-2023-10402,2023-01-25,2023-01-27,CUST-0082,PROD-0039,GEO-0023,57.6,2,0.1,21.58,2,0,20230125,20230127
ORD-2023-12731,2023-01-25,2023-01-26,CUST-0498,PROD-0014,GEO-0019,111.75,1,0.25,53.21,1,0,20230125,20230126
ORD-2023-12470,2023-01-26,2023-01-28,CUST-0454,PROD-0043,GEO-0021,168.15,3,0.05,75.91,2,0,20230126,20230128
ORD-2023-12990,2023-01-28,2023-02-02,CUST-0551,PROD-0012,GEO-0021,212.4,4,0.1,116.55,5,0,20230128,20230202
ORD-2023-12025,2023-01-30,2023-02-06,CUST-0382,PROD-0026,GEO-0020,499.0,1,0.0,212.53,7,0,20230130,20230206
ORD-2023-11380,2023-02-03,2023-02-05,CUST-0260,PROD-0020,GEO-0031,349.0,1,0.0,185.67,2,0,20230203,20230205
ORD-2023-10225,2023-02-05,2023-02-09,CUST-0052,PROD-0041,GEO-0013,54.6,2,0.3,18.47,4,0,20230205,20230209
ORD-2023-12206,2023-02-05,2023-02-12,CUST-0408,PROD-0053,GEO-0022,12.0,1,0.0,4.14,7,0,20230205,20230212
ORD-2023-14381,2023-02-07,2023-02-09,CUST-0834,PROD-0050,GEO-0005,84.0,2,0.0,42.43,2,0,20230207,20230209
ORD-2023-14202,2023-02-09,2023-02-11,CUST-0789,PROD-0055,GEO-0014,264.1,2,0.05,126.88,2,0,20230209,20230211
ORD-2023-13398,2023-02-10,2023-02-13,CUST-0626,PROD-0028,GEO-0018,1438.2,2,0.1,528.63,3,0,20230210,20230213
ORD-2023-11378,2023-02-12,2023-02-15,CUST-0260,PROD-0039,GEO-0031,76.8,3,0.2,26.21,3,0,20230212,20230215
ORD-2023-12143,2023-02-12,2023-02-17,CUST-0399,PROD-0046,GEO-0005,102.0,3,0.0,39.91,5,0,20230212,20230217
ORD-2023-12650,2023-02-12,2023-02-14,CUST-0484,PROD-0028,GEO-0015,679.15,1,0.15,222.97,2,0,20230212,20230214
ORD-2023-10895,2023-02-14,2023-02-17,CUST-0165,PROD-0013,GEO-0002,138.0,2,0.0,84.19,3,0,20230214,20230217
ORD-2023-12218,2023-02-14,2023-02-17,CUST-0410,PROD-0047,GEO-0017,22.8,1,0.05,9.14,3,0,20230214,20230217
ORD-2023-10954,2023-02-17,2023-02-22,CUST-0175,PROD-0008,GEO-0016,3798.0,2,0.0,1590.65,5,0,20230217,20230222
ORD-2023-11006,2023-02-21,2023-02-28,CUST-0188,PROD-0031,GEO-0023,198.0,2,0.0,101.7,7,0,20230221,20230228
ORD-2023-14074,2023-02-22,2023-02-27,CUST-0761,PROD-0003,GEO-0018,798.0,2,0.0,347.13,5,0,20230222,20230227
ORD-2023-10505,2023-02-26,2023-03-01,CUST-0097,PROD-0049,GEO-0002,20.9,1,0.05,6.87,3,0,20230226,20230301
ORD-2023-11281,2023-02-27,2023-02-28,CUST-0240,PROD-0008,GEO-0029,7216.2,4,0.05,2795.0,1,0,20230227,20230228
ORD-2023-11956,2023-02-27,2023-03-02,CUST-0369,PROD-0019,GEO-0020,838.95,3,0.15,288.24,3,0,20230227,20230302
ORD-2023-12370,2023-02-27,2023-02-28,CUST-0433,PROD-0045,GEO-0003,132.0,2,0.4,32.8,1,0,20230227,20230228
ORD-2023-12737,2023-02-28,2023-03-03,CUST-0499,PROD-0032,GEO-0028,319.0,1,0.0,152.22,3,0,20230228,20230303
ORD-2023-10739,2023-03-03,2023-03-08,CUST-0142,PROD-0058,GEO-0025,29.0,1,0.0,12.25,5,0,20230303,20230308
ORD-2023-13053,2023-03-04,2023-03-07,CUST-0565,PROD-0022,GEO-0007,153.3,1,0.3,54.07,3,0,20230304,20230307
ORD-2023-11992,2023-03-08,2023-03-10,CUST-0377,PROD-0053,GEO-0029,24.0,2,0.0,2.41,2,0,20230308,20230310
ORD-2023-13405,2023-03-09,2023-03-13,CUST-0626,PROD-0048,GEO-0018,28.0,1,0.0,13.44,4,0,20230309,20230313
ORD-2023-13875,2023-03-14,2023-03-16,CUST-0725,PROD-0008,GEO-0014,5697.0,3,0.0,2382.95,2,0,20230314,20230316
ORD-2023-11946,2023-03-15,2023-03-18,CUST-0365,PROD-0027,GEO-0006,194.6,2,0.3,38.56,3,0,20230315,20230318
ORD-2023-13195,2023-03-17,2023-03-20,CUST-0591,PROD-0011,GEO-0008,387.0,3,0.0,240.35,3,0,20230317,20230320
ORD-2023-10662,2023-03-19,2023-03-21,CUST-0129,PROD-0051,GEO-0018,18.0,1,0.0,8.14,2,0,20230319,20230321
ORD-2023-13481,2023-03-19,2023-03-20,CUST-0641,PROD-0005,GEO-0011,2850.0,3,0.0,1040.0,1,1,20230319,20230320
ORD-2023-10903,2023-03-20,2023-03-23,CUST-0166,PROD-0031,GEO-0020,138.6,2,0.3,36.36,3,0,20230320,20230323
ORD-2023-12658,2023-03-20,2023-03-24,CUST-0485,PROD-0019,GEO-0001,329.0,1,0.0,143.31,4,0,20230320,20230324
ORD-2023-12968,2023-03-20,2023-03-22,CUST-0545,PROD-0032,GEO-0007,765.6,3,0.2,271.58,2,1,20230320,20230322
ORD-2023-10782,2023-03-22,2023-03-27,CUST-0149,PROD-0051,GEO-0030,36.0,2,0.0,13.53,5,0,20230322,20230327
ORD-2023-11484,2023-03-22,2023-03-28,CUST-0281,PROD-0043,GEO-0001,59.0,1,0.0,31.7,6,0,20230322,20230328
ORD-2023-13406,2023-03-22,2023-03-27,CUST-0626,PROD-0021,GEO-0018,399.0,1,0.0,204.59,5,0,20230322,20230327
ORD-2023-12216,2023-03-23,2023-03-24,CUST-0410,PROD-0008,GEO-0017,1804.05,1,0.05,698.33,1,0,20230323,20230324
ORD-2023-13575,2023-03-23,2023-03-30,CUST-0659,PROD-0050,GEO-0022,84.0,2,0.0,45.74,7,0,20230323,20230330
ORD-2023-11106,2023-03-24,2023-03-25,CUST-0204,PROD-0034,GEO-0028,104.0,2,0.2,45.65,1,0,20230324,20230325
ORD-2023-14116,2023-03-24,2023-03-27,CUST-0768,PROD-0026,GEO-0024,898.2,3,0.4,43.43,3,0,20230324,20230327
ORD-2023-12688,2023-03-28,2023-03-29,CUST-0491,PROD-0060,GEO-0013,56.0,4,0.0,14.82,1,0,20230328,20230329
ORD-2023-11051,2023-03-29,2023-03-31,CUST-0194,PROD-0018,GEO-0005,199.0,1,0.0,84.43,2,0,20230329,20230331
ORD-2023-12994,2023-03-29,2023-04-02,CUST-0551,PROD-0015,GEO-0021,89.0,1,0.0,48.35,4,0,20230329,20230402
ORD-2023-13055,2023-03-29,2023-04-01,CUST-0565,PROD-0026,GEO-0007,299.4,1,0.4,13.29,3,0,20230329,20230401
ORD-2023-14439,2023-03-30,2023-04-04,CUST-0846,PROD-0019,GEO-0031,1052.8,4,0.2,310.28,5,0,20230330,20230404
ORD-2023-10561,2023-03-31,2023-04-02,CUST-0109,PROD-0032,GEO-0029,287.1,1,0.1,121.63,2,0,20230331,20230402
ORD-2023-10825,2023-03-31,2023-04-01,CUST-0156,PROD-0058,GEO-0018,78.3,3,0.1,31.18,1,0,20230331,20230401
ORD-2023-10293,2023-04-01,2023-04-03,CUST-0065,PROD-0025,GEO-0027,649.0,1,0.0,265.29,2,1,20230401,20230403
ORD-2023-11718,2023-04-02,2023-04-03,CUST-0324,PROD-0059,GEO-0017,9.35,1,0.15,2.16,1,0,20230402,20230403
ORD-2023-13987,2023-04-03,2023-04-05,CUST-0748,PROD-0054,GEO-0010,299.0,1,0.0,154.58,2,0,20230403,20230405
ORD-2023-10663,2023-04-04,2023-04-07,CUST-0129,PROD-0046,GEO-0018,32.3,1,0.05,12.12,3,0,20230404,20230407
ORD-2023-13246,2023-04-08,2023-04-09,CUST-0598,PROD-0027,GEO-0027,111.2,1,0.2,32.76,1,0,20230408,20230409
ORD-2023-12097,2023-04-09,2023-04-14,CUST-0393,PROD-0024,GEO-0008,478.4,2,0.2,187.59,5,0,20230409,20230414
ORD-2023-12189,2023-04-09,2023-04-12,CUST-0406,PROD-0036,GEO-0002,245.0,5,0.0,122.29,3,0,20230409,20230412
ORD-2023-13542,2023-04-10,2023-04-12,CUST-0651,PROD-0037,GEO-0007,630.0,3,0.0,349.4,2,1,20230410,20230412
ORD-2023-10179,2023-04-12,2023-04-15,CUST-0036,PROD-0051,GEO-0010,17.1,1,0.05,5.74,3,0,20230412,20230415
ORD-2023-14389,2023-04-12,2023-04-13,CUST-0836,PROD-0026,GEO-0012,898.2,2,0.1,328.73,1,0,20230412,20230413
ORD-2023-10931,2023-04-15,2023-04-18,CUST-0170,PROD-0059,GEO-0003,31.35,3,0.05,10.01,3,0,20230415,20230418
ORD-2023-13138,2023-04-16,2023-04-18,CUST-0582,PROD-0059,GEO-0009,8.8,1,0.2,-0.28,2,0,20230416,20230418
ORD-2023-13876,2023-04-16,2023-04-17,CUST-0725,PROD-0026,GEO-0014,299.4,1,0.4,13.69,1,0,20230416,20230417
ORD-2023-12346,2023-04-17,2023-04-19,CUST-0427,PROD-0026,GEO-0005,948.1,2,0.05,380.2,2,0,20230417,20230419
ORD-2023-10595,2023-04-19,2023-04-21,CUST-0116,PROD-0024,GEO-0015,1270.75,5,0.15,541.52,2,0,20230419,20230421
ORD-2023-11719,2023-04-19,2023-04-21,CUST-0324,PROD-0018,GEO-0017,358.2,2,0.1,127.09,2,0,20230419,20230421
ORD-2023-11916,2023-04-19,2023-04-22,CUST-0360,PROD-0051,GEO-0013,18.0,1,0.0,6.51,3,0,20230419,20230422
ORD-2023-10087,2023-04-20,2023-04-26,CUST-0018,PROD-0002,GEO-0001,899.0,1,0.0,374.92,6,1,20230420,20230426
ORD-2023-11368,2023-04-21,2023-04-24,CUST-0257,PROD-0012,GEO-0030,141.6,3,0.2,70.85,3,0,20230421,20230424
ORD-2023-10088,2023-04-22,2023-04-24,CUST-0019,PROD-0022,GEO-0015,197.1,1,0.1,97.11,2,0,20230422,20230424
ORD-2023-12521,2023-04-22,2023-04-27,CUST-0461,PROD-0034,GEO-0023,195.0,3,0.0,103.32,5,0,20230422,20230427
ORD-2023-12652,2023-04-22,2023-04-26,CUST-0484,PROD-0023,GEO-0015,224.1,1,0.1,100.24,4,0,20230422,20230426
ORD-2023-11298,2023-04-26,2023-04-30,CUST-0243,PROD-0053,GEO-0011,10.8,1,0.1,0.69,4,0,20230426,20230430
ORD-2023-10036,2023-04-28,2023-04-30,CUST-0007,PROD-0033,GEO-0032,338.0,2,0.0,160.5,2,0,20230428,20230430
ORD-2023-13851,2023-04-28,2023-04-29,CUST-0717,PROD-0046,GEO-0010,102.0,3,0.0,49.71,1,0,20230428,20230429
ORD-2023-10826,2023-05-02,2023-05-05,CUST-0156,PROD-0004,GEO-0018,989.1,1,0.1,304.99,3,0,20230502,20230505
ORD-2023-14276,2023-05-02,2023-05-04,CUST-0811,PROD-0006,GEO-0011,2598.0,2,0.0,1084.71,2,0,20230502,20230504
ORD-2023-12746,2023-05-03,2023-05-10,CUST-0499,PROD-0015,GEO-0028,84.55,1,0.05,42.71,7,1,20230503,20230510
ORD-2023-14443,2023-05-03,2023-05-09,CUST-0846,PROD-0023,GEO-0031,224.1,1,0.1,99.53,6,0,20230503,20230509
ORD-2023-13972,2023-05-04,2023-05-05,CUST-0745,PROD-0016,GEO-0018,1699.0,1,0.0,795.55,1,0,20230504,20230505
ORD-2023-10319,2023-05-05,2023-05-09,CUST-0069,PROD-0011,GEO-0005,490.2,4,0.05,284.13,4,0,20230505,20230509
ORD-2023-10618,2023-05-05,2023-05-10,CUST-0122,PROD-0036,GEO-0004,176.4,4,0.1,70.08,5,0,20230505,20230510
ORD-2023-11906,2023-05-06,2023-05-08,CUST-0360,PROD-0017,GEO-0013,2376.6,4,0.15,831.35,2,0,20230506,20230508
ORD-2023-10592,2023-05-07,2023-05-14,CUST-0116,PROD-0015,GEO-0015,71.2,1,0.2,31.77,7,0,20230507,20230514
ORD-2023-12615,2023-05-08,2023-05-09,CUST-0476,PROD-0046,GEO-0030,32.3,1,0.05,12.02,1,0,20230508,20230509
ORD-2023-10777,2023-05-09,2023-05-12,CUST-0148,PROD-0033,GEO-0019,507.0,3,0.0,232.17,3,0,20230509,20230512
ORD-2023-10011,2023-05-10,2023-05-12,CUST-0003,PROD-0016,GEO-0031,6456.2,4,0.05,2834.26,2,0,20230510,20230512
ORD-2023-11236,2023-05-11,2023-05-16,CUST-0232,PROD-0040,GEO-0023,48.3,1,0.3,14.14,5,0,20230511,20230516
ORD-2023-14135,2023-05-11,2023-05-13,CUST-0774,PROD-0015,GEO-0015,89.0,1,0.0,47.1,2,0,20230511,20230513
ORD-2023-12630,2023-05-13,2023-05-14,CUST-0480,PROD-0007,GEO-0006,2997.0,3,0.0,1246.92,1,0,20230513,20230514
ORD-2023-10361,2023-05-16,2023-05-20,CUST-0076,PROD-0028,GEO-0029,3355.8,6,0.3,620.11,4,0,20230516,20230520
ORD-2023-13289,2023-05-17,2023-05-20,CUST-0608,PROD-0017,GEO-0029,629.1,1,0.1,242.96,3,0,20230517,20230520
ORD-2023-14077,2023-05-17,2023-05-20,CUST-0761,PROD-0044,GEO-0018,75.05,1,0.05,39.78,3,1,20230517,20230520
ORD-2023-13064,2023-05-18,2023-05-22,CUST-0566,PROD-0022,GEO-0022,416.1,2,0.05,212.57,4,0,20230518,20230522
ORD-2023-10593,2023-05-19,2023-05-24,CUST-0116,PROD-0006,GEO-0015,4936.2,4,0.05,1921.35,5,0,20230519,20230524
ORD-2023-11910,2023-05-20,2023-05-21,CUST-0360,PROD-0034,GEO-0013,61.75,1,0.05,33.6,1,0,20230520,20230521
ORD-2023-12887,2023-05-20,2023-05-21,CUST-0523,PROD-0044,GEO-0007,67.15,1,0.15,29.02,1,0,20230520,20230521
ORD-2023-12455,2023-05-21,2023-05-23,CUST-0453,PROD-0055,GEO-0011,139.0,1,0.0,68.87,2,0,20230521,20230523
ORD-2023-13961,2023-05-22,2023-05-27,CUST-0743,PROD-0051,GEO-0012,54.0,3,0.0,18.82,5,0,20230522,20230527
ORD-2023-11382,2023-05-23,2023-05-24,CUST-0260,PROD-0037,GEO-0031,168.0,1,0.2,71.23,1,0,20230523,20230524
ORD-2023-11683,2023-05-24,2023-05-26,CUST-0319,PROD-0039,GEO-0009,25.6,1,0.2,7.2,2,0,20230524,20230526
ORD-2023-12553,2023-05-26,2023-05-27,CUST-0466,PROD-0053,GEO-0019,24.0,2,0.0,2.31,1,0,20230526,20230527
ORD-2023-13577,2023-05-27,2023-05-30,CUST-0660,PROD-0021,GEO-0005,399.0,1,0.0,202.97,3,0,20230527,20230530
ORD-2023-11925,2023-05-28,2023-05-30,CUST-0361,PROD-0020,GEO-0010,663.1,2,0.05,333.82,2,0,20230528,20230530
ORD-2023-12303,2023-05-28,2023-05-29,CUST-0423,PROD-0042,GEO-0017,83.3,2,0.15,41.01,1,0,20230528,20230529
ORD-2023-13888,2023-05-28,2023-05-29,CUST-0728,PROD-0034,GEO-0020,104.0,2,0.2,43.0,1,0,20230528,20230529
ORD-2023-10590,2023-05-29,2023-05-30,CUST-0116,PROD-0035,GEO-0015,71.25,1,0.05,34.9,1,0,20230529,20230530
ORD-2023-10833,2023-05-29,2023-05-31,CUST-0156,PROD-0019,GEO-0018,329.0,1,0.0,144.74,2,0,20230529,20230531
ORD-2023-10018,2023-05-30,2023-06-02,CUST-0004,PROD-0009,GEO-0021,1482.3,3,0.1,503.11,3,0,20230530,20230602
ORD-2023-10254,2023-05-30,2023-06-01,CUST-0059,PROD-0011,GEO-0003,258.0,2,0.0,157.72,2,0,20230530,20230601
ORD-2023-13200,2023-05-30,2023-06-02,CUST-0592,PROD-0024,GEO-0004,598.0,2,0.0,308.66,3,0,20230530,20230602
ORD-2023-13574,2023-05-30,2023-06-06,CUST-0659,PROD-0009,GEO-0022,2964.6,6,0.1,1016.46,7,0,20230530,20230606
ORD-2023-10145,2023-05-31,2023-06-03,CUST-0033,PROD-0041,GEO-0026,35.1,1,0.1,15.56,3,0,20230531,20230603
ORD-2023-13227,2023-05-31,2023-06-03,CUST-0596,PROD-0060,GEO-0015,42.0,3,0.0,16.5,3,0,20230531,20230603
ORD-2023-11377,2023-06-02,2023-06-04,CUST-0260,PROD-0047,GEO-0031,61.2,3,0.15,18.62,2,0,20230602,20230604
ORD-2023-12888,2023-06-02,2023-06-03,CUST-0523,PROD-0027,GEO-0007,139.0,1,0.0,59.81,1,0,20230602,20230603
ORD-2023-11024,2023-06-04,2023-06-05,CUST-0191,PROD-0056,GEO-0001,916.0,4,0.0,462.56,1,0,20230604,20230605
ORD-2023-12992,2023-06-04,2023-06-07,CUST-0551,PROD-0004,GEO-0021,3297.0,3,0.0,1247.02,3,0,20230604,20230607
ORD-2023-10528,2023-06-06,2023-06-08,CUST-0104,PROD-0004,GEO-0010,1099.0,1,0.0,414.65,2,0,20230606,20230608
ORD-2023-10850,2023-06-07,2023-06-09,CUST-0160,PROD-0022,GEO-0031,219.0,1,0.0,120.4,2,0,20230607,20230609
ORD-2023-12344,2023-06-08,2023-06-10,CUST-0427,PROD-0017,GEO-0005,699.0,1,0.0,312.76,2,0,20230608,20230610
ORD-2023-13477,2023-06-08,2023-06-11,CUST-0641,PROD-0009,GEO-0011,439.2,1,0.2,112.58,3,0,20230608,20230611
ORD-2023-10042,2023-06-09,2023-06-12,CUST-0009,PROD-0003,GEO-0032,1596.0,4,0.0,691.96,3,0,20230609,20230612
ORD-2023-11363,2023-06-09,2023-06-10,CUST-0257,PROD-0054,GEO-0030,568.1,2,0.05,277.11,1,0,20230609,20230610
ORD-2023-11851,2023-06-09,2023-06-11,CUST-0347,PROD-0049,GEO-0001,39.6,3,0.4,-2.66,2,0,20230609,20230611
ORD-2023-12773,2023-06-09,2023-06-11,CUST-0508,PROD-0027,GEO-0005,264.1,2,0.05,102.73,2,0,20230609,20230611
ORD-2023-10559,2023-06-11,2023-06-14,CUST-0108,PROD-0052,GEO-0007,38.0,2,0.0,11.99,3,0,20230611,20230614
ORD-2023-11878,2023-06-12,2023-06-15,CUST-0353,PROD-0043,GEO-0020,177.0,3,0.0,84.48,3,0,20230612,20230615
ORD-2023-13247,2023-06-13,2023-06-15,CUST-0598,PROD-0020,GEO-0027,314.1,1,0.1,147.19,2,0,20230613,20230615
ORD-2023-14034,2023-06-13,2023-06-15,CUST-0756,PROD-0031,GEO-0015,198.0,2,0.0,99.73,2,0,20230613,20230615
ORD-2023-11686,2023-06-14,2023-06-19,CUST-0319,PROD-0035,GEO-0009,127.5,2,0.15,54.99,5,0,20230614,20230619
ORD-2023-11601,2023-06-15,2023-06-17,CUST-0307,PROD-0047,GEO-0013,24.0,1,0.0,8.93,2,0,20230615,20230617
ORD-2023-10725,2023-06-16,2023-06-19,CUST-0140,PROD-0025,GEO-0006,551.65,1,0.15,166.42,3,0,20230616,20230619
ORD-2023-11362,2023-06-16,2023-06-19,CUST-0257,PROD-0048,GEO-0030,67.2,3,0.2,21.75,3,0,20230616,20230619
ORD-2023-12676,2023-06-16,2023-06-18,CUST-0489,PROD-0033,GEO-0024,169.0,1,0.0,78.02,2,0,20230616,20230618
ORD-2023-14428,2023-06-17,2023-06-18,CUST-0844,PROD-0043,GEO-0010,50.15,1,0.15,20.77,1,0,20230617,20230618
ORD-2023-11462,2023-06-18,2023-06-22,CUST-0276,PROD-0018,GEO-0022,189.05,1,0.05,74.33,4,0,20230618,20230622
ORD-2023-12655,2023-06-18,2023-06-20,CUST-0485,PROD-0053,GEO-0001,12.0,1,0.0,2.37,2,0,20230618,20230620
ORD-2023-13836,2023-06-18,2023-06-21,CUST-0712,PROD-0037,GEO-0030,630.0,3,0.0,348.37,3,0,20230618,20230621
ORD-2023-13926,2023-06-19,2023-06-22,CUST-0735,PROD-0028,GEO-0012,3355.8,6,0.3,636.09,3,1,20230619,20230622
ORD-2023-10615,2023-06-20,2023-06-22,CUST-0122,PROD-0030,GEO-0004,194.65,1,0.15,77.84,2,0,20230620,20230622
ORD-2023-14477,2023-06-21,2023-06-23,CUST-0850,PROD-0005,GEO-0016,4275.0,6,0.25,642.29,2,0,20230621,20230623
ORD-2023-12005,2023-06-22,2023-06-23,CUST-0379,PROD-0026,GEO-0003,349.3,1,0.3,64.82,1,1,20230622,20230623
ORD-2023-11725,2023-06-23,2023-06-24,CUST-0325,PROD-0012,GEO-0008,56.05,1,0.05,33.42,1,0,20230623,20230624
ORD-2023-12910,2023-06-23,2023-06-25,CUST-0528,PROD-0023,GEO-0014,236.55,1,0.05,112.0,2,1,20230623,20230625
ORD-2023-12460,2023-06-24,2023-06-27,CUST-0454,PROD-0024,GEO-0021,299.0,1,0.0,155.75,3,0,20230624,20230627
ORD-2023-11924,2023-06-25,2023-06-27,CUST-0361,PROD-0021,GEO-0010,1137.15,3,0.05,548.13,2,0,20230625,20230627
ORD-2023-13877,2023-06-25,2023-06-30,CUST-0726,PROD-0011,GEO-0009,928.8,8,0.1,532.54,5,0,20230625,20230630
ORD-2023-14314,2023-06-25,2023-06-29,CUST-0819,PROD-0034,GEO-0032,130.0,2,0.0,71.69,4,1,20230625,20230629
ORD-2023-13014,2023-06-27,2023-06-30,CUST-0555,PROD-0046,GEO-0022,32.3,1,0.05,11.77,3,0,20230627,20230630
ORD-2023-11371,2023-06-29,2023-07-01,CUST-0258,PROD-0042,GEO-0024,34.3,1,0.3,10.14,2,0,20230629,20230701
ORD-2023-14033,2023-06-29,2023-07-03,CUST-0756,PROD-0030,GEO-0015,114.5,1,0.5,-1.34,4,1,20230629,20230703
ORD-2023-12217,2023-06-30,2023-07-01,CUST-0410,PROD-0013,GEO-0017,138.0,2,0.0,85.15,1,0,20230630,20230701
ORD-2023-12282,2023-06-30,2023-07-03,CUST-0420,PROD-0016,GEO-0017,1699.0,1,0.0,795.54,3,0,20230630,20230703
ORD-2023-12397,2023-06-30,2023-07-02,CUST-0437,PROD-0052,GEO-0032,57.0,3,0.0,18.63,2,0,20230630,20230702
ORD-2023-12512,2023-06-30,2023-07-02,CUST-0460,PROD-0020,GEO-0032,1047.0,3,0.0,548.47,2,1,20230630,20230702
ORD-2023-12538,2023-07-01,2023-07-04,CUST-0463,PROD-0011,GEO-0020,129.0,1,0.0,79.49,3,0,20230701,20230704
ORD-2023-14186,2023-07-02,2023-07-07,CUST-0787,PROD-0031,GEO-0012,89.1,1,0.1,40.24,5,1,20230702,20230707
ORD-2023-10294,2023-07-03,2023-07-04,CUST-0065,PROD-0046,GEO-0027,30.6,1,0.1,11.32,1,0,20230703,20230704
ORD-2023-11753,2023-07-03,2023-07-06,CUST-0330,PROD-0035,GEO-0018,71.25,1,0.05,37.39,3,0,20230703,20230706
ORD-2023-11880,2023-07-04,2023-07-07,CUST-0353,PROD-0059,GEO-0020,11.0,1,0.0,0.4,3,0,20230704,20230707
ORD-2023-14383,2023-07-04,2023-07-08,CUST-0834,PROD-0053,GEO-0005,96.0,8,0.0,33.84,4,0,20230704,20230708
ORD-2023-10491,2023-07-05,2023-07-07,CUST-0096,PROD-0030,GEO-0024,194.65,1,0.15,79.73,2,0,20230705,20230707
ORD-2023-10520,2023-07-05,2023-07-07,CUST-0101,PROD-0039,GEO-0015,25.6,1,0.2,7.2,2,0,20230705,20230707
ORD-2023-11449,2023-07-06,2023-07-10,CUST-0276,PROD-0060,GEO-0022,14.0,1,0.0,4.54,4,0,20230706,20230710
ORD-2023-11917,2023-07-06,2023-07-10,CUST-0360,PROD-0007,GEO-0013,1998.0,2,0.0,824.02,4,0,20230706,20230710
ORD-2023-10216,2023-07-07,2023-07-13,CUST-0048,PROD-0043,GEO-0008,53.1,1,0.1,22.51,6,1,20230707,20230713
ORD-2023-11373,2023-07-08,2023-07-10,CUST-0259,PROD-0016,GEO-0009,8070.25,5,0.05,3550.03,2,0,20230708,20230710
ORD-2023-14476,2023-07-09,2023-07-12,CUST-0850,PROD-0010,GEO-0016,5796.0,4,0.0,2369.73,3,0,20230709,20230712
ORD-2023-12488,2023-07-12,2023-07-14,CUST-0457,PROD-0028,GEO-0004,2876.4,4,0.1,1057.57,2,0,20230712,20230714
ORD-2023-13129,2023-07-13,2023-07-16,CUST-0580,PROD-0026,GEO-0004,449.1,1,0.1,165.5,3,1,20230713,20230716
ORD-2023-12466,2023-07-14,2023-07-19,CUST-0454,PROD-0057,GEO-0021,121.5,3,0.1,52.18,5,0,20230714,20230719
ORD-2023-12645,2023-07-14,2023-07-16,CUST-0483,PROD-0032,GEO-0027,319.0,1,0.0,153.45,2,1,20230714,20230716
ORD-2023-11237,2023-07-15,2023-07-18,CUST-0232,PROD-0035,GEO-0023,67.5,1,0.1,31.59,3,0,20230715,20230718
ORD-2023-12090,2023-07-15,2023-07-18,CUST-0391,PROD-0034,GEO-0015,123.5,2,0.05,60.48,3,0,20230715,20230718
ORD-2023-12199,2023-07-15,2023-07-18,CUST-0407,PROD-0022,GEO-0032,186.15,1,0.15,85.75,3,0,20230715,20230718
ORD-2023-10596,2023-07-16,2023-07-18,CUST-0116,PROD-0047,GEO-0015,50.4,3,0.3,4.62,2,1,20230716,20230718
ORD-2023-11361,2023-07-16,2023-07-20,CUST-0257,PROD-0060,GEO-0030,14.0,1,0.0,3.45,4,0,20230716,20230720
ORD-2023-14340,2023-07-16,2023-07-17,CUST-0824,PROD-0011,GEO-0012,516.0,4,0.0,311.43,1,0,20230716,20230717
ORD-2023-10240,2023-07-17,2023-07-19,CUST-0055,PROD-0042,GEO-0014,490.0,10,0.0,253.24,2,0,20230717,20230719
ORD-2023-11908,2023-07-17,2023-07-21,CUST-0360,PROD-0037,GEO-0013,210.0,1,0.0,116.2,4,0,20230717,20230721
ORD-2023-12493,2023-07-17,2023-07-19,CUST-0457,PROD-0008,GEO-0004,5412.15,3,0.05,2093.67,2,0,20230717,20230719
ORD-2023-13198,2023-07-17,2023-07-19,CUST-0592,PROD-0023,GEO-0004,199.2,1,0.2,75.89,2,0,20230717,20230719
ORD-2023-10013,2023-07-20,2023-07-23,CUST-0003,PROD-0021,GEO-0031,558.6,2,0.3,171.26,3,0,20230720,20230723
ORD-2023-10937,2023-07-20,2023-07-23,CUST-0170,PROD-0022,GEO-0003,624.15,3,0.05,323.06,3,1,20230720,20230723
ORD-2023-10626,2023-07-21,2023-07-26,CUST-0124,PROD-0010,GEO-0029,2898.0,2,0.0,1191.75,5,0,20230721,20230726
ORD-2023-12289,2023-07-21,2023-07-24,CUST-0421,PROD-0008,GEO-0023,5697.0,3,0.0,2382.93,3,0,20230721,20230724
ORD-2023-10536,2023-07-22,2023-07-23,CUST-0105,PROD-0034,GEO-0018,260.0,4,0.0,139.45,1,0,20230722,20230723
ORD-2023-12738,2023-07-22,2023-07-25,CUST-0499,PROD-0019,GEO-0028,329.0,1,0.0,144.73,3,0,20230722,20230725
ORD-2023-14247,2023-07-23,2023-07-28,CUST-0804,PROD-0049,GEO-0016,83.6,4,0.05,26.78,5,0,20230723,20230728
ORD-2023-12464,2023-07-24,2023-07-29,CUST-0454,PROD-0055,GEO-0021,556.0,4,0.0,281.56,5,0,20230724,20230729
ORD-2023-12190,2023-07-25,2023-07-28,CUST-0406,PROD-0008,GEO-0002,3798.0,2,0.0,1585.41,3,0,20230725,20230728
ORD-2023-13252,2023-07-25,2023-07-27,CUST-0598,PROD-0048,GEO-0027,26.6,1,0.05,11.62,2,0,20230725,20230727
ORD-2023-11700,2023-07-26,2023-07-27,CUST-0320,PROD-0015,GEO-0004,75.65,1,0.15,35.36,1,0,20230726,20230727
ORD-2023-10753,2023-07-27,2023-08-02,CUST-0145,PROD-0031,GEO-0015,168.3,2,0.15,69.03,6,0,20230727,20230802
ORD-2023-11720,2023-07-28,2023-08-02,CUST-0324,PROD-0047,GEO-0017,64.8,3,0.1,27.45,5,0,20230728,20230802
ORD-2023-11458,2023-07-29,2023-08-05,CUST-0276,PROD-0027,GEO-0022,291.9,3,0.3,50.24,7,0,20230729,20230805
ORD-2023-12432,2023-07-30,2023-08-01,CUST-0448,PROD-0017,GEO-0013,2516.4,4,0.1,969.0,2,0,20230730,20230801
ORD-2023-10198,2023-07-31,2023-08-01,CUST-0045,PROD-0010,GEO-0016,2608.2,2,0.1,895.5,1,0,20230731,20230801
ORD-2023-10556,2023-07-31,2023-08-03,CUST-0106,PROD-0015,GEO-0018,178.0,2,0.0,99.08,3,0,20230731,20230803
ORD-2023-12541,2023-07-31,2023-08-04,CUST-0463,PROD-0018,GEO-0020,199.0,1,0.0,83.92,4,0,20230731,20230804
ORD-2023-13373,2023-07-31,2023-08-07,CUST-0623,PROD-0053,GEO-0029,30.6,3,0.15,2.32,7,0,20230731,20230807
ORD-2023-11487,2023-08-02,2023-08-05,CUST-0282,PROD-0019,GEO-0030,658.0,2,0.0,286.2,3,0,20230802,20230805
ORD-2023-11879,2023-08-02,2023-08-06,CUST-0353,PROD-0058,GEO-0020,24.65,1,0.15,8.45,4,0,20230802,20230806
ORD-2023-12465,2023-08-02,2023-08-08,CUST-0454,PROD-0059,GEO-0021,22.0,2,0.0,2.87,6,0,20230802,20230808
ORD-2023-10516,2023-08-03,2023-08-04,CUST-0101,PROD-0006,GEO-0015,1299.0,1,0.0,543.63,1,0,20230803,20230804
ORD-2023-10752,2023-08-03,2023-08-06,CUST-0145,PROD-0021,GEO-0015,1017.45,3,0.15,433.12,3,0,20230803,20230806
ORD-2023-11871,2023-08-04,2023-08-08,CUST-0351,PROD-0012,GEO-0011,59.0,1,0.0,35.69,4,0,20230804,20230808
ORD-2023-13571,2023-08-05,2023-08-07,CUST-0659,PROD-0003,GEO-0022,399.0,1,0.0,174.2,2,0,20230805,20230807
ORD-2023-12087,2023-08-07,2023-08-09,CUST-0391,PROD-0033,GEO-0015,236.6,2,0.3,54.34,2,0,20230807,20230809
ORD-2023-13878,2023-08-08,2023-08-10,CUST-0726,PROD-0018,GEO-0009,199.0,1,0.0,82.65,2,0,20230808,20230810
ORD-2023-12706,2023-08-09,2023-08-11,CUST-0494,PROD-0017,GEO-0002,1398.0,2,0.0,624.89,2,0,20230809,20230811
ORD-2023-14354,2023-08-09,2023-08-13,CUST-0827,PROD-0009,GEO-0021,1043.1,2,0.05,395.07,4,0,20230809,20230813
ORD-2023-11523,2023-08-10,2023-08-15,CUST-0291,PROD-0008,GEO-0027,1899.0,1,0.0,792.25,5,0,20230810,20230815
ORD-2023-10277,2023-08-11,2023-08-12,CUST-0063,PROD-0043,GEO-0020,118.0,2,0.0,63.05,1,1,20230811,20230812
ORD-2023-12554,2023-08-11,2023-08-12,CUST-0466,PROD-0056,GEO-0019,217.55,1,0.05,103.8,1,0,20230811,20230812
ORD-2023-10146,2023-08-13,2023-08-15,CUST-0033,PROD-0050,GEO-0026,42.0,1,0.0,19.51,2,0,20230813,20230815
ORD-2023-10499,2023-08-13,2023-08-16,CUST-0097,PROD-0052,GEO-0002,19.0,1,0.0,6.01,3,1,20230813,20230816
ORD-2023-12085,2023-08-13,2023-08-14,CUST-0391,PROD-0031,GEO-0015,252.45,3,0.15,106.72,1,0,20230813,20230814
ORD-2023-11996,2023-08-14,2023-08-17,CUST-0377,PROD-0035,GEO-0029,191.25,3,0.15,84.7,3,0,20230814,20230817
ORD-2023-13753,2023-08-14,2023-08-16,CUST-0697,PROD-0013,GEO-0020,51.75,1,0.25,23.08,2,0,20230814,20230816
ORD-2023-11472,2023-08-16,2023-08-20,CUST-0278,PROD-0007,GEO-0004,949.05,1,0.05,363.03,4,0,20230816,20230820
ORD-2023-11673,2023-08-17,2023-08-18,CUST-0318,PROD-0019,GEO-0014,329.0,1,0.0,145.13,1,0,20230817,20230818
ORD-2023-11873,2023-08-19,2023-08-24,CUST-0352,PROD-0040,GEO-0014,144.9,3,0.3,45.3,5,0,20230819,20230824
ORD-2023-12318,2023-08-21,2023-08-26,CUST-0425,PROD-0005,GEO-0006,950.0,1,0.0,343.03,5,0,20230821,20230826
ORD-2023-13760,2023-08-21,2023-08-22,CUST-0697,PROD-0017,GEO-0020,699.0,1,0.0,312.52,1,0,20230821,20230822
ORD-2023-10437,2023-08-22,2023-08-25,CUST-0087,PROD-0059,GEO-0009,33.0,3,0.0,11.64,3,0,20230822,20230825
ORD-2023-11480,2023-08-24,2023-08-25,CUST-0281,PROD-0019,GEO-0001,329.0,1,0.0,145.63,1,0,20230824,20230825
ORD-2023-11535,2023-08-24,2023-08-27,CUST-0293,PROD-0060,GEO-0030,56.0,4,0.0,9.98,3,0,20230824,20230827
ORD-2023-10482,2023-08-25,2023-08-28,CUST-0095,PROD-0049,GEO-0017,22.0,1,0.0,10.45,3,0,20230825,20230828
ORD-2023-10852,2023-08-25,2023-08-28,CUST-0160,PROD-0042,GEO-0031,166.6,4,0.15,82.4,3,1,20230825,20230828
ORD-2023-13790,2023-08-27,2023-08-29,CUST-0705,PROD-0039,GEO-0016,22.4,1,0.3,3.73,2,0,20230827,20230829
ORD-2023-10914,2023-08-28,2023-08-31,CUST-0168,PROD-0028,GEO-0012,719.1,1,0.1,265.91,3,0,20230828,20230831
ORD-2023-12261,2023-08-28,2023-08-31,CUST-0417,PROD-0031,GEO-0023,79.2,1,0.2,31.17,3,0,20230828,20230831
ORD-2023-11691,2023-08-29,2023-09-01,CUST-0319,PROD-0037,GEO-0009,840.0,4,0.0,462.78,3,0,20230829,20230901
ORD-2023-13597,2023-08-31,2023-09-02,CUST-0665,PROD-0048,GEO-0011,16.8,1,0.4,0.2,2,1,20230831,20230902
ORD-2023-14347,2023-08-31,2023-09-04,CUST-0824,PROD-0018,GEO-0012,597.0,3,0.0,249.89,4,0,20230831,20230904
ORD-2023-14372,2023-09-01,2023-09-04,CUST-0832,PROD-0057,GEO-0002,40.5,1,0.1,18.66,3,1,20230901,20230904
ORD-2023-10014,2023-09-03,2023-09-06,CUST-0003,PROD-0014,GEO-0031,596.0,4,0.0,362.34,3,0,20230903,20230906
ORD-2023-11795,2023-09-03,2023-09-05,CUST-0338,PROD-0060,GEO-0026,23.8,2,0.15,2.41,2,0,20230903,20230905
ORD-2023-10922,2023-09-05,2023-09-10,CUST-0168,PROD-0029,GEO-0012,191.4,1,0.4,8.3,5,0,20230905,20230910
ORD-2023-11651,2023-09-05,2023-09-06,CUST-0315,PROD-0004,GEO-0014,1099.0,1,0.0,413.95,1,0,20230905,20230906
ORD-2023-13400,2023-09-05,2023-09-09,CUST-0626,PROD-0041,GEO-0018,39.0,1,0.0,19.85,4,0,20230905,20230909
ORD-2023-10504,2023-09-06,2023-09-08,CUST-0097,PROD-0001,GEO-0002,1438.2,2,0.1,531.87,2,1,20230906,20230908
ORD-2023-13605,2023-09-06,2023-09-07,CUST-0666,PROD-0044,GEO-0030,142.2,2,0.1,69.97,1,0,20230906,20230907
ORD-2023-14032,2023-09-06,2023-09-07,CUST-0756,PROD-0030,GEO-0015,652.65,3,0.05,313.3,1,0,20230906,20230907
ORD-2023-14010,2023-09-08,2023-09-09,CUST-0751,PROD-0021,GEO-0031,798.0,2,0.0,408.46,1,0,20230908,20230909
ORD-2023-10001,2023-09-09,2023-09-13,CUST-0001,PROD-0011,GEO-0023,980.4,8,0.05,591.71,4,0,20230909,20230913
ORD-2023-12000,2023-09-09,2023-09-11,CUST-0378,PROD-0031,GEO-0005,148.5,3,0.5,3.82,2,0,20230909,20230911
ORD-2023-13249,2023-09-09,2023-09-11,CUST-0598,PROD-0027,GEO-0027,500.4,4,0.1,180.36,2,0,20230909,20230911
ORD-2023-11905,2023-09-10,2023-09-13,CUST-0359,PROD-0039,GEO-0010,32.0,1,0.0,14.19,3,0,20230910,20230913
ORD-2023-11968,2023-09-10,2023-09-15,CUST-0371,PROD-0052,GEO-0028,18.05,1,0.05,7.06,5,0,20230910,20230915
ORD-2023-12140,2023-09-10,2023-09-12,CUST-0398,PROD-0041,GEO-0030,66.3,2,0.15,26.97,2,0,20230910,20230912
ORD-2023-10480,2023-09-12,2023-09-15,CUST-0095,PROD-0057,GEO-0017,63.0,2,0.3,15.67,3,0,20230912,20230915
ORD-2023-14374,2023-09-12,2023-09-15,CUST-0832,PROD-0018,GEO-0002,398.0,2,0.0,171.61,3,0,20230912,20230915
ORD-2023-13444,2023-09-14,2023-09-16,CUST-0636,PROD-0019,GEO-0008,329.0,1,0.0,145.75,2,1,20230914,20230916
ORD-2023-12377,2023-09-16,2023-09-19,CUST-0435,PROD-0005,GEO-0001,855.0,1,0.1,251.15,3,0,20230916,20230919
ORD-2023-12384,2023-09-16,2023-09-18,CUST-0435,PROD-0059,GEO-0001,7.7,1,0.3,-0.67,2,0,20230916,20230918
ORD-2023-10017,2023-09-17,2023-09-20,CUST-0003,PROD-0019,GEO-0031,987.0,3,0.0,436.96,3,0,20230917,20230920
ORD-2023-10030,2023-09-18,2023-09-21,CUST-0006,PROD-0043,GEO-0029,41.3,1,0.3,10.37,3,0,20230918,20230921
ORD-2023-11760,2023-09-18,2023-09-20,CUST-0331,PROD-0031,GEO-0004,79.2,1,0.2,27.35,2,0,20230918,20230920
ORD-2023-13376,2023-09-19,2023-09-21,CUST-0624,PROD-0028,GEO-0031,679.15,1,0.15,225.21,2,0,20230919,20230921
ORD-2023-10834,2023-09-20,2023-09-22,CUST-0156,PROD-0019,GEO-0018,329.0,1,0.0,145.63,2,0,20230920,20230922
ORD-2023-11808,2023-09-21,2023-09-24,CUST-0341,PROD-0034,GEO-0017,65.0,1,0.0,36.64,3,0,20230921,20230924
ORD-2023-12665,2023-09-21,2023-09-23,CUST-0487,PROD-0028,GEO-0021,719.1,1,0.1,265.64,2,0,20230921,20230923
ORD-2023-10529,2023-09-22,2023-09-24,CUST-0104,PROD-0003,GEO-0010,399.0,1,0.0,174.79,2,0,20230922,20230924
ORD-2023-12816,2023-09-24,2023-09-28,CUST-0515,PROD-0027,GEO-0009,118.15,1,0.15,39.94,4,0,20230924,20230928
ORD-2023-11654,2023-09-25,2023-09-27,CUST-0315,PROD-0010,GEO-0014,4926.6,4,0.15,1502.62,2,0,20230925,20230927
ORD-2023-12949,2023-09-25,2023-09-27,CUST-0541,PROD-0007,GEO-0026,1798.2,2,0.1,627.07,2,0,20230925,20230927
ORD-2023-13310,2023-09-25,2023-09-28,CUST-0611,PROD-0009,GEO-0007,1098.0,2,0.0,448.73,3,0,20230925,20230928
ORD-2023-12293,2023-09-26,2023-09-28,CUST-0421,PROD-0028,GEO-0023,719.1,1,0.1,263.34,2,0,20230926,20230928
ORD-2023-12205,2023-09-27,2023-09-29,CUST-0408,PROD-0012,GEO-0022,236.0,4,0.0,148.64,2,0,20230927,20230929
ORD-2023-13756,2023-09-27,2023-09-29,CUST-0697,PROD-0017,GEO-0020,1328.1,2,0.05,557.24,2,0,20230927,20230929
ORD-2023-10770,2023-09-28,2023-10-02,CUST-0147,PROD-0022,GEO-0028,416.1,2,0.05,212.15,4,0,20230928,20231002
ORD-2023-13560,2023-09-28,2023-09-30,CUST-0654,PROD-0030,GEO-0026,206.1,1,0.1,90.8,2,0,20230928,20230930
ORD-2023-13965,2023-09-29,2023-10-01,CUST-0745,PROD-0024,GEO-0018,852.15,3,0.05,415.87,2,0,20230929,20231001
ORD-2023-10623,2023-09-30,2023-10-05,CUST-0124,PROD-0043,GEO-0029,56.05,1,0.05,26.48,5,0,20230930,20231005
ORD-2023-11294,2023-09-30,2023-10-05,CUST-0241,PROD-0046,GEO-0022,204.0,10,0.4,10.68,5,0,20230930,20231005
ORD-2023-10210,2023-10-01,2023-10-02,CUST-0048,PROD-0029,GEO-0008,957.0,3,0.0,407.12,1,0,20231001,20231002
ORD-2023-10535,2023-10-01,2023-10-02,CUST-0105,PROD-0020,GEO-0018,331.55,1,0.05,166.86,1,0,20231001,20231002
ORD-2023-12508,2023-10-01,2023-10-06,CUST-0460,PROD-0045,GEO-0032,220.0,2,0.0,119.96,5,0,20231001,20231006
ORD-2023-11398,2023-10-02,2023-10-05,CUST-0264,PROD-0019,GEO-0023,329.0,1,0.0,145.93,3,0,20231002,20231005
ORD-2023-12447,2023-10-02,2023-10-05,CUST-0453,PROD-0006,GEO-0011,1234.05,1,0.05,479.05,3,0,20231002,20231005
ORD-2023-13069,2023-10-02,2023-10-06,CUST-0566,PROD-0016,GEO-0022,1699.0,1,0.0,793.41,4,0,20231002,20231006
ORD-2023-14448,2023-10-02,2023-10-04,CUST-0847,PROD-0013,GEO-0026,62.1,1,0.1,34.85,2,0,20231002,20231004
ORD-2023-10317,2023-10-03,2023-10-06,CUST-0069,PROD-0058,GEO-0005,87.0,3,0.0,31.6,3,0,20231003,20231006
ORD-2023-10785,2023-10-03,2023-10-05,CUST-0150,PROD-0025,GEO-0026,1298.0,2,0.0,529.21,2,0,20231003,20231005
ORD-2023-12241,2023-10-03,2023-10-05,CUST-0415,PROD-0027,GEO-0027,111.2,1,0.2,32.99,2,0,20231003,20231005
ORD-2023-11817,2023-10-04,2023-10-06,CUST-0341,PROD-0003,GEO-0017,339.15,1,0.15,112.92,2,0,20231004,20231006
ORD-2023-12281,2023-10-04,2023-10-06,CUST-0419,PROD-0042,GEO-0019,196.0,4,0.0,100.6,2,0,20231004,20231006
ORD-2023-10116,2023-10-05,2023-10-12,CUST-0027,PROD-0029,GEO-0008,813.45,3,0.15,263.37,7,0,20231005,20231012
ORD-2023-12188,2023-10-05,2023-10-08,CUST-0406,PROD-0052,GEO-0002,34.2,2,0.1,9.17,3,0,20231005,20231008
ORD-2023-11914,2023-10-06,2023-10-11,CUST-0360,PROD-0040,GEO-0013,55.2,1,0.2,20.34,5,1,20231006,20231011
ORD-2023-12531,2023-10-06,2023-10-08,CUST-0463,PROD-0007,GEO-0020,2847.15,3,0.05,1097.26,2,0,20231006,20231008
ORD-2023-10231,2023-10-07,2023-10-08,CUST-0052,PROD-0042,GEO-0013,49.0,1,0.0,26.99,1,0,20231007,20231008
ORD-2023-13379,2023-10-07,2023-10-12,CUST-0624,PROD-0034,GEO-0031,58.5,1,0.1,29.11,5,0,20231007,20231012
ORD-2023-13947,2023-10-07,2023-10-10,CUST-0740,PROD-0060,GEO-0007,28.0,2,0.0,4.97,3,0,20231007,20231010
ORD-2023-10978,2023-10-08,2023-10-10,CUST-0181,PROD-0046,GEO-0026,102.0,3,0.0,46.25,2,0,20231008,20231010
ORD-2023-11684,2023-10-08,2023-10-10,CUST-0319,PROD-0048,GEO-0009,47.6,2,0.15,15.37,2,0,20231008,20231010
ORD-2023-11054,2023-10-10,2023-10-11,CUST-0195,PROD-0020,GEO-0010,698.0,2,0.0,369.52,1,0,20231010,20231011
ORD-2023-11375,2023-10-10,2023-10-12,CUST-0260,PROD-0058,GEO-0031,52.2,2,0.1,14.91,2,0,20231010,20231012
ORD-2023-12972,2023-10-10,2023-10-11,CUST-0548,PROD-0056,GEO-0016,435.1,2,0.05,203.72,1,0,20231010,20231011
ORD-2023-13097,2023-10-10,2023-10-12,CUST-0571,PROD-0011,GEO-0013,129.0,1,0.0,77.1,2,0,20231010,20231012
ORD-2023-14306,2023-10-10,2023-10-13,CUST-0816,PROD-0051,GEO-0001,18.0,1,0.0,7.56,3,0,20231010,20231013
ORD-2023-10058,2023-10-11,2023-10-13,CUST-0011,PROD-0025,GEO-0002,519.2,2,0.6,-252.22,2,0,20231011,20231013
ORD-2023-10124,2023-10-11,2023-10-16,CUST-0028,PROD-0034,GEO-0016,65.0,1,0.0,35.86,5,0,20231011,20231016
ORD-2023-10313,2023-10-11,2023-10-14,CUST-0069,PROD-0025,GEO-0005,1557.6,3,0.2,397.37,3,0,20231011,20231014
ORD-2023-11526,2023-10-11,2023-10-13,CUST-0292,PROD-0028,GEO-0020,2397.0,5,0.4,121.05,2,1,20231011,20231013
ORD-2023-10722,2023-10-12,2023-10-13,CUST-0140,PROD-0060,GEO-0006,28.0,2,0.0,10.15,1,0,20231012,20231013
ORD-2023-10981,2023-10-12,2023-10-14,CUST-0181,PROD-0008,GEO-0026,1899.0,1,0.0,794.39,2,0,20231012,20231014
ORD-2023-12243,2023-10-12,2023-10-17,CUST-0416,PROD-0019,GEO-0013,329.0,1,0.0,142.85,5,0,20231012,20231017
ORD-2023-13704,2023-10-12,2023-10-13,CUST-0688,PROD-0046,GEO-0001,61.2,2,0.1,22.67,1,0,20231012,20231013
ORD-2023-10126,2023-10-13,2023-10-18,CUST-0028,PROD-0025,GEO-0016,616.55,1,0.05,229.64,5,0,20231013,20231018
ORD-2023-12027,2023-10-13,2023-10-15,CUST-0382,PROD-0016,GEO-0020,3228.1,2,0.05,1420.31,2,0,20231013,20231015
ORD-2023-13203,2023-10-13,2023-10-16,CUST-0593,PROD-0002,GEO-0009,809.1,1,0.1,282.98,3,0,20231013,20231016
ORD-2023-11455,2023-10-14,2023-10-18,CUST-0276,PROD-0040,GEO-0022,69.0,1,0.0,37.68,4,0,20231014,20231018
ORD-2023-11944,2023-10-14,2023-10-16,CUST-0365,PROD-0035,GEO-0006,75.0,1,0.0,40.97,2,0,20231014,20231016
ORD-2023-12423,2023-10-15,2023-10-19,CUST-0444,PROD-0016,GEO-0031,3398.0,2,0.0,1590.04,4,0,20231015,20231019
ORD-2023-14252,2023-10-15,2023-10-18,CUST-0804,PROD-0049,GEO-0016,66.0,3,0.0,26.66,3,0,20231015,20231018
ORD-2023-14260,2023-10-15,2023-10-17,CUST-0806,PROD-0028,GEO-0005,1358.3,2,0.15,449.86,2,0,20231015,20231017
ORD-2023-11164,2023-10-16,2023-10-21,CUST-0218,PROD-0006,GEO-0021,2598.0,2,0.0,1090.24,5,0,20231016,20231021
ORD-2023-10035,2023-10-17,2023-10-19,CUST-0007,PROD-0056,GEO-0032,206.1,1,0.1,89.55,2,0,20231017,20231019
ORD-2023-10791,2023-10-17,2023-10-19,CUST-0150,PROD-0037,GEO-0026,798.0,4,0.05,413.53,2,0,20231017,20231019
ORD-2023-11397,2023-10-17,2023-10-18,CUST-0264,PROD-0056,GEO-0023,206.1,1,0.1,89.5,1,0,20231017,20231018
ORD-2023-13201,2023-10-17,2023-10-20,CUST-0592,PROD-0027,GEO-0004,166.8,2,0.4,4.47,3,0,20231017,20231020
ORD-2023-10128,2023-10-18,2023-10-23,CUST-0028,PROD-0020,GEO-0016,349.0,1,0.0,185.37,5,0,20231018,20231023
ORD-2023-10274,2023-10-19,2023-10-20,CUST-0063,PROD-0002,GEO-0020,1798.0,2,0.0,749.1,1,0,20231019,20231020
ORD-2023-11369,2023-10-19,2023-10-22,CUST-0258,PROD-0014,GEO-0024,707.75,5,0.05,398.42,3,0,20231019,20231022
ORD-2023-11991,2023-10-19,2023-10-23,CUST-0377,PROD-0002,GEO-0029,1708.1,2,0.05,658.95,4,0,20231019,20231023
ORD-2023-12864,2023-10-19,2023-10-21,CUST-0519,PROD-0056,GEO-0019,217.55,1,0.05,103.81,2,0,20231019,20231021
ORD-2023-13267,2023-10-19,2023-10-21,CUST-0602,PROD-0021,GEO-0008,758.1,2,0.05,364.84,2,0,20231019,20231021
ORD-2023-11801,2023-10-20,2023-10-21,CUST-0339,PROD-0021,GEO-0006,379.05,1,0.05,183.66,1,0,20231020,20231021
ORD-2023-12383,2023-10-20,2023-10-25,CUST-0435,PROD-0036,GEO-0001,147.0,3,0.0,72.22,5,0,20231020,20231025
ORD-2023-13034,2023-10-20,2023-10-23,CUST-0560,PROD-0032,GEO-0031,638.0,2,0.0,308.5,3,0,20231020,20231023
ORD-2023-14149,2023-10-20,2023-10-23,CUST-0778,PROD-0029,GEO-0007,319.0,1,0.0,134.58,3,0,20231020,20231023
ORD-2023-10157,2023-10-21,2023-10-22,CUST-0033,PROD-0041,GEO-0026,93.6,3,0.2,37.11,1,0,20231021,20231022
ORD-2023-10321,2023-10-21,2023-10-24,CUST-0070,PROD-0023,GEO-0003,224.1,1,0.1,98.91,3,0,20231021,20231024
ORD-2023-10723,2023-10-22,2023-10-27,CUST-0140,PROD-0047,GEO-0006,86.4,4,0.1,31.68,5,0,20231022,20231027
ORD-2023-13708,2023-10-22,2023-10-28,CUST-0689,PROD-0040,GEO-0029,69.0,1,0.0,37.06,6,0,20231022,20231028
ORD-2023-13970,2023-10-22,2023-10-26,CUST-0745,PROD-0033,GEO-0018,338.0,2,0.0,154.34,4,0,20231022,20231026
ORD-2023-10904,2023-10-23,2023-10-27,CUST-0166,PROD-0020,GEO-0020,349.0,1,0.0,183.09,4,0,20231023,20231027
ORD-2023-11197,2023-10-23,2023-10-28,CUST-0227,PROD-0047,GEO-0015,21.6,1,0.1,6.91,5,0,20231023,20231028
ORD-2023-13167,2023-10-23,2023-10-28,CUST-0586,PROD-0003,GEO-0021,798.0,2,0.0,345.71,5,0,20231023,20231028
ORD-2023-13840,2023-10-24,2023-10-26,CUST-0713,PROD-0010,GEO-0017,1449.0,1,0.0,595.65,2,0,20231024,20231026
ORD-2023-11978,2023-10-25,2023-10-27,CUST-0373,PROD-0007,GEO-0014,4995.0,5,0.0,2073.34,2,0,20231025,20231027
ORD-2023-10382,2023-10-26,2023-10-29,CUST-0080,PROD-0001,GEO-0002,1198.5,2,0.25,286.06,3,0,20231026,20231029
ORD-2023-11009,2023-10-26,2023-10-28,CUST-0189,PROD-0042,GEO-0013,49.0,1,0.0,24.21,2,0,20231026,20231028
ORD-2023-11283,2023-10-27,2023-10-30,CUST-0240,PROD-0014,GEO-0029,298.0,2,0.0,181.41,3,0,20231027,20231030
ORD-2023-13566,2023-10-27,2023-10-29,CUST-0658,PROD-0010,GEO-0004,2898.0,2,0.0,1188.94,2,1,20231027,20231029
ORD-2023-10711,2023-10-28,2023-11-02,CUST-0138,PROD-0034,GEO-0013,65.0,1,0.0,35.11,5,1,20231028,20231102
ORD-2023-10740,2023-10-28,2023-10-29,CUST-0142,PROD-0027,GEO-0025,250.2,3,0.4,6.68,1,0,20231028,20231029
ORD-2023-12319,2023-10-29,2023-11-01,CUST-0425,PROD-0041,GEO-0006,15.6,1,0.6,-2.49,3,0,20231029,20231101
ORD-2023-12469,2023-10-30,2023-11-01,CUST-0454,PROD-0018,GEO-0021,358.2,2,0.1,126.53,2,0,20231030,20231101
ORD-2023-10619,2023-10-31,2023-11-02,CUST-0123,PROD-0024,GEO-0005,299.0,1,0.0,153.16,2,0,20231031,20231102
ORD-2023-10961,2023-10-31,2023-11-02,CUST-0177,PROD-0019,GEO-0007,1480.5,5,0.1,550.92,2,0,20231031,20231102
ORD-2023-12670,2023-10-31,2023-11-02,CUST-0487,PROD-0025,GEO-0021,908.6,2,0.3,135.24,2,0,20231031,20231102
ORD-2023-13783,2023-10-31,2023-11-02,CUST-0703,PROD-0038,GEO-0002,378.0,2,0.0,174.24,2,1,20231031,20231102
ORD-2023-10854,2023-11-01,2023-11-05,CUST-0160,PROD-0029,GEO-0031,446.6,2,0.3,74.9,4,0,20231101,20231105
ORD-2023-11165,2023-11-01,2023-11-04,CUST-0218,PROD-0059,GEO-0021,6.6,1,0.4,-1.05,3,0,20231101,20231104
ORD-2023-12457,2023-11-01,2023-11-03,CUST-0453,PROD-0009,GEO-0011,1235.25,3,0.25,264.17,2,0,20231101,20231103
ORD-2023-13854,2023-11-01,2023-11-06,CUST-0718,PROD-0015,GEO-0002,160.2,2,0.1,78.3,5,0,20231101,20231106
ORD-2023-13929,2023-11-01,2023-11-06,CUST-0735,PROD-0011,GEO-0012,116.1,1,0.1,67.6,5,0,20231101,20231106
ORD-2023-13059,2023-11-02,2023-11-04,CUST-0565,PROD-0015,GEO-0007,178.0,2,0.0,97.93,2,0,20231102,20231104
ORD-2023-14455,2023-11-02,2023-11-04,CUST-0848,PROD-0028,GEO-0001,1518.1,2,0.05,611.25,2,0,20231102,20231104
ORD-2023-10894,2023-11-03,2023-11-04,CUST-0164,PROD-0020,GEO-0002,349.0,1,0.0,183.66,1,0,20231103,20231104
ORD-2023-13816,2023-11-03,2023-11-05,CUST-0710,PROD-0008,GEO-0003,1899.0,1,0.0,794.52,2,0,20231103,20231105
ORD-2023-14177,2023-11-03,2023-11-06,CUST-0784,PROD-0023,GEO-0005,498.0,2,0.0,246.57,3,0,20231103,20231106
ORD-2023-10610,2023-11-04,2023-11-07,CUST-0122,PROD-0055,GEO-0004,139.0,1,0.0,70.35,3,1,20231104,20231107
ORD-2023-11058,2023-11-04,2023-11-07,CUST-0195,PROD-0053,GEO-0010,34.2,3,0.05,7.56,3,0,20231104,20231107
ORD-2023-13193,2023-11-04,2023-11-06,CUST-0591,PROD-0028,GEO-0008,1598.0,2,0.0,687.21,2,0,20231104,20231106
ORD-2023-13719,2023-11-04,2023-11-07,CUST-0691,PROD-0024,GEO-0024,1196.0,4,0.0,612.02,3,1,20231104,20231107
ORD-2023-10069,2023-11-05,2023-11-07,CUST-0016,PROD-0058,GEO-0002,82.65,3,0.05,29.0,2,0,20231105,20231107
ORD-2023-10889,2023-11-05,2023-11-07,CUST-0164,PROD-0015,GEO-0002,84.55,1,0.05,43.63,2,0,20231105,20231107
ORD-2023-12311,2023-11-05,2023-11-10,CUST-0423,PROD-0042,GEO-0017,98.0,2,0.0,54.72,5,0,20231105,20231110
ORD-2023-13168,2023-11-05,2023-11-06,CUST-0586,PROD-0012,GEO-0021,56.05,1,0.05,32.56,1,0,20231105,20231106
ORD-2023-14313,2023-11-05,2023-11-07,CUST-0819,PROD-0016,GEO-0032,6796.0,4,0.0,3170.99,2,0,20231105,20231107
ORD-2023-12192,2023-11-06,2023-11-11,CUST-0406,PROD-0001,GEO-0002,2277.15,3,0.05,912.99,5,0,20231106,20231111
ORD-2023-14251,2023-11-06,2023-11-11,CUST-0804,PROD-0057,GEO-0016,72.0,2,0.2,25.88,5,0,20231106,20231111
ORD-2023-10428,2023-11-07,2023-11-08,CUST-0087,PROD-0001,GEO-0009,1598.0,2,0.0,685.68,1,1,20231107,20231108
ORD-2023-12375,2023-11-07,2023-11-09,CUST-0435,PROD-0054,GEO-0001,284.05,1,0.05,137.13,2,0,20231107,20231109
ORD-2023-13964,2023-11-07,2023-11-08,CUST-0744,PROD-0030,GEO-0025,229.0,1,0.0,114.55,1,0,20231107,20231108
ORD-2023-14330,2023-11-07,2023-11-10,CUST-0822,PROD-0035,GEO-0013,142.5,2,0.05,69.37,3,0,20231107,20231110
ORD-2023-13486,2023-11-08,2023-11-13,CUST-0642,PROD-0042,GEO-0012,49.0,1,0.0,24.65,5,0,20231108,20231113
ORD-2023-12367,2023-11-09,2023-11-12,CUST-0433,PROD-0039,GEO-0003,27.2,1,0.15,10.27,3,0,20231109,20231112
ORD-2023-12445,2023-11-09,2023-11-11,CUST-0452,PROD-0054,GEO-0020,598.0,2,0.0,307.72,2,0,20231109,20231111
ORD-2023-12427,2023-11-10,2023-11-12,CUST-0445,PROD-0041,GEO-0030,70.2,2,0.1,27.95,2,0,20231110,20231112
ORD-2023-13250,2023-11-10,2023-11-14,CUST-0598,PROD-0008,GEO-0027,1899.0,1,0.0,795.75,4,0,20231110,20231114
ORD-2023-13573,2023-11-10,2023-11-11,CUST-0659,PROD-0023,GEO-0022,473.1,2,0.05,222.83,1,0,20231110,20231111
ORD-2023-13942,2023-11-10,2023-11-13,CUST-0738,PROD-0005,GEO-0013,2707.5,3,0.05,886.51,3,0,20231110,20231113
ORD-2023-12294,2023-11-11,2023-11-13,CUST-0421,PROD-0026,GEO-0023,3792.4,8,0.05,1522.41,2,0,20231111,20231113
ORD-2023-12339,2023-11-11,2023-11-14,CUST-0427,PROD-0031,GEO-0005,84.15,1,0.15,34.87,3,0,20231111,20231114
ORD-2023-13529,2023-11-11,2023-11-12,CUST-0649,PROD-0042,GEO-0027,196.0,5,0.2,76.14,1,0,20231111,20231112
ORD-2023-14409,2023-11-11,2023-11-13,CUST-0839,PROD-0046,GEO-0013,68.0,2,0.0,29.0,2,0,20231111,20231113
ORD-2023-10857,2023-11-12,2023-11-14,CUST-0160,PROD-0004,GEO-0031,4176.2,4,0.05,1440.16,2,0,20231112,20231114
ORD-2023-12663,2023-11-13,2023-11-19,CUST-0485,PROD-0003,GEO-0001,379.05,1,0.05,154.24,6,0,20231113,20231119
ORD-2023-13054,2023-11-13,2023-11-15,CUST-0565,PROD-0040,GEO-0007,69.0,1,0.0,34.03,2,0,20231113,20231115
ORD-2023-13780,2023-11-13,2023-11-16,CUST-0703,PROD-0005,GEO-0002,950.0,1,0.0,345.06,3,0,20231113,20231116
ORD-2023-11109,2023-11-14,2023-11-15,CUST-0206,PROD-0039,GEO-0029,57.6,2,0.1,24.67,1,0,20231114,20231115
ORD-2023-11287,2023-11-14,2023-11-16,CUST-0240,PROD-0039,GEO-0029,19.2,1,0.4,4.09,2,0,20231114,20231116
ORD-2023-11473,2023-11-14,2023-11-17,CUST-0279,PROD-0052,GEO-0015,36.1,2,0.05,8.19,3,0,20231114,20231117
ORD-2023-12498,2023-11-14,2023-11-17,CUST-0457,PROD-0011,GEO-0004,258.0,2,0.0,161.61,3,0,20231114,20231117
ORD-2023-10906,2023-11-15,2023-11-18,CUST-0166,PROD-0014,GEO-0020,298.0,2,0.0,175.34,3,0,20231115,20231118
ORD-2023-13396,2023-11-15,2023-11-18,CUST-0625,PROD-0057,GEO-0020,180.0,5,0.2,68.61,3,0,20231115,20231118
ORD-2023-10143,2023-11-16,2023-11-21,CUST-0031,PROD-0030,GEO-0030,618.3,3,0.1,270.63,5,0,20231116,20231121
ORD-2023-11909,2023-11-16,2023-11-20,CUST-0360,PROD-0006,GEO-0013,1234.05,1,0.05,479.52,4,0,20231116,20231120
ORD-2023-12459,2023-11-16,2023-11-18,CUST-0454,PROD-0006,GEO-0021,12990.0,10,0.0,5443.94,2,0,20231116,20231118
ORD-2023-10228,2023-11-17,2023-11-20,CUST-0052,PROD-0006,GEO-0013,2338.2,2,0.1,829.42,3,0,20231117,20231120
ORD-2023-12440,2023-11-17,2023-11-18,CUST-0451,PROD-0057,GEO-0012,45.0,1,0.0,20.15,1,0,20231117,20231118
ORD-2023-13718,2023-11-17,2023-11-23,CUST-0691,PROD-0060,GEO-0024,35.7,3,0.15,0.97,6,0,20231117,20231123
ORD-2023-10470,2023-11-18,2023-11-19,CUST-0092,PROD-0007,GEO-0032,999.0,1,0.0,413.03,1,0,20231118,20231119
ORD-2023-11028,2023-11-18,2023-11-19,CUST-0191,PROD-0003,GEO-0001,399.0,1,0.0,174.48,1,0,20231118,20231119
ORD-2023-14331,2023-11-18,2023-11-21,CUST-0822,PROD-0044,GEO-0013,134.3,2,0.15,59.49,3,1,20231118,20231121
ORD-2023-10150,2023-11-19,2023-11-20,CUST-0033,PROD-0042,GEO-0026,49.0,1,0.0,27.87,1,0,20231119,20231120
ORD-2023-10634,2023-11-19,2023-11-22,CUST-0124,PROD-0013,GEO-0029,69.0,1,0.0,43.34,3,0,20231119,20231122
ORD-2023-10832,2023-11-19,2023-11-21,CUST-0156,PROD-0057,GEO-0018,135.0,3,0.0,61.95,2,0,20231119,20231121
ORD-2023-10987,2023-11-19,2023-11-23,CUST-0182,PROD-0029,GEO-0018,319.0,1,0.0,133.85,4,0,20231119,20231123
ORD-2023-12702,2023-11-19,2023-11-24,CUST-0493,PROD-0025,GEO-0011,5192.0,8,0.0,2106.66,5,0,20231119,20231124
ORD-2023-10046,2023-11-20,2023-11-23,CUST-0009,PROD-0051,GEO-0032,17.1,1,0.05,6.02,3,0,20231120,20231123
ORD-2023-12947,2023-11-20,2023-11-22,CUST-0540,PROD-0049,GEO-0019,22.0,1,0.0,8.49,2,0,20231120,20231122
ORD-2023-13872,2023-11-21,2023-11-28,CUST-0724,PROD-0054,GEO-0029,568.1,2,0.05,279.3,7,0,20231121,20231128
ORD-2023-10434,2023-11-22,2023-11-24,CUST-0087,PROD-0011,GEO-0009,109.65,1,0.15,58.01,2,0,20231122,20231124
ORD-2023-10793,2023-11-22,2023-11-25,CUST-0150,PROD-0024,GEO-0026,358.8,2,0.4,66.09,3,1,20231122,20231125
ORD-2023-13525,2023-11-22,2023-11-24,CUST-0647,PROD-0019,GEO-0021,3290.0,10,0.0,1429.3,2,0,20231122,20231124
ORD-2023-13710,2023-11-22,2023-11-29,CUST-0689,PROD-0018,GEO-0029,636.8,4,0.2,175.96,7,0,20231122,20231129
ORD-2023-11008,2023-11-23,2023-11-26,CUST-0189,PROD-0003,GEO-0013,678.3,2,0.15,229.57,3,0,20231123,20231126
ORD-2023-12732,2023-11-23,2023-11-28,CUST-0499,PROD-0043,GEO-0028,59.0,1,0.0,28.72,5,0,20231123,20231128
ORD-2023-12751,2023-11-23,2023-11-26,CUST-0501,PROD-0037,GEO-0004,798.0,4,0.05,414.46,3,0,20231123,20231126
ORD-2023-14258,2023-11-23,2023-11-25,CUST-0806,PROD-0007,GEO-0005,1998.0,2,0.0,829.17,2,0,20231123,20231125
ORD-2023-10298,2023-11-24,2023-11-27,CUST-0065,PROD-0059,GEO-0027,18.7,2,0.15,3.78,3,0,20231124,20231127
ORD-2023-12765,2023-11-24,2023-11-29,CUST-0505,PROD-0027,GEO-0017,236.3,2,0.15,79.26,5,0,20231124,20231129
ORD-2023-11278,2023-11-25,2023-12-02,CUST-0240,PROD-0002,GEO-0029,1798.0,2,0.0,748.68,7,0,20231125,20231202
ORD-2023-11396,2023-11-25,2023-11-28,CUST-0264,PROD-0029,GEO-0023,478.5,3,0.5,-75.67,3,0,20231125,20231128
ORD-2023-11469,2023-11-25,2023-11-27,CUST-0278,PROD-0055,GEO-0004,139.0,1,0.0,70.86,2,0,20231125,20231127
ORD-2023-10916,2023-11-26,2023-11-29,CUST-0168,PROD-0036,GEO-0012,139.65,3,0.05,61.07,3,0,20231126,20231129
ORD-2023-12084,2023-11-26,2023-11-27,CUST-0391,PROD-0052,GEO-0015,16.15,1,0.15,6.12,1,0,20231126,20231127
ORD-2023-12883,2023-11-26,2023-11-30,CUST-0523,PROD-0049,GEO-0007,66.0,3,0.0,32.69,4,0,20231126,20231130
ORD-2023-13271,2023-11-26,2023-11-28,CUST-0604,PROD-0060,GEO-0024,42.0,3,0.0,8.89,2,0,20231126,20231128
ORD-2023-13615,2023-11-26,2023-11-28,CUST-0668,PROD-0024,GEO-0010,598.0,2,0.0,307.22,2,0,20231126,20231128
ORD-2023-14444,2023-11-27,2023-11-29,CUST-0846,PROD-0028,GEO-0031,479.4,1,0.4,23.16,2,0,20231127,20231129
ORD-2023-10755,2023-11-28,2023-12-01,CUST-0146,PROD-0012,GEO-0006,106.2,2,0.1,59.56,3,1,20231128,20231201
ORD-2023-10912,2023-11-28,2023-12-01,CUST-0168,PROD-0048,GEO-0012,23.8,1,0.15,6.18,3,0,20231128,20231201
ORD-2023-10986,2023-11-28,2023-12-04,CUST-0182,PROD-0007,GEO-0018,3396.6,4,0.15,1055.0,6,0,20231128,20231204
ORD-2023-11708,2023-11-28,2023-11-30,CUST-0322,PROD-0022,GEO-0025,1040.25,5,0.05,531.67,2,0,20231128,20231130
ORD-2023-12641,2023-11-28,2023-12-02,CUST-0483,PROD-0027,GEO-0027,291.9,3,0.3,49.11,4,0,20231128,20231202
ORD-2023-10976,2023-11-29,2023-12-01,CUST-0181,PROD-0038,GEO-0026,94.5,1,0.5,-4.19,2,0,20231129,20231201
ORD-2023-10980,2023-11-29,2023-12-01,CUST-0181,PROD-0008,GEO-0026,5697.0,3,0.0,2387.24,2,0,20231129,20231201
ORD-2023-13855,2023-11-29,2023-12-01,CUST-0718,PROD-0057,GEO-0002,90.0,2,0.0,44.13,2,0,20231129,20231201
ORD-2023-10921,2023-11-30,2023-12-02,CUST-0168,PROD-0015,GEO-0012,178.0,2,0.0,100.69,2,0,20231130,20231202
ORD-2023-12298,2023-12-01,2023-12-05,CUST-0422,PROD-0022,GEO-0002,416.1,2,0.05,215.53,4,0,20231201,20231205
ORD-2023-12614,2023-12-01,2023-12-03,CUST-0475,PROD-0010,GEO-0003,7245.0,5,0.0,2964.36,2,0,20231201,20231203
ORD-2023-13489,2023-12-02,2023-12-04,CUST-0642,PROD-0031,GEO-0012,198.0,2,0.0,95.97,2,0,20231202,20231204
ORD-2023-13734,2023-12-02,2023-12-05,CUST-0694,PROD-0006,GEO-0019,4676.4,4,0.1,1659.19,3,0,20231202,20231205
ORD-2023-14387,2023-12-02,2023-12-03,CUST-0836,PROD-0007,GEO-0012,2997.0,3,0.0,1247.99,1,0,20231202,20231203
ORD-2023-10097,2023-12-03,2023-12-06,CUST-0022,PROD-0021,GEO-0022,1197.0,3,0.0,608.02,3,0,20231203,20231206
ORD-2023-10741,2023-12-03,2023-12-04,CUST-0142,PROD-0009,GEO-0025,549.0,1,0.0,224.74,1,0,20231203,20231204
ORD-2023-13890,2023-12-03,2023-12-06,CUST-0729,PROD-0008,GEO-0001,1804.05,1,0.05,699.05,3,0,20231203,20231206
ORD-2023-10433,2023-12-04,2023-12-06,CUST-0087,PROD-0045,GEO-0009,836.0,8,0.05,441.4,2,0,20231204,20231206
ORD-2023-10477,2023-12-04,2023-12-07,CUST-0095,PROD-0001,GEO-0017,799.0,1,0.0,345.74,3,0,20231204,20231207
ORD-2023-10892,2023-12-05,2023-12-06,CUST-0164,PROD-0037,GEO-0002,420.0,2,0.0,227.62,1,0,20231205,20231206
ORD-2023-10897,2023-12-05,2023-12-08,CUST-0165,PROD-0049,GEO-0002,44.0,2,0.0,15.96,3,1,20231205,20231208
ORD-2023-13505,2023-12-05,2023-12-08,CUST-0644,PROD-0031,GEO-0030,396.0,4,0.0,192.88,3,1,20231205,20231208
ORD-2023-13902,2023-12-05,2023-12-08,CUST-0732,PROD-0026,GEO-0016,499.0,1,0.0,212.99,3,0,20231205,20231208
ORD-2023-14308,2023-12-05,2023-12-08,CUST-0817,PROD-0043,GEO-0002,177.0,3,0.0,91.91,3,0,20231205,20231208
ORD-2023-10211,2023-12-06,2023-12-07,CUST-0048,PROD-0032,GEO-0008,271.15,1,0.15,104.42,1,0,20231206,20231207
ORD-2023-10163,2023-12-07,2023-12-09,CUST-0035,PROD-0002,GEO-0006,899.0,1,0.0,373.86,2,0,20231207,20231209
ORD-2023-10397,2023-12-07,2023-12-09,CUST-0082,PROD-0046,GEO-0023,96.9,3,0.05,44.88,2,0,20231207,20231209
ORD-2023-10621,2023-12-07,2023-12-10,CUST-0123,PROD-0033,GEO-0005,202.8,2,0.4,18.87,3,0,20231207,20231210
ORD-2023-11022,2023-12-07,2023-12-10,CUST-0191,PROD-0052,GEO-0001,19.0,1,0.0,7.13,3,0,20231207,20231210
ORD-2023-12544,2023-12-07,2023-12-12,CUST-0464,PROD-0056,GEO-0011,458.0,2,0.0,228.94,5,0,20231207,20231212
ORD-2023-10322,2023-12-08,2023-12-12,CUST-0070,PROD-0009,GEO-0003,549.0,1,0.0,224.78,4,0,20231208,20231212
ORD-2023-10977,2023-12-08,2023-12-10,CUST-0181,PROD-0046,GEO-0026,30.6,1,0.1,13.34,2,0,20231208,20231210
ORD-2023-12744,2023-12-08,2023-12-13,CUST-0499,PROD-0023,GEO-0028,709.65,3,0.05,331.08,5,0,20231208,20231213
ORD-2023-14100,2023-12-08,2023-12-09,CUST-0764,PROD-0047,GEO-0006,20.4,1,0.15,6.75,1,0,20231208,20231209
ORD-2023-13856,2023-12-09,2023-12-13,CUST-0719,PROD-0038,GEO-0016,567.0,3,0.0,268.47,4,0,20231209,20231213
ORD-2023-10717,2023-12-10,2023-12-12,CUST-0138,PROD-0009,GEO-0013,1043.1,2,0.05,394.88,2,0,20231210,20231212
ORD-2023-11582,2023-12-11,2023-12-13,CUST-0304,PROD-0055,GEO-0032,250.2,2,0.1,113.67,2,1,20231211,20231213
ORD-2023-11650,2023-12-11,2023-12-13,CUST-0315,PROD-0041,GEO-0014,33.15,1,0.15,11.39,2,1,20231211,20231213
ORD-2023-12890,2023-12-11,2023-12-14,CUST-0524,PROD-0001,GEO-0021,2397.0,3,0.0,1036.29,3,0,20231211,20231214
ORD-2023-13194,2023-12-11,2023-12-12,CUST-0591,PROD-0012,GEO-0008,118.0,2,0.0,69.16,1,0,20231211,20231212
ORD-2023-10394,2023-12-12,2023-12-16,CUST-0082,PROD-0046,GEO-0023,32.3,1,0.05,12.21,4,0,20231212,20231216
ORD-2023-12651,2023-12-12,2023-12-13,CUST-0484,PROD-0004,GEO-0015,4176.2,4,0.05,1440.85,1,0,20231212,20231213
ORD-2023-10513,2023-12-13,2023-12-15,CUST-0100,PROD-0043,GEO-0008,118.0,2,0.0,56.05,2,0,20231213,20231215
ORD-2023-11450,2023-12-13,2023-12-14,CUST-0276,PROD-0029,GEO-0022,909.15,3,0.05,356.32,1,0,20231213,20231214
ORD-2023-12162,2023-12-13,2023-12-14,CUST-0401,PROD-0055,GEO-0026,417.0,3,0.0,202.26,1,0,20231213,20231214
ORD-2023-12628,2023-12-13,2023-12-14,CUST-0480,PROD-0012,GEO-0006,53.1,1,0.1,28.37,1,0,20231213,20231214
ORD-2023-11733,2023-12-15,2023-12-16,CUST-0327,PROD-0010,GEO-0019,1376.55,1,0.05,521.7,1,0,20231215,20231216
ORD-2023-11752,2023-12-15,2023-12-20,CUST-0330,PROD-0041,GEO-0018,140.4,4,0.1,64.15,5,0,20231215,20231220
ORD-2023-12662,2023-12-15,2023-12-17,CUST-0485,PROD-0021,GEO-0001,798.0,2,0.0,410.67,2,0,20231215,20231217
ORD-2023-13835,2023-12-15,2023-12-18,CUST-0712,PROD-0041,GEO-0030,23.4,1,0.4,3.74,3,1,20231215,20231218
ORD-2023-10928,2023-12-16,2023-12-20,CUST-0170,PROD-0012,GEO-0003,118.0,2,0.0,74.75,4,0,20231216,20231220
ORD-2023-12260,2023-12-16,2023-12-17,CUST-0417,PROD-0034,GEO-0023,65.0,1,0.0,36.57,1,0,20231216,20231217
ORD-2023-14263,2023-12-16,2023-12-18,CUST-0807,PROD-0021,GEO-0014,558.6,2,0.3,165.21,2,0,20231216,20231218
ORD-2023-10257,2023-12-17,2023-12-22,CUST-0059,PROD-0010,GEO-0003,1376.55,1,0.05,519.65,5,0,20231217,20231222
ORD-2023-11176,2023-12-17,2023-12-22,CUST-0224,PROD-0022,GEO-0030,131.4,1,0.4,33.07,5,0,20231217,20231222
ORD-2023-11460,2023-12-17,2023-12-19,CUST-0276,PROD-0038,GEO-0022,396.9,3,0.3,96.51,2,0,20231217,20231219
ORD-2023-14348,2023-12-17,2023-12-20,CUST-0824,PROD-0053,GEO-0012,12.0,1,0.0,1.49,3,0,20231217,20231220
ORD-2023-12643,2023-12-18,2023-12-21,CUST-0483,PROD-0060,GEO-0027,13.3,1,0.05,1.33,3,0,20231218,20231221
ORD-2023-12712,2023-12-18,2023-12-23,CUST-0496,PROD-0010,GEO-0025,5506.2,4,0.05,2087.76,5,0,20231218,20231223
ORD-2023-13526,2023-12-18,2023-12-24,CUST-0648,PROD-0011,GEO-0008,129.0,1,0.0,77.5,6,0,20231218,20231224
ORD-2023-10797,2023-12-19,2023-12-22,CUST-0150,PROD-0049,GEO-0026,66.0,3,0.0,24.09,3,0,20231219,20231222
ORD-2023-13009,2023-12-19,2023-12-23,CUST-0554,PROD-0032,GEO-0010,1595.0,5,0.0,765.66,4,0,20231219,20231223
ORD-2023-10208,2023-12-20,2023-12-21,CUST-0048,PROD-0050,GEO-0008,42.0,1,0.0,19.02,1,0,20231220,20231221
ORD-2023-11130,2023-12-20,2023-12-22,CUST-0208,PROD-0018,GEO-0014,199.0,1,0.0,82.07,2,1,20231220,20231222
ORD-2023-11971,2023-12-20,2023-12-25,CUST-0372,PROD-0047,GEO-0011,120.0,5,0.0,53.99,5,0,20231220,20231225
ORD-2023-12988,2023-12-20,2023-12-21,CUST-0551,PROD-0053,GEO-0021,10.2,1,0.15,2.91,1,0,20231220,20231221
ORD-2023-12160,2023-12-21,2023-12-24,CUST-0401,PROD-0060,GEO-0026,11.2,1,0.2,2.6,3,1,20231221,20231224
ORD-2023-13098,2023-12-21,2023-12-27,CUST-0571,PROD-0021,GEO-0013,399.0,1,0.0,205.2,6,1,20231221,20231227
ORD-2023-13430,2023-12-21,2023-12-23,CUST-0632,PROD-0022,GEO-0009,525.6,3,0.2,221.75,2,0,20231221,20231223
ORD-2023-13938,2023-12-21,2023-12-25,CUST-0737,PROD-0037,GEO-0025,420.0,2,0.0,226.06,4,0,20231221,20231225
ORD-2023-10591,2023-12-22,2023-12-24,CUST-0116,PROD-0010,GEO-0015,1449.0,1,0.0,592.31,2,0,20231222,20231224
ORD-2023-10633,2023-12-22,2023-12-25,CUST-0124,PROD-0017,GEO-0029,1398.0,2,0.0,628.4,3,0,20231222,20231225
ORD-2023-11027,2023-12-22,2023-12-25,CUST-0191,PROD-0040,GEO-0001,58.65,1,0.15,25.14,3,0,20231222,20231225
ORD-2023-10237,2023-12-23,2023-12-27,CUST-0054,PROD-0041,GEO-0001,117.0,5,0.4,15.44,4,0,20231223,20231227
ORD-2023-11800,2023-12-23,2023-12-24,CUST-0339,PROD-0041,GEO-0006,27.3,1,0.3,9.25,1,0,20231223,20231224
ORD-2023-12760,2023-12-23,2023-12-26,CUST-0504,PROD-0059,GEO-0005,17.6,2,0.2,-0.53,3,0,20231223,20231226
ORD-2023-14327,2023-12-23,2023-12-25,CUST-0822,PROD-0030,GEO-0013,687.0,3,0.0,342.3,2,0,20231223,20231225
ORD-2023-10122,2023-12-24,2023-12-27,CUST-0028,PROD-0010,GEO-0016,5216.4,4,0.1,1804.18,3,0,20231224,20231227
ORD-2023-10486,2023-12-24,2023-12-25,CUST-0095,PROD-0056,GEO-0017,320.6,2,0.3,94.18,1,0,20231224,20231225
ORD-2023-11195,2023-12-24,2023-12-27,CUST-0227,PROD-0035,GEO-0015,150.0,2,0.0,83.07,3,0,20231224,20231227
ORD-2023-11930,2023-12-24,2023-12-26,CUST-0362,PROD-0003,GEO-0001,758.1,2,0.05,305.4,2,0,20231224,20231226
ORD-2023-13501,2023-12-24,2023-12-26,CUST-0643,PROD-0021,GEO-0027,1017.45,3,0.15,428.23,2,0,20231224,20231226
ORD-2023-11982,2023-12-25,2023-12-26,CUST-0373,PROD-0037,GEO-0014,630.0,3,0.0,350.46,1,0,20231225,20231226
ORD-2023-12309,2023-12-25,2023-12-27,CUST-0423,PROD-0022,GEO-0017,657.0,3,0.0,355.14,2,0,20231225,20231227
ORD-2023-13992,2023-12-25,2023-12-30,CUST-0749,PROD-0031,GEO-0004,99.0,1,0.0,47.05,5,0,20231225,20231230
ORD-2023-11875,2023-12-26,2023-12-28,CUST-0353,PROD-0042,GEO-0020,34.3,1,0.3,11.05,2,0,20231226,20231228
ORD-2023-12689,2023-12-26,2023-12-28,CUST-0491,PROD-0019,GEO-0013,263.2,1,0.2,78.77,2,0,20231226,20231228
ORD-2023-10527,2023-12-27,2023-12-28,CUST-0104,PROD-0047,GEO-0010,96.0,4,0.0,35.43,1,0,20231227,20231228
ORD-2023-11453,2023-12-27,2023-12-28,CUST-0276,PROD-0045,GEO-0022,550.0,5,0.0,292.89,1,0,20231227,20231228
ORD-2023-12257,2023-12-27,2023-12-30,CUST-0417,PROD-0018,GEO-0023,995.0,5,0.0,420.3,3,0,20231227,20231230
ORD-2023-12381,2023-12-27,2023-12-31,CUST-0435,PROD-0003,GEO-0001,379.05,1,0.05,155.82,4,1,20231227,20231231
ORD-2023-10102,2023-12-28,2023-12-30,CUST-0022,PROD-0003,GEO-0022,718.2,2,0.1,266.94,2,0,20231228,20231230
ORD-2023-10661,2023-12-28,2023-12-30,CUST-0129,PROD-0053,GEO-0018,33.6,4,0.3,-2.89,2,0,20231228,20231230
ORD-2023-11301,2023-12-28,2023-12-30,CUST-0243,PROD-0043,GEO-0011,94.4,2,0.2,35.2,2,0,20231228,20231230
ORD-2023-13391,2023-12-28,2023-12-31,CUST-0625,PROD-0012,GEO-0020,50.15,1,0.15,27.58,3,0,20231228,20231231
ORD-2023-14095,2023-12-28,2024-01-04,CUST-0764,PROD-0017,GEO-0006,699.0,1,0.0,314.25,7,0,20231228,20240104
ORD-2023-10765,2023-12-29,2024-01-01,CUST-0146,PROD-0059,GEO-0006,10.45,1,0.05,2.53,3,0,20231229,20240101
ORD-2023-13136,2023-12-29,2024-01-02,CUST-0581,PROD-0041,GEO-0018,198.9,6,0.15,84.51,4,0,20231229,20240102
ORD-2023-11276,2023-12-30,2024-01-01,CUST-0240,PROD-0003,GEO-0029,957.6,3,0.2,277.58,2,0,20231230,20240101
ORD-2023-13496,2023-12-30,2024-01-01,CUST-0643,PROD-0025,GEO-0027,649.0,1,0.0,264.76,2,0,20231230,20240101
ORD-2023-10767,2023-12-31,2024-01-03,CUST-0146,PROD-0010,GEO-0006,2753.1,2,0.05,1040.92,3,0,20231231,20240103
ORD-2024-10255,2024-01-03,2024-01-04,CUST-0059,PROD-0021,GEO-0003,798.0,2,0.0,409.04,1,0,20240103,20240104
ORD-2024-12061,2024-01-03,2024-01-07,CUST-0388,PROD-0022,GEO-0014,624.15,3,0.05,321.32,4,0,20240103,20240107
ORD-2024-12287,2024-01-03,2024-01-07,CUST-0421,PROD-0006,GEO-0023,1299.0,1,0.0,543.81,4,0,20240103,20240107
ORD-2024-10209,2024-01-04,2024-01-05,CUST-0048,PROD-0060,GEO-0008,14.0,1,0.0,3.42,1,0,20240104,20240105
ORD-2024-13580,2024-01-04,2024-01-10,CUST-0660,PROD-0023,GEO-0005,199.2,1,0.2,74.03,6,0,20240104,20240110
ORD-2024-13259,2024-01-05,2024-01-06,CUST-0600,PROD-0027,GEO-0014,83.4,1,0.4,2.18,1,0,20240105,20240106
ORD-2024-10212,2024-01-07,2024-01-09,CUST-0048,PROD-0026,GEO-0008,898.2,2,0.1,324.68,2,0,20240107,20240109
ORD-2024-12750,2024-01-07,2024-01-11,CUST-0500,PROD-0013,GEO-0018,69.0,1,0.0,40.89,4,0,20240107,20240111
ORD-2024-13588,2024-01-07,2024-01-11,CUST-0661,PROD-0016,GEO-0018,2888.3,2,0.15,1078.52,4,0,20240107,20240111
ORD-2024-10186,2024-01-10,2024-01-13,CUST-0039,PROD-0004,GEO-0005,1044.05,1,0.05,357.14,3,0,20240110,20240113
ORD-2024-10227,2024-01-10,2024-01-12,CUST-0052,PROD-0029,GEO-0013,191.4,1,0.4,5.96,2,0,20240110,20240112
ORD-2024-12675,2024-01-10,2024-01-15,CUST-0489,PROD-0022,GEO-0024,985.5,5,0.1,490.87,5,0,20240110,20240115
ORD-2024-11799,2024-01-11,2024-01-14,CUST-0339,PROD-0042,GEO-0006,49.0,1,0.0,26.0,3,0,20240111,20240114
ORD-2024-13610,2024-01-12,2024-01-15,CUST-0666,PROD-0011,GEO-0030,109.65,1,0.15,58.1,3,0,20240112,20240115
ORD-2024-10564,2024-01-13,2024-01-14,CUST-0109,PROD-0003,GEO-0029,399.0,1,0.0,175.42,1,0,20240113,20240114
ORD-2024-13903,2024-01-13,2024-01-17,CUST-0732,PROD-0015,GEO-0016,89.0,1,0.0,47.54,4,0,20240113,20240117
ORD-2024-10230,2024-01-14,2024-01-16,CUST-0052,PROD-0051,GEO-0013,15.3,1,0.15,2.65,2,0,20240114,20240116
ORD-2024-10029,2024-01-15,2024-01-17,CUST-0006,PROD-0050,GEO-0029,71.4,2,0.15,32.33,2,1,20240115,20240117
ORD-2024-10415,2024-01-15,2024-01-20,CUST-0085,PROD-0046,GEO-0009,68.0,2,0.0,26.13,5,0,20240115,20240120
ORD-2024-11341,2024-01-16,2024-01-18,CUST-0254,PROD-0006,GEO-0016,2208.3,2,0.15,700.81,2,0,20240116,20240118
ORD-2024-14199,2024-01-16,2024-01-22,CUST-0788,PROD-0043,GEO-0026,59.0,1,0.0,30.37,6,0,20240116,20240122
ORD-2024-10019,2024-01-17,2024-01-22,CUST-0004,PROD-0051,GEO-0021,68.4,4,0.05,17.08,5,0,20240117,20240122
ORD-2024-10503,2024-01-18,2024-01-19,CUST-0097,PROD-0008,GEO-0002,1899.0,1,0.0,793.66,1,0,20240118,20240119
ORD-2024-13058,2024-01-18,2024-01-20,CUST-0565,PROD-0003,GEO-0007,798.0,2,0.0,351.64,2,0,20240118,20240120
ORD-2024-14218,2024-01-18,2024-01-22,CUST-0794,PROD-0011,GEO-0008,129.0,1,0.0,80.93,4,0,20240118,20240122
ORD-2024-10078,2024-01-20,2024-01-23,CUST-0016,PROD-0006,GEO-0002,2208.3,2,0.15,699.83,3,0,20240120,20240123
ORD-2024-12818,2024-01-20,2024-01-24,CUST-0515,PROD-0019,GEO-0009,658.0,2,0.0,287.4,4,0,20240120,20240124
ORD-2024-11351,2024-01-22,2024-01-26,CUST-0254,PROD-0006,GEO-0016,1299.0,1,0.0,544.17,4,1,20240122,20240126
ORD-2024-11642,2024-01-23,2024-01-25,CUST-0313,PROD-0004,GEO-0017,934.15,1,0.15,247.51,2,0,20240123,20240125
ORD-2024-10188,2024-01-24,2024-01-29,CUST-0040,PROD-0009,GEO-0013,549.0,1,0.0,225.94,5,0,20240124,20240129
ORD-2024-11232,2024-01-26,2024-01-30,CUST-0232,PROD-0035,GEO-0023,75.0,1,0.0,38.17,4,0,20240126,20240130
ORD-2024-12461,2024-01-27,2024-01-29,CUST-0454,PROD-0001,GEO-0021,799.0,1,0.0,343.31,2,0,20240127,20240129
ORD-2024-12757,2024-01-28,2024-01-31,CUST-0504,PROD-0042,GEO-0005,83.3,2,0.15,38.82,3,0,20240128,20240131
ORD-2024-10787,2024-01-29,2024-02-04,CUST-0150,PROD-0058,GEO-0026,87.0,3,0.0,30.37,6,0,20240129,20240204
ORD-2024-11199,2024-01-29,2024-01-31,CUST-0227,PROD-0008,GEO-0015,7596.0,4,0.0,3180.17,2,0,20240129,20240131
ORD-2024-12251,2024-01-29,2024-02-03,CUST-0416,PROD-0028,GEO-0013,5752.8,8,0.1,2115.28,5,0,20240129,20240203
ORD-2024-10489,2024-01-30,2024-02-03,CUST-0095,PROD-0006,GEO-0017,6495.0,5,0.0,2722.45,4,0,20240130,20240203
ORD-2024-11981,2024-01-30,2024-02-01,CUST-0373,PROD-0032,GEO-0014,319.0,1,0.0,154.01,2,0,20240130,20240201
ORD-2024-14136,2024-01-30,2024-02-02,CUST-0774,PROD-0042,GEO-0015,46.55,1,0.05,21.96,3,0,20240130,20240202
ORD-2024-10483,2024-01-31,2024-02-02,CUST-0095,PROD-0003,GEO-0017,379.05,1,0.05,152.1,2,0,20240131,20240202
ORD-2024-11998,2024-01-31,2024-02-02,CUST-0378,PROD-0012,GEO-0005,118.0,2,0.0,70.75,2,0,20240131,20240202
ORD-2024-13105,2024-01-31,2024-02-02,CUST-0574,PROD-0003,GEO-0002,339.15,1,0.15,115.65,2,0,20240131,20240202
ORD-2024-12167,2024-02-01,2024-02-02,CUST-0401,PROD-0054,GEO-0026,508.3,2,0.15,219.91,1,0,20240201,20240202
ORD-2024-11913,2024-02-04,2024-02-06,CUST-0360,PROD-0029,GEO-0013,813.45,3,0.15,254.16,2,0,20240204,20240206
ORD-2024-13765,2024-02-04,2024-02-07,CUST-0700,PROD-0053,GEO-0008,60.0,5,0.0,11.86,3,0,20240204,20240207
ORD-2024-10487,2024-02-05,2024-02-07,CUST-0095,PROD-0036,GEO-0017,117.6,3,0.2,45.76,2,0,20240205,20240207
ORD-2024-11010,2024-02-05,2024-02-07,CUST-0189,PROD-0043,GEO-0013,177.0,3,0.0,90.71,2,0,20240205,20240207
ORD-2024-11958,2024-02-05,2024-02-08,CUST-0369,PROD-0018,GEO-0020,398.0,2,0.0,165.47,3,0,20240205,20240208
ORD-2024-12870,2024-02-05,2024-02-09,CUST-0521,PROD-0039,GEO-0001,128.0,4,0.0,55.19,4,0,20240205,20240209
ORD-2024-10501,2024-02-08,2024-02-11,CUST-0097,PROD-0013,GEO-0002,138.0,2,0.0,87.12,3,0,20240208,20240211
ORD-2024-13165,2024-02-08,2024-02-11,CUST-0586,PROD-0013,GEO-0021,62.1,1,0.1,34.21,3,0,20240208,20240211
ORD-2024-13253,2024-02-10,2024-02-12,CUST-0598,PROD-0054,GEO-0027,1495.0,5,0.0,760.24,2,0,20240210,20240212
ORD-2024-13216,2024-02-11,2024-02-13,CUST-0595,PROD-0049,GEO-0013,83.6,4,0.05,32.57,2,0,20240211,20240213
ORD-2024-10436,2024-02-12,2024-02-14,CUST-0087,PROD-0001,GEO-0009,799.0,1,0.0,345.88,2,0,20240212,20240214
ORD-2024-11832,2024-02-12,2024-02-14,CUST-0344,PROD-0015,GEO-0032,89.0,1,0.0,50.52,2,0,20240212,20240214
ORD-2024-12556,2024-02-12,2024-02-14,CUST-0467,PROD-0048,GEO-0001,140.0,5,0.0,55.84,2,0,20240212,20240214
ORD-2024-10168,2024-02-13,2024-02-14,CUST-0035,PROD-0025,GEO-0006,1752.3,3,0.1,603.25,1,0,20240213,20240214
ORD-2024-10602,2024-02-13,2024-02-15,CUST-0118,PROD-0048,GEO-0009,19.6,1,0.3,2.78,2,0,20240213,20240215
ORD-2024-12164,2024-02-13,2024-02-16,CUST-0401,PROD-0004,GEO-0026,989.1,1,0.1,305.7,3,0,20240213,20240216
ORD-2024-14103,2024-02-13,2024-02-15,CUST-0765,PROD-0034,GEO-0017,221.0,4,0.15,106.92,2,0,20240213,20240215
ORD-2024-10708,2024-02-14,2024-02-15,CUST-0138,PROD-0019,GEO-0013,625.1,2,0.05,252.19,1,0,20240214,20240215
ORD-2024-11810,2024-02-14,2024-02-19,CUST-0341,PROD-0035,GEO-0017,225.0,3,0.0,117.17,5,0,20240214,20240219
ORD-2024-13146,2024-02-15,2024-02-16,CUST-0583,PROD-0017,GEO-0031,4753.2,8,0.15,1662.55,1,0,20240215,20240216
ORD-2024-10262,2024-02-16,2024-02-17,CUST-0061,PROD-0023,GEO-0020,174.3,1,0.3,47.8,1,0,20240216,20240217
ORD-2024-11707,2024-02-17,2024-02-19,CUST-0322,PROD-0019,GEO-0025,263.2,1,0.2,79.67,2,0,20240217,20240219
ORD-2024-12869,2024-02-17,2024-02-21,CUST-0521,PROD-0011,GEO-0001,122.55,1,0.05,72.22,4,0,20240217,20240221
ORD-2024-14373,2024-02-17,2024-02-19,CUST-0832,PROD-0036,GEO-0002,196.0,4,0.0,97.63,2,0,20240217,20240219
ORD-2024-12875,2024-02-18,2024-02-21,CUST-0521,PROD-0020,GEO-0001,698.0,2,0.0,367.79,3,0,20240218,20240221
ORD-2024-13274,2024-02-18,2024-02-22,CUST-0606,PROD-0020,GEO-0016,488.6,2,0.3,154.7,4,1,20240218,20240222
ORD-2024-11502,2024-02-19,2024-02-22,CUST-0286,PROD-0001,GEO-0004,1438.2,2,0.1,525.11,3,0,20240219,20240222
ORD-2024-12320,2024-02-20,2024-02-22,CUST-0425,PROD-0057,GEO-0006,36.0,1,0.2,12.61,2,0,20240220,20240222
ORD-2024-13008,2024-02-20,2024-02-22,CUST-0554,PROD-0054,GEO-0010,568.1,2,0.05,276.63,2,0,20240220,20240222
ORD-2024-14167,2024-02-20,2024-02-27,CUST-0780,PROD-0055,GEO-0006,291.9,3,0.3,83.28,7,1,20240220,20240227
ORD-2024-12026,2024-02-21,2024-02-23,CUST-0382,PROD-0026,GEO-0020,1497.0,5,0.4,72.8,2,0,20240221,20240223
ORD-2024-12288,2024-02-21,2024-02-24,CUST-0421,PROD-0032,GEO-0023,1355.75,5,0.15,528.38,3,0,20240221,20240224
ORD-2024-10445,2024-02-22,2024-02-27,CUST-0088,PROD-0029,GEO-0006,1212.2,4,0.05,475.3,5,0,20240222,20240227
ORD-2024-10558,2024-02-22,2024-02-23,CUST-0107,PROD-0026,GEO-0018,474.05,1,0.05,190.92,1,0,20240222,20240223
ORD-2024-12382,2024-02-22,2024-02-26,CUST-0435,PROD-0033,GEO-0001,135.2,1,0.2,43.58,4,0,20240222,20240226
ORD-2024-13442,2024-02-22,2024-02-26,CUST-0636,PROD-0019,GEO-0008,1645.0,5,0.0,714.16,4,0,20240222,20240226
ORD-2024-10632,2024-02-24,2024-03-02,CUST-0124,PROD-0047,GEO-0029,64.8,3,0.1,25.0,7,0,20240224,20240302
ORD-2024-11815,2024-02-24,2024-02-25,CUST-0341,PROD-0060,GEO-0017,28.0,2,0.0,4.02,1,0,20240224,20240225
ORD-2024-14253,2024-02-24,2024-02-26,CUST-0805,PROD-0060,GEO-0030,25.2,2,0.1,3.11,2,0,20240224,20240226
ORD-2024-11319,2024-02-25,2024-02-29,CUST-0247,PROD-0019,GEO-0025,526.4,2,0.2,159.64,4,0,20240225,20240229
ORD-2024-13287,2024-02-25,2024-02-28,CUST-0608,PROD-0010,GEO-0029,1449.0,1,0.0,594.65,3,0,20240225,20240228
ORD-2024-10988,2024-02-26,2024-02-29,CUST-0183,PROD-0038,GEO-0021,226.8,2,0.4,26.82,3,0,20240226,20240229
ORD-2024-11674,2024-02-27,2024-03-02,CUST-0318,PROD-0029,GEO-0014,255.2,1,0.2,69.85,4,0,20240227,20240302
ORD-2024-11964,2024-02-27,2024-03-01,CUST-0370,PROD-0012,GEO-0004,59.0,1,0.0,35.52,3,0,20240227,20240301
ORD-2024-10265,2024-02-28,2024-03-01,CUST-0061,PROD-0059,GEO-0020,11.0,1,0.0,2.15,2,0,20240228,20240301
ORD-2024-11201,2024-02-28,2024-02-29,CUST-0227,PROD-0012,GEO-0015,59.0,1,0.0,34.22,1,0,20240228,20240229
ORD-2024-13636,2024-02-28,2024-03-02,CUST-0671,PROD-0016,GEO-0028,1529.1,1,0.1,623.35,3,0,20240228,20240302
ORD-2024-10387,2024-02-29,2024-03-01,CUST-0081,PROD-0046,GEO-0002,47.6,2,0.3,9.49,1,0,20240229,20240301
ORD-2024-12165,2024-02-29,2024-03-01,CUST-0401,PROD-0046,GEO-0026,30.6,1,0.1,9.9,1,0,20240229,20240301
ORD-2024-10015,2024-03-01,2024-03-04,CUST-0003,PROD-0003,GEO-0031,399.0,1,0.0,172.82,3,0,20240301,20240304
ORD-2024-10668,2024-03-01,2024-03-07,CUST-0129,PROD-0003,GEO-0018,1356.6,4,0.15,463.97,6,1,20240301,20240307
ORD-2024-14365,2024-03-01,2024-03-05,CUST-0831,PROD-0038,GEO-0017,453.6,4,0.4,45.91,4,0,20240301,20240305
ORD-2024-10514,2024-03-03,2024-03-05,CUST-0100,PROD-0031,GEO-0008,396.0,5,0.2,142.69,2,0,20240303,20240305
ORD-2024-12476,2024-03-03,2024-03-04,CUST-0456,PROD-0033,GEO-0032,861.9,6,0.15,325.97,1,0,20240303,20240304
ORD-2024-10552,2024-03-04,2024-03-07,CUST-0106,PROD-0054,GEO-0018,538.2,2,0.1,251.26,3,0,20240304,20240307
ORD-2024-12322,2024-03-04,2024-03-06,CUST-0425,PROD-0023,GEO-0006,498.0,2,0.0,245.05,2,0,20240304,20240306
ORD-2024-13482,2024-03-04,2024-03-07,CUST-0642,PROD-0013,GEO-0012,69.0,1,0.0,40.36,3,0,20240304,20240307
ORD-2024-10296,2024-03-05,2024-03-06,CUST-0065,PROD-0003,GEO-0027,399.0,1,0.0,172.76,1,0,20240305,20240306
ORD-2024-11181,2024-03-05,2024-03-06,CUST-0224,PROD-0050,GEO-0030,42.0,1,0.0,22.04,1,0,20240305,20240306
ORD-2024-13207,2024-03-05,2024-03-08,CUST-0594,PROD-0003,GEO-0019,1596.0,4,0.0,698.09,3,0,20240305,20240308
ORD-2024-12425,2024-03-06,2024-03-09,CUST-0444,PROD-0039,GEO-0031,16.0,1,0.5,-1.44,3,0,20240306,20240309
ORD-2024-12506,2024-03-06,2024-03-08,CUST-0460,PROD-0014,GEO-0032,745.0,5,0.0,445.45,2,0,20240306,20240308
ORD-2024-13278,2024-03-08,2024-03-10,CUST-0607,PROD-0030,GEO-0026,549.6,3,0.2,202.68,2,0,20240308,20240310
ORD-2024-14299,2024-03-08,2024-03-09,CUST-0816,PROD-0018,GEO-0001,199.0,1,0.0,82.67,1,0,20240308,20240309
ORD-2024-10398,2024-03-09,2024-03-10,CUST-0082,PROD-0056,GEO-0023,1145.0,5,0.0,576.39,1,0,20240309,20240310
ORD-2024-13581,2024-03-09,2024-03-10,CUST-0660,PROD-0006,GEO-0005,7404.3,6,0.05,2885.3,1,0,20240309,20240310
ORD-2024-10229,2024-03-10,2024-03-17,CUST-0052,PROD-0007,GEO-0013,1798.2,2,0.1,624.31,7,0,20240310,20240317
ORD-2024-11007,2024-03-10,2024-03-12,CUST-0189,PROD-0048,GEO-0013,26.6,1,0.05,12.44,2,0,20240310,20240312
ORD-2024-11769,2024-03-11,2024-03-13,CUST-0334,PROD-0028,GEO-0032,759.05,1,0.05,305.85,2,0,20240311,20240313
ORD-2024-12238,2024-03-11,2024-03-13,CUST-0413,PROD-0056,GEO-0004,458.0,2,0.0,225.98,2,0,20240311,20240313
ORD-2024-13018,2024-03-11,2024-03-13,CUST-0556,PROD-0040,GEO-0014,241.5,5,0.3,68.48,2,0,20240311,20240313
ORD-2024-13627,2024-03-12,2024-03-13,CUST-0671,PROD-0012,GEO-0028,236.0,4,0.0,137.65,1,0,20240312,20240313
ORD-2024-10318,2024-03-13,2024-03-19,CUST-0069,PROD-0060,GEO-0005,84.0,6,0.0,33.83,6,0,20240313,20240319
ORD-2024-13137,2024-03-13,2024-03-15,CUST-0582,PROD-0046,GEO-0009,68.0,2,0.0,26.15,2,0,20240313,20240315
ORD-2024-13402,2024-03-13,2024-03-15,CUST-0626,PROD-0013,GEO-0018,69.0,1,0.0,42.02,2,0,20240313,20240315
ORD-2024-11090,2024-03-14,2024-03-17,CUST-0201,PROD-0057,GEO-0016,85.5,2,0.05,40.62,3,0,20240314,20240317
ORD-2024-12885,2024-03-15,2024-03-17,CUST-0523,PROD-0030,GEO-0007,217.55,1,0.05,102.12,2,0,20240315,20240317
ORD-2024-13010,2024-03-15,2024-03-21,CUST-0554,PROD-0022,GEO-0010,186.15,1,0.15,86.59,6,1,20240315,20240321
ORD-2024-13022,2024-03-15,2024-03-17,CUST-0556,PROD-0012,GEO-0014,59.0,1,0.0,36.69,2,0,20240315,20240317
ORD-2024-10082,2024-03-16,2024-03-17,CUST-0017,PROD-0053,GEO-0005,36.0,3,0.0,11.56,1,0,20240316,20240317
ORD-2024-11997,2024-03-16,2024-03-18,CUST-0377,PROD-0055,GEO-0029,472.6,4,0.15,194.54,2,0,20240316,20240318
ORD-2024-10024,2024-03-17,2024-03-20,CUST-0005,PROD-0058,GEO-0008,27.55,1,0.05,11.24,3,0,20240317,20240320
ORD-2024-11804,2024-03-17,2024-03-19,CUST-0341,PROD-0057,GEO-0017,45.0,1,0.0,22.7,2,0,20240317,20240319
ORD-2024-11949,2024-03-17,2024-03-22,CUST-0367,PROD-0050,GEO-0007,39.9,1,0.05,17.15,5,0,20240317,20240322
ORD-2024-13130,2024-03-17,2024-03-18,CUST-0580,PROD-0030,GEO-0004,458.0,2,0.0,226.53,1,0,20240317,20240318
ORD-2024-13990,2024-03-17,2024-03-18,CUST-0749,PROD-0028,GEO-0004,1438.2,2,0.1,528.36,1,0,20240317,20240318
ORD-2024-10047,2024-03-18,2024-03-19,CUST-0009,PROD-0028,GEO-0032,1518.1,2,0.05,605.26,1,1,20240318,20240319
ORD-2024-10534,2024-03-18,2024-03-21,CUST-0105,PROD-0012,GEO-0018,59.0,1,0.0,36.74,3,0,20240318,20240321
ORD-2024-11401,2024-03-18,2024-03-19,CUST-0265,PROD-0003,GEO-0028,718.2,2,0.1,265.82,1,0,20240318,20240319
ORD-2024-10086,2024-03-19,2024-03-20,CUST-0018,PROD-0030,GEO-0001,435.1,2,0.05,204.12,1,0,20240319,20240320
ORD-2024-11126,2024-03-19,2024-03-21,CUST-0208,PROD-0034,GEO-0014,58.5,1,0.1,27.0,2,0,20240319,20240321
ORD-2024-12492,2024-03-19,2024-03-22,CUST-0457,PROD-0046,GEO-0004,47.6,2,0.3,10.51,3,0,20240319,20240322
ORD-2024-12510,2024-03-19,2024-03-22,CUST-0460,PROD-0028,GEO-0032,2716.6,4,0.15,901.75,3,0,20240319,20240322
ORD-2024-12166,2024-03-20,2024-03-22,CUST-0401,PROD-0056,GEO-0026,160.3,1,0.3,45.22,2,0,20240320,20240322
ORD-2024-11293,2024-03-21,2024-03-24,CUST-0241,PROD-0039,GEO-0022,86.4,3,0.1,29.48,3,0,20240321,20240324
ORD-2024-12044,2024-03-21,2024-03-24,CUST-0384,PROD-0046,GEO-0001,161.5,5,0.05,63.48,3,0,20240321,20240324
ORD-2024-12053,2024-03-21,2024-03-25,CUST-0385,PROD-0004,GEO-0016,3297.0,3,0.0,1237.44,4,0,20240321,20240325
ORD-2024-12473,2024-03-22,2024-03-29,CUST-0455,PROD-0057,GEO-0021,213.75,5,0.05,94.62,7,0,20240322,20240329
ORD-2024-14101,2024-03-22,2024-03-26,CUST-0765,PROD-0037,GEO-0017,840.0,4,0.0,467.25,4,0,20240322,20240326
ORD-2024-10683,2024-03-23,2024-03-25,CUST-0131,PROD-0004,GEO-0009,2088.1,2,0.05,718.72,2,1,20240323,20240325
ORD-2024-12253,2024-03-23,2024-03-25,CUST-0416,PROD-0003,GEO-0013,1077.3,3,0.1,404.31,2,0,20240323,20240325
ORD-2024-13382,2024-03-24,2024-03-26,CUST-0625,PROD-0045,GEO-0020,88.0,1,0.2,36.97,2,0,20240324,20240326
ORD-2024-10658,2024-03-25,2024-03-29,CUST-0127,PROD-0046,GEO-0014,34.0,1,0.0,14.67,4,0,20240325,20240329
ORD-2024-13292,2024-03-25,2024-03-27,CUST-0608,PROD-0050,GEO-0029,420.0,10,0.0,191.15,2,0,20240325,20240327
ORD-2024-13975,2024-03-25,2024-03-29,CUST-0745,PROD-0009,GEO-0018,521.55,1,0.05,196.11,4,0,20240325,20240329
ORD-2024-13275,2024-03-26,2024-03-29,CUST-0606,PROD-0024,GEO-0016,568.1,2,0.05,281.98,3,0,20240326,20240329
ORD-2024-13817,2024-03-26,2024-03-27,CUST-0710,PROD-0043,GEO-0003,53.1,1,0.1,22.81,1,0,20240326,20240327
ORD-2024-10716,2024-03-27,2024-03-29,CUST-0138,PROD-0037,GEO-0013,199.5,1,0.05,106.36,2,0,20240327,20240329
ORD-2024-13072,2024-03-27,2024-03-30,CUST-0566,PROD-0060,GEO-0022,14.0,1,0.0,3.11,3,0,20240327,20240330
ORD-2024-10166,2024-03-28,2024-04-01,CUST-0035,PROD-0050,GEO-0006,42.0,1,0.0,20.98,4,0,20240328,20240401
ORD-2024-10549,2024-03-28,2024-03-31,CUST-0106,PROD-0059,GEO-0018,33.0,3,0.0,6.9,3,0,20240328,20240331
ORD-2024-12454,2024-03-28,2024-03-31,CUST-0453,PROD-0057,GEO-0011,270.0,6,0.0,132.94,3,0,20240328,20240331
ORD-2024-13935,2024-03-28,2024-04-01,CUST-0737,PROD-0029,GEO-0025,303.05,1,0.05,118.98,4,0,20240328,20240401
ORD-2024-14479,2024-03-28,2024-04-01,CUST-0850,PROD-0043,GEO-0016,59.0,1,0.0,28.2,4,0,20240328,20240401
ORD-2024-12699,2024-03-29,2024-03-31,CUST-0493,PROD-0038,GEO-0011,321.3,2,0.15,125.18,2,0,20240329,20240331
ORD-2024-10066,2024-03-30,2024-04-05,CUST-0015,PROD-0022,GEO-0018,208.05,1,0.05,109.21,6,0,20240330,20240405
ORD-2024-14092,2024-03-30,2024-04-01,CUST-0764,PROD-0027,GEO-0006,834.0,6,0.0,351.6,2,0,20240330,20240401
ORD-2024-10562,2024-03-31,2024-04-04,CUST-0109,PROD-0056,GEO-0029,206.1,1,0.1,90.43,4,0,20240331,20240404
ORD-2024-10817,2024-03-31,2024-04-05,CUST-0154,PROD-0004,GEO-0020,989.1,1,0.1,304.4,5,0,20240331,20240405
ORD-2024-11813,2024-04-02,2024-04-04,CUST-0341,PROD-0027,GEO-0017,55.6,1,0.6,-24.54,2,1,20240402,20240404
ORD-2024-12701,2024-04-02,2024-04-05,CUST-0493,PROD-0010,GEO-0011,1449.0,1,0.0,592.66,3,0,20240402,20240405
ORD-2024-10545,2024-04-03,2024-04-06,CUST-0106,PROD-0046,GEO-0018,34.0,1,0.0,15.48,3,0,20240403,20240406
ORD-2024-10710,2024-04-03,2024-04-05,CUST-0138,PROD-0060,GEO-0013,13.3,1,0.05,2.55,2,0,20240403,20240405
ORD-2024-10775,2024-04-03,2024-04-05,CUST-0147,PROD-0057,GEO-0028,90.0,2,0.0,45.72,2,0,20240403,20240405
ORD-2024-12271,2024-04-03,2024-04-08,CUST-0418,PROD-0003,GEO-0012,1197.0,3,0.0,527.17,5,1,20240403,20240408
ORD-2024-10154,2024-04-04,2024-04-06,CUST-0033,PROD-0014,GEO-0026,283.1,2,0.05,166.23,2,0,20240404,20240406
ORD-2024-11607,2024-04-04,2024-04-06,CUST-0309,PROD-0049,GEO-0005,15.4,1,0.3,1.62,2,0,20240404,20240406
ORD-2024-13994,2024-04-05,2024-04-08,CUST-0749,PROD-0037,GEO-0004,630.0,3,0.0,347.85,3,1,20240405,20240408
ORD-2024-10261,2024-04-06,2024-04-08,CUST-0061,PROD-0039,GEO-0020,64.0,2,0.0,28.67,2,0,20240406,20240408
ORD-2024-12263,2024-04-06,2024-04-10,CUST-0417,PROD-0019,GEO-0023,329.0,1,0.0,143.07,4,0,20240406,20240410
ORD-2024-11818,2024-04-08,2024-04-10,CUST-0342,PROD-0018,GEO-0011,597.0,3,0.0,254.31,2,0,20240408,20240410
ORD-2024-12408,2024-04-09,2024-04-11,CUST-0441,PROD-0036,GEO-0027,34.3,1,0.3,7.52,2,1,20240409,20240411
ORD-2024-11318,2024-04-10,2024-04-12,CUST-0247,PROD-0029,GEO-0025,271.15,1,0.15,86.96,2,1,20240410,20240412
ORD-2024-11205,2024-04-11,2024-04-12,CUST-0228,PROD-0029,GEO-0005,271.15,1,0.15,88.08,1,0,20240411,20240412
ORD-2024-13981,2024-04-11,2024-04-18,CUST-0746,PROD-0014,GEO-0006,253.3,2,0.15,135.16,7,0,20240411,20240418
ORD-2024-10167,2024-04-12,2024-04-14,CUST-0035,PROD-0056,GEO-0006,412.2,2,0.1,185.05,2,0,20240412,20240414
ORD-2024-11387,2024-04-12,2024-04-13,CUST-0261,PROD-0059,GEO-0016,11.0,1,0.0,1.11,1,0,20240412,20240413
ORD-2024-12540,2024-04-12,2024-04-16,CUST-0463,PROD-0021,GEO-0020,798.0,2,0.0,406.97,4,0,20240412,20240416
ORD-2024-12639,2024-04-15,2024-04-18,CUST-0482,PROD-0025,GEO-0019,1233.1,2,0.05,461.88,3,0,20240415,20240418
ORD-2024-13752,2024-04-15,2024-04-17,CUST-0697,PROD-0025,GEO-0020,551.65,1,0.15,167.67,2,0,20240415,20240417
ORD-2024-11824,2024-04-17,2024-04-18,CUST-0343,PROD-0007,GEO-0009,9990.0,10,0.0,4153.56,1,0,20240417,20240418
ORD-2024-10123,2024-04-18,2024-04-20,CUST-0028,PROD-0022,GEO-0016,208.05,1,0.05,109.23,2,0,20240418,20240420
ORD-2024-11787,2024-04-19,2024-04-21,CUST-0335,PROD-0004,GEO-0020,1044.05,1,0.05,357.99,2,0,20240419,20240421
ORD-2024-14256,2024-04-19,2024-04-21,CUST-0805,PROD-0015,GEO-0030,338.2,4,0.05,177.54,2,0,20240419,20240421
ORD-2024-11945,2024-04-20,2024-04-25,CUST-0365,PROD-0048,GEO-0006,75.6,3,0.1,30.66,5,0,20240420,20240425
ORD-2024-13228,2024-04-21,2024-04-23,CUST-0596,PROD-0054,GEO-0015,299.0,1,0.0,152.88,2,0,20240421,20240423
ORD-2024-10502,2024-04-22,2024-04-23,CUST-0097,PROD-0012,GEO-0002,177.0,3,0.0,102.2,1,0,20240422,20240423
ORD-2024-10886,2024-04-22,2024-04-24,CUST-0163,PROD-0025,GEO-0019,649.0,1,0.0,262.6,2,0,20240422,20240424
ORD-2024-12181,2024-04-23,2024-04-24,CUST-0404,PROD-0010,GEO-0030,1376.55,1,0.05,522.41,1,0,20240423,20240424
ORD-2024-12596,2024-04-23,2024-04-26,CUST-0472,PROD-0029,GEO-0017,319.0,1,0.0,135.8,3,0,20240423,20240426
ORD-2024-13870,2024-04-23,2024-04-24,CUST-0724,PROD-0035,GEO-0029,75.0,1,0.0,39.6,1,0,20240423,20240424
ORD-2024-14318,2024-04-24,2024-04-28,CUST-0820,PROD-0049,GEO-0011,44.0,2,0.0,20.0,4,0,20240424,20240428
ORD-2024-12729,2024-04-25,2024-04-27,CUST-0498,PROD-0047,GEO-0019,72.0,3,0.0,34.9,2,0,20240425,20240427
ORD-2024-14471,2024-04-25,2024-04-27,CUST-0850,PROD-0014,GEO-0016,141.55,1,0.05,83.54,2,0,20240425,20240427
ORD-2024-10565,2024-04-26,2024-04-27,CUST-0109,PROD-0027,GEO-0029,222.4,2,0.2,58.56,1,0,20240426,20240427
ORD-2024-11360,2024-04-27,2024-05-01,CUST-0257,PROD-0034,GEO-0030,130.0,2,0.0,69.04,4,0,20240427,20240501
ORD-2024-12209,2024-04-27,2024-04-28,CUST-0409,PROD-0046,GEO-0029,68.0,2,0.0,33.2,1,0,20240427,20240428
ORD-2024-10022,2024-04-28,2024-05-01,CUST-0004,PROD-0037,GEO-0021,714.0,4,0.15,327.08,3,0,20240428,20240501
ORD-2024-11755,2024-04-28,2024-05-01,CUST-0330,PROD-0038,GEO-0018,179.55,1,0.05,80.7,3,0,20240428,20240501
ORD-2024-10155,2024-04-30,2024-05-04,CUST-0033,PROD-0017,GEO-0026,1048.5,2,0.25,279.67,4,0,20240430,20240504
ORD-2024-10199,2024-05-01,2024-05-04,CUST-0045,PROD-0023,GEO-0016,249.0,1,0.0,122.72,3,0,20240501,20240504
ORD-2024-12277,2024-05-01,2024-05-04,CUST-0418,PROD-0017,GEO-0012,2656.2,4,0.05,1121.54,3,0,20240501,20240504
ORD-2024-10974,2024-05-02,2024-05-07,CUST-0181,PROD-0033,GEO-0026,456.3,3,0.1,191.04,5,0,20240502,20240507
ORD-2024-11598,2024-05-02,2024-05-05,CUST-0306,PROD-0015,GEO-0027,302.6,4,0.15,138.25,3,0,20240502,20240505
ORD-2024-12821,2024-05-02,2024-05-04,CUST-0516,PROD-0030,GEO-0012,217.55,1,0.05,104.36,2,0,20240502,20240504
ORD-2024-13659,2024-05-02,2024-05-04,CUST-0678,PROD-0015,GEO-0002,89.0,1,0.0,50.72,2,0,20240502,20240504
ORD-2024-13770,2024-05-02,2024-05-03,CUST-0700,PROD-0035,GEO-0008,71.25,1,0.05,38.15,1,0,20240502,20240503
ORD-2024-10134,2024-05-03,2024-05-07,CUST-0028,PROD-0010,GEO-0016,3912.3,3,0.1,1342.74,4,0,20240503,20240507
ORD-2024-13538,2024-05-03,2024-05-05,CUST-0651,PROD-0038,GEO-0007,113.4,1,0.4,12.84,2,0,20240503,20240505
ORD-2024-13643,2024-05-03,2024-05-06,CUST-0673,PROD-0023,GEO-0013,224.1,1,0.1,99.08,3,0,20240503,20240506
ORD-2024-12366,2024-05-04,2024-05-06,CUST-0433,PROD-0015,GEO-0003,169.1,2,0.05,87.97,2,0,20240504,20240506
ORD-2024-13969,2024-05-04,2024-05-08,CUST-0745,PROD-0035,GEO-0018,75.0,1,0.0,38.47,4,0,20240504,20240508
ORD-2024-12429,2024-05-05,2024-05-07,CUST-0447,PROD-0030,GEO-0010,916.0,4,0.0,457.38,2,0,20240505,20240507
ORD-2024-12592,2024-05-05,2024-05-08,CUST-0471,PROD-0012,GEO-0021,118.0,2,0.0,70.52,3,0,20240505,20240508
ORD-2024-12692,2024-05-05,2024-05-10,CUST-0491,PROD-0057,GEO-0013,225.0,5,0.0,107.66,5,0,20240505,20240510
ORD-2024-13393,2024-05-05,2024-05-07,CUST-0625,PROD-0014,GEO-0020,424.65,3,0.05,243.89,2,1,20240505,20240507
ORD-2024-12452,2024-05-06,2024-05-09,CUST-0453,PROD-0034,GEO-0011,195.0,3,0.0,108.99,3,0,20240506,20240509
ORD-2024-13360,2024-05-06,2024-05-09,CUST-0621,PROD-0039,GEO-0011,86.4,3,0.1,33.25,3,0,20240506,20240509
ORD-2024-13915,2024-05-06,2024-05-08,CUST-0734,PROD-0042,GEO-0017,186.2,4,0.05,94.03,2,0,20240506,20240508
ORD-2024-11919,2024-05-07,2024-05-09,CUST-0360,PROD-0018,GEO-0013,199.0,1,0.0,85.12,2,0,20240507,20240509
ORD-2024-12110,2024-05-07,2024-05-11,CUST-0394,PROD-0009,GEO-0030,521.55,1,0.05,197.67,4,0,20240507,20240511
ORD-2024-12593,2024-05-07,2024-05-09,CUST-0471,PROD-0046,GEO-0021,68.0,2,0.0,28.21,2,0,20240507,20240509
ORD-2024-10613,2024-05-08,2024-05-10,CUST-0122,PROD-0023,GEO-0004,1344.6,6,0.1,604.26,2,0,20240508,20240510
ORD-2024-14185,2024-05-08,2024-05-12,CUST-0786,PROD-0031,GEO-0013,94.05,1,0.05,45.65,4,0,20240508,20240512
ORD-2024-13839,2024-05-10,2024-05-14,CUST-0712,PROD-0019,GEO-0030,658.0,2,0.0,288.51,4,0,20240510,20240514
ORD-2024-13904,2024-05-10,2024-05-11,CUST-0732,PROD-0021,GEO-0016,798.0,2,0.0,411.23,1,0,20240510,20240511
ORD-2024-11432,2024-05-11,2024-05-12,CUST-0272,PROD-0036,GEO-0022,49.0,1,0.0,25.36,1,0,20240511,20240512
ORD-2024-11532,2024-05-11,2024-05-15,CUST-0292,PROD-0005,GEO-0020,855.0,1,0.1,249.71,4,0,20240511,20240515
ORD-2024-12254,2024-05-11,2024-05-13,CUST-0416,PROD-0042,GEO-0013,93.1,2,0.05,47.72,2,0,20240511,20240513
ORD-2024-12268,2024-05-11,2024-05-15,CUST-0418,PROD-0019,GEO-0012,1233.75,5,0.25,311.15,4,0,20240511,20240515
ORD-2024-11282,2024-05-14,2024-05-16,CUST-0240,PROD-0031,GEO-0029,99.0,1,0.0,50.44,2,0,20240514,20240516
ORD-2024-12666,2024-05-14,2024-05-17,CUST-0487,PROD-0050,GEO-0021,39.9,1,0.05,20.77,3,0,20240514,20240517
ORD-2024-13774,2024-05-14,2024-05-17,CUST-0702,PROD-0058,GEO-0032,58.0,2,0.0,27.92,3,0,20240514,20240517
ORD-2024-13859,2024-05-14,2024-05-18,CUST-0719,PROD-0045,GEO-0016,77.0,1,0.3,27.29,4,0,20240514,20240518
ORD-2024-14071,2024-05-14,2024-05-17,CUST-0760,PROD-0046,GEO-0001,64.6,2,0.05,28.53,3,0,20240514,20240517
ORD-2024-14090,2024-05-14,2024-05-17,CUST-0764,PROD-0003,GEO-0006,359.1,1,0.1,134.19,3,0,20240514,20240517
ORD-2024-10190,2024-05-15,2024-05-17,CUST-0041,PROD-0053,GEO-0017,24.0,2,0.0,8.51,2,0,20240515,20240517
ORD-2024-12113,2024-05-15,2024-05-16,CUST-0395,PROD-0011,GEO-0006,116.1,1,0.1,66.7,1,0,20240515,20240516
ORD-2024-13897,2024-05-15,2024-05-16,CUST-0732,PROD-0026,GEO-0016,1197.6,3,0.2,338.12,1,0,20240515,20240516
ORD-2024-11266,2024-05-16,2024-05-18,CUST-0237,PROD-0027,GEO-0018,417.0,3,0.0,174.33,2,0,20240516,20240518
ORD-2024-12973,2024-05-17,2024-05-19,CUST-0548,PROD-0050,GEO-0016,168.0,4,0.0,83.55,2,0,20240517,20240519
ORD-2024-13896,2024-05-17,2024-05-19,CUST-0732,PROD-0054,GEO-0016,299.0,1,0.0,155.75,2,1,20240517,20240519
ORD-2024-14368,2024-05-17,2024-05-18,CUST-0831,PROD-0013,GEO-0017,207.0,3,0.0,129.84,1,0,20240517,20240518
ORD-2024-14357,2024-05-18,2024-05-23,CUST-0827,PROD-0044,GEO-0021,71.1,1,0.1,33.27,5,0,20240518,20240523
ORD-2024-10920,2024-05-19,2024-05-20,CUST-0168,PROD-0020,GEO-0012,349.0,1,0.0,183.59,1,0,20240519,20240520
ORD-2024-13595,2024-05-19,2024-05-21,CUST-0664,PROD-0054,GEO-0015,1420.25,5,0.05,704.28,2,0,20240519,20240521
ORD-2024-11597,2024-05-20,2024-05-23,CUST-0306,PROD-0035,GEO-0027,75.0,1,0.0,38.83,3,0,20240520,20240523
ORD-2024-12038,2024-05-20,2024-05-21,CUST-0384,PROD-0046,GEO-0001,28.9,1,0.15,9.25,1,0,20240520,20240521
ORD-2024-10798,2024-05-21,2024-05-24,CUST-0150,PROD-0026,GEO-0026,424.15,1,0.15,139.9,3,0,20240521,20240524
ORD-2024-14007,2024-05-21,2024-05-22,CUST-0750,PROD-0005,GEO-0007,2850.0,3,0.0,1031.33,1,0,20240521,20240522
ORD-2024-14241,2024-05-21,2024-05-26,CUST-0801,PROD-0009,GEO-0007,1564.65,3,0.05,588.53,5,0,20240521,20240526
ORD-2024-11620,2024-05-22,2024-05-26,CUST-0310,PROD-0054,GEO-0029,568.1,2,0.05,280.93,4,0,20240522,20240526
ORD-2024-12926,2024-05-22,2024-05-25,CUST-0535,PROD-0008,GEO-0028,3798.0,2,0.0,1590.62,3,0,20240522,20240525
ORD-2024-13945,2024-05-23,2024-05-24,CUST-0739,PROD-0035,GEO-0010,127.5,2,0.15,54.33,1,0,20240523,20240524
ORD-2024-13148,2024-05-24,2024-05-25,CUST-0584,PROD-0026,GEO-0014,199.6,1,0.6,-86.6,1,0,20240524,20240525
ORD-2024-11610,2024-05-25,2024-05-26,CUST-0309,PROD-0011,GEO-0005,129.0,1,0.0,77.63,1,0,20240525,20240526
ORD-2024-11645,2024-05-25,2024-05-27,CUST-0314,PROD-0011,GEO-0019,258.0,2,0.0,161.58,2,0,20240525,20240527
ORD-2024-14295,2024-05-25,2024-05-28,CUST-0816,PROD-0044,GEO-0001,71.1,1,0.1,32.77,3,0,20240525,20240528
ORD-2024-11538,2024-05-26,2024-05-28,CUST-0293,PROD-0012,GEO-0030,59.0,1,0.0,36.15,2,0,20240526,20240528
ORD-2024-14425,2024-05-26,2024-05-30,CUST-0843,PROD-0013,GEO-0018,69.0,1,0.0,40.06,4,0,20240526,20240530
ORD-2024-11239,2024-05-27,2024-05-29,CUST-0233,PROD-0048,GEO-0010,28.0,1,0.0,10.69,2,0,20240527,20240529
ORD-2024-11809,2024-05-27,2024-06-01,CUST-0341,PROD-0037,GEO-0017,504.0,3,0.2,219.87,5,0,20240527,20240601
ORD-2024-14193,2024-05-27,2024-05-30,CUST-0788,PROD-0024,GEO-0026,299.0,1,0.0,153.29,3,1,20240527,20240530
ORD-2024-11133,2024-05-28,2024-06-03,CUST-0209,PROD-0047,GEO-0027,24.0,1,0.0,11.08,6,0,20240528,20240603
ORD-2024-13918,2024-05-28,2024-05-29,CUST-0735,PROD-0001,GEO-0012,2277.15,3,0.05,915.58,1,0,20240528,20240529
ORD-2024-10077,2024-05-29,2024-05-30,CUST-0016,PROD-0005,GEO-0002,4750.0,5,0.0,1733.92,1,0,20240529,20240530
ORD-2024-11636,2024-05-29,2024-06-02,CUST-0311,PROD-0004,GEO-0005,1099.0,1,0.0,412.83,4,0,20240529,20240602
ORD-2024-11893,2024-05-29,2024-05-31,CUST-0356,PROD-0022,GEO-0030,219.0,1,0.0,119.92,2,0,20240529,20240531
ORD-2024-12612,2024-05-29,2024-06-01,CUST-0475,PROD-0002,GEO-0003,1798.0,2,0.0,748.23,3,0,20240529,20240601
ORD-2024-12467,2024-05-30,2024-06-02,CUST-0454,PROD-0026,GEO-0021,898.2,2,0.1,328.17,3,0,20240530,20240602
ORD-2024-13397,2024-05-30,2024-05-31,CUST-0626,PROD-0038,GEO-0018,189.0,1,0.0,89.31,1,0,20240530,20240531
ORD-2024-10235,2024-05-31,2024-06-03,CUST-0054,PROD-0041,GEO-0001,37.05,1,0.05,17.71,3,0,20240531,20240603
ORD-2024-10291,2024-05-31,2024-06-03,CUST-0065,PROD-0007,GEO-0027,2847.15,3,0.05,1091.91,3,0,20240531,20240603
ORD-2024-10362,2024-05-31,2024-06-02,CUST-0077,PROD-0038,GEO-0028,340.2,3,0.4,35.34,2,0,20240531,20240602
ORD-2024-14123,2024-05-31,2024-06-03,CUST-0769,PROD-0005,GEO-0027,4750.0,5,0.0,1728.42,3,0,20240531,20240603
ORD-2024-11157,2024-06-01,2024-06-06,CUST-0216,PROD-0058,GEO-0005,27.55,1,0.05,10.68,5,0,20240601,20240606
ORD-2024-14393,2024-06-01,2024-06-03,CUST-0837,PROD-0043,GEO-0016,106.2,2,0.1,46.28,2,0,20240601,20240603
ORD-2024-10589,2024-06-02,2024-06-04,CUST-0115,PROD-0037,GEO-0025,714.0,4,0.15,337.08,2,0,20240602,20240604
ORD-2024-11576,2024-06-02,2024-06-05,CUST-0303,PROD-0006,GEO-0027,4936.2,4,0.05,1919.11,3,0,20240602,20240605
ORD-2024-14187,2024-06-02,2024-06-04,CUST-0788,PROD-0045,GEO-0026,99.0,1,0.1,48.72,2,0,20240602,20240604
ORD-2024-11083,2024-06-03,2024-06-06,CUST-0200,PROD-0044,GEO-0019,189.6,3,0.2,73.42,3,0,20240603,20240606
ORD-2024-12088,2024-06-03,2024-06-06,CUST-0391,PROD-0001,GEO-0015,2397.0,3,0.0,1029.12,3,0,20240603,20240606
ORD-2024-10344,2024-06-04,2024-06-05,CUST-0073,PROD-0040,GEO-0029,327.75,5,0.05,158.12,1,0,20240604,20240605
ORD-2024-11477,2024-06-04,2024-06-08,CUST-0280,PROD-0057,GEO-0012,54.0,2,0.4,7.86,4,0,20240604,20240608
ORD-2024-12911,2024-06-04,2024-06-05,CUST-0528,PROD-0048,GEO-0014,79.8,3,0.05,29.46,1,0,20240604,20240605
ORD-2024-13609,2024-06-04,2024-06-07,CUST-0666,PROD-0056,GEO-0030,549.6,3,0.2,206.27,3,0,20240604,20240607
ORD-2024-14269,2024-06-04,2024-06-11,CUST-0809,PROD-0030,GEO-0012,137.4,1,0.4,24.3,7,0,20240604,20240611
ORD-2024-10383,2024-06-05,2024-06-07,CUST-0080,PROD-0051,GEO-0002,51.3,3,0.05,22.62,2,0,20240605,20240607
ORD-2024-10133,2024-06-06,2024-06-11,CUST-0028,PROD-0050,GEO-0016,33.6,1,0.2,10.93,5,0,20240606,20240611
ORD-2024-12062,2024-06-06,2024-06-09,CUST-0388,PROD-0038,GEO-0014,481.95,3,0.15,178.07,3,0,20240606,20240609
ORD-2024-13985,2024-06-06,2024-06-08,CUST-0747,PROD-0028,GEO-0022,2157.3,3,0.1,788.84,2,0,20240606,20240608
ORD-2024-13988,2024-06-06,2024-06-08,CUST-0748,PROD-0027,GEO-0010,1181.5,10,0.15,398.91,2,0,20240606,20240608
ORD-2024-10959,2024-06-07,2024-06-10,CUST-0177,PROD-0058,GEO-0007,49.3,2,0.15,13.55,3,0,20240607,20240610
ORD-2024-12709,2024-06-07,2024-06-08,CUST-0495,PROD-0041,GEO-0015,62.4,2,0.2,19.77,1,0,20240607,20240608
ORD-2024-13317,2024-06-07,2024-06-09,CUST-0612,PROD-0041,GEO-0032,39.0,2,0.5,-2.58,2,0,20240607,20240609
ORD-2024-14189,2024-06-07,2024-06-08,CUST-0788,PROD-0046,GEO-0026,30.6,1,0.1,10.51,1,0,20240607,20240608
ORD-2024-11637,2024-06-08,2024-06-12,CUST-0311,PROD-0040,GEO-0005,310.5,5,0.1,148.73,4,0,20240608,20240612
ORD-2024-14176,2024-06-09,2024-06-11,CUST-0783,PROD-0010,GEO-0016,4347.0,3,0.0,1776.36,2,0,20240609,20240611
ORD-2024-10085,2024-06-10,2024-06-14,CUST-0017,PROD-0040,GEO-0005,165.6,3,0.2,69.18,4,0,20240610,20240614
ORD-2024-10388,2024-06-10,2024-06-11,CUST-0081,PROD-0011,GEO-0002,645.0,5,0.0,385.96,1,0,20240610,20240611
ORD-2024-11258,2024-06-10,2024-06-13,CUST-0235,PROD-0006,GEO-0023,1299.0,1,0.0,543.88,3,0,20240610,20240613
ORD-2024-11933,2024-06-10,2024-06-12,CUST-0363,PROD-0027,GEO-0019,500.4,4,0.1,179.21,2,0,20240610,20240612
ORD-2024-12451,2024-06-10,2024-06-13,CUST-0453,PROD-0001,GEO-0011,799.0,1,0.0,345.22,3,0,20240610,20240613
ORD-2024-14369,2024-06-10,2024-06-13,CUST-0832,PROD-0026,GEO-0002,449.1,1,0.1,164.17,3,0,20240610,20240613
ORD-2024-10222,2024-06-11,2024-06-15,CUST-0050,PROD-0015,GEO-0014,89.0,1,0.0,49.65,4,0,20240611,20240615
ORD-2024-12503,2024-06-11,2024-06-14,CUST-0460,PROD-0051,GEO-0032,17.1,1,0.05,7.67,3,0,20240611,20240614
ORD-2024-12874,2024-06-11,2024-06-13,CUST-0521,PROD-0006,GEO-0001,4936.2,4,0.05,1916.16,2,0,20240611,20240613
ORD-2024-13944,2024-06-11,2024-06-14,CUST-0739,PROD-0030,GEO-0010,137.4,1,0.4,22.46,3,0,20240611,20240614
ORD-2024-10113,2024-06-12,2024-06-17,CUST-0027,PROD-0045,GEO-0008,176.0,2,0.2,75.24,5,0,20240612,20240617
ORD-2024-11814,2024-06-12,2024-06-19,CUST-0341,PROD-0033,GEO-0017,152.1,1,0.1,60.86,7,0,20240612,20240619
ORD-2024-13632,2024-06-12,2024-06-16,CUST-0671,PROD-0012,GEO-0028,53.1,1,0.1,31.38,4,0,20240612,20240616
ORD-2024-12759,2024-06-13,2024-06-15,CUST-0504,PROD-0050,GEO-0005,84.0,2,0.0,41.46,2,0,20240613,20240615
ORD-2024-13446,2024-06-13,2024-06-15,CUST-0636,PROD-0003,GEO-0008,399.0,1,0.0,174.71,2,1,20240613,20240615
ORD-2024-11531,2024-06-14,2024-06-15,CUST-0292,PROD-0012,GEO-0020,112.1,2,0.05,63.87,1,0,20240614,20240615
ORD-2024-11613,2024-06-14,2024-06-16,CUST-0309,PROD-0045,GEO-0005,1100.0,10,0.0,606.77,2,0,20240614,20240616
ORD-2024-11696,2024-06-14,2024-06-16,CUST-0320,PROD-0030,GEO-0004,389.3,2,0.15,161.65,2,1,20240614,20240616
ORD-2024-12871,2024-06-14,2024-06-16,CUST-0521,PROD-0006,GEO-0001,2468.1,2,0.05,954.46,2,0,20240614,20240616
ORD-2024-13637,2024-06-15,2024-06-18,CUST-0671,PROD-0053,GEO-0028,8.4,1,0.3,-0.84,3,0,20240615,20240618
ORD-2024-11174,2024-06-16,2024-06-17,CUST-0222,PROD-0048,GEO-0002,26.6,1,0.05,10.63,1,0,20240616,20240617
ORD-2024-11781,2024-06-16,2024-06-17,CUST-0334,PROD-0030,GEO-0032,435.1,2,0.05,204.64,1,0,20240616,20240617
ORD-2024-11099,2024-06-17,2024-06-18,CUST-0203,PROD-0012,GEO-0030,168.15,3,0.05,104.35,1,0,20240617,20240618
ORD-2024-11778,2024-06-17,2024-06-18,CUST-0334,PROD-0042,GEO-0032,49.0,1,0.0,27.28,1,0,20240617,20240618
ORD-2024-11783,2024-06-17,2024-06-20,CUST-0334,PROD-0008,GEO-0032,1614.15,1,0.15,508.82,3,0,20240617,20240620
ORD-2024-12202,2024-06-17,2024-06-22,CUST-0407,PROD-0055,GEO-0032,132.05,1,0.05,60.36,5,0,20240617,20240622
ORD-2024-12376,2024-06-17,2024-06-19,CUST-0435,PROD-0056,GEO-0001,687.0,3,0.0,340.84,2,0,20240617,20240619
ORD-2024-11859,2024-06-18,2024-06-20,CUST-0349,PROD-0024,GEO-0010,897.0,3,0.0,463.84,2,0,20240618,20240620
ORD-2024-13350,2024-06-18,2024-06-20,CUST-0618,PROD-0033,GEO-0001,169.0,1,0.0,80.75,2,0,20240618,20240620
ORD-2024-14329,2024-06-19,2024-06-21,CUST-0822,PROD-0036,GEO-0013,245.0,5,0.0,123.72,2,0,20240619,20240621
ORD-2024-10539,2024-06-20,2024-06-21,CUST-0105,PROD-0017,GEO-0018,1188.3,2,0.15,421.15,1,0,20240620,20240621
ORD-2024-10811,2024-06-20,2024-06-21,CUST-0153,PROD-0030,GEO-0011,229.0,1,0.0,114.13,1,0,20240620,20240621
ORD-2024-12523,2024-06-20,2024-06-23,CUST-0461,PROD-0029,GEO-0023,638.0,2,0.0,266.16,3,0,20240620,20240623
ORD-2024-13716,2024-06-21,2024-06-24,CUST-0691,PROD-0006,GEO-0024,3897.0,3,0.0,1635.23,3,0,20240621,20240624
ORD-2024-14290,2024-06-21,2024-06-23,CUST-0815,PROD-0057,GEO-0021,180.0,4,0.0,87.01,2,0,20240621,20240623
ORD-2024-10414,2024-06-22,2024-06-25,CUST-0085,PROD-0020,GEO-0009,1047.0,3,0.0,546.24,3,0,20240622,20240625
ORD-2024-10702,2024-06-22,2024-06-25,CUST-0136,PROD-0025,GEO-0018,324.5,1,0.5,-58.89,3,0,20240622,20240625
ORD-2024-10962,2024-06-22,2024-06-25,CUST-0177,PROD-0023,GEO-0007,1494.0,6,0.0,745.3,3,0,20240622,20240625
ORD-2024-11042,2024-06-22,2024-06-25,CUST-0192,PROD-0006,GEO-0002,1299.0,1,0.0,545.42,3,0,20240622,20240625
ORD-2024-11353,2024-06-22,2024-06-27,CUST-0256,PROD-0060,GEO-0007,11.9,1,0.15,0.66,5,0,20240622,20240627
ORD-2024-11940,2024-06-22,2024-06-25,CUST-0364,PROD-0027,GEO-0028,208.5,3,0.5,-34.73,3,0,20240622,20240625
ORD-2024-12500,2024-06-23,2024-06-25,CUST-0458,PROD-0051,GEO-0026,72.0,4,0.0,20.21,2,0,20240623,20240625
ORD-2024-10287,2024-06-24,2024-06-28,CUST-0065,PROD-0026,GEO-0027,349.3,1,0.3,63.4,4,0,20240624,20240628
ORD-2024-12373,2024-06-24,2024-06-25,CUST-0435,PROD-0040,GEO-0001,138.0,2,0.0,68.48,1,0,20240624,20240625
ORD-2024-12595,2024-06-24,2024-06-29,CUST-0471,PROD-0026,GEO-0021,299.4,1,0.4,15.12,5,0,20240624,20240629
ORD-2024-11626,2024-06-25,2024-06-28,CUST-0311,PROD-0037,GEO-0005,210.0,1,0.0,113.41,3,0,20240625,20240628
ORD-2024-12424,2024-06-26,2024-06-28,CUST-0444,PROD-0002,GEO-0031,2697.0,3,0.0,1118.76,2,0,20240626,20240628
ORD-2024-12948,2024-06-26,2024-06-29,CUST-0541,PROD-0006,GEO-0026,1234.05,1,0.05,477.49,3,0,20240626,20240629
ORD-2024-14099,2024-06-26,2024-07-01,CUST-0764,PROD-0046,GEO-0006,30.6,1,0.1,12.96,5,0,20240626,20240701
ORD-2024-11092,2024-06-27,2024-07-01,CUST-0201,PROD-0041,GEO-0016,37.05,1,0.05,16.52,4,0,20240627,20240701
ORD-2024-11735,2024-06-27,2024-07-01,CUST-0327,PROD-0011,GEO-0019,258.0,2,0.0,157.81,4,0,20240627,20240701
ORD-2024-14410,2024-06-27,2024-06-29,CUST-0839,PROD-0034,GEO-0013,308.75,5,0.05,160.36,2,0,20240627,20240629
ORD-2024-11775,2024-06-28,2024-06-29,CUST-0334,PROD-0053,GEO-0032,10.2,1,0.15,0.36,1,0,20240628,20240629
ORD-2024-13316,2024-06-29,2024-07-05,CUST-0612,PROD-0008,GEO-0032,1899.0,1,0.0,795.99,6,0,20240629,20240705
ORD-2024-12130,2024-06-30,2024-07-02,CUST-0397,PROD-0048,GEO-0016,56.0,2,0.0,27.24,2,0,20240630,20240702
ORD-2024-11805,2024-07-01,2024-07-03,CUST-0341,PROD-0060,GEO-0017,8.4,1,0.4,0.33,2,0,20240701,20240703
ORD-2024-12497,2024-07-01,2024-07-04,CUST-0457,PROD-0010,GEO-0004,1449.0,1,0.0,595.49,3,0,20240701,20240704
ORD-2024-12563,2024-07-01,2024-07-03,CUST-0467,PROD-0017,GEO-0001,664.05,1,0.05,277.99,2,0,20240701,20240703
ORD-2024-13493,2024-07-01,2024-07-05,CUST-0643,PROD-0048,GEO-0027,28.0,1,0.0,12.58,4,0,20240701,20240705
ORD-2024-11038,2024-07-02,2024-07-05,CUST-0192,PROD-0056,GEO-0002,1305.3,6,0.05,619.36,3,0,20240702,20240705
ORD-2024-12775,2024-07-02,2024-07-03,CUST-0508,PROD-0027,GEO-0005,556.0,4,0.0,232.43,1,1,20240702,20240703
ORD-2024-14281,2024-07-02,2024-07-04,CUST-0813,PROD-0005,GEO-0032,902.5,1,0.05,298.52,2,0,20240702,20240704
ORD-2024-12050,2024-07-03,2024-07-05,CUST-0385,PROD-0020,GEO-0016,488.6,2,0.3,157.8,2,0,20240703,20240705
ORD-2024-12590,2024-07-03,2024-07-05,CUST-0471,PROD-0020,GEO-0021,628.2,2,0.1,300.81,2,0,20240703,20240705
ORD-2024-10384,2024-07-04,2024-07-07,CUST-0080,PROD-0013,GEO-0002,207.0,3,0.0,130.82,3,0,20240704,20240707
ORD-2024-11736,2024-07-04,2024-07-06,CUST-0327,PROD-0028,GEO-0019,2397.0,3,0.0,1037.02,2,0,20240704,20240706
ORD-2024-12099,2024-07-04,2024-07-06,CUST-0394,PROD-0046,GEO-0030,64.6,2,0.05,22.63,2,0,20240704,20240706
ORD-2024-12256,2024-07-04,2024-07-07,CUST-0417,PROD-0007,GEO-0023,1798.2,2,0.1,628.34,3,0,20240704,20240707
ORD-2024-12347,2024-07-04,2024-07-08,CUST-0427,PROD-0051,GEO-0005,18.0,1,0.0,6.24,4,0,20240704,20240708
ORD-2024-12505,2024-07-04,2024-07-08,CUST-0460,PROD-0044,GEO-0032,158.0,2,0.0,85.44,4,0,20240704,20240708
ORD-2024-12574,2024-07-04,2024-07-05,CUST-0468,PROD-0027,GEO-0002,375.3,3,0.1,133.8,1,0,20240704,20240705
ORD-2024-13260,2024-07-04,2024-07-05,CUST-0600,PROD-0019,GEO-0014,329.0,1,0.0,144.66,1,0,20240704,20240705
ORD-2024-13940,2024-07-04,2024-07-11,CUST-0737,PROD-0028,GEO-0025,2397.0,3,0.0,1027.39,7,0,20240704,20240711
ORD-2024-14346,2024-07-04,2024-07-11,CUST-0824,PROD-0024,GEO-0012,717.6,3,0.2,285.22,7,0,20240704,20240711
ORD-2024-10165,2024-07-05,2024-07-07,CUST-0035,PROD-0016,GEO-0006,1529.1,1,0.1,624.89,2,0,20240705,20240707
ORD-2024-10512,2024-07-05,2024-07-06,CUST-0099,PROD-0054,GEO-0006,568.1,2,0.05,275.1,1,0,20240705,20240706
ORD-2024-11481,2024-07-05,2024-07-09,CUST-0281,PROD-0055,GEO-0001,278.0,2,0.0,139.48,4,0,20240705,20240709
ORD-2024-13838,2024-07-05,2024-07-07,CUST-0712,PROD-0021,GEO-0030,1197.0,3,0.0,615.92,2,0,20240705,20240707
ORD-2024-14239,2024-07-05,2024-07-09,CUST-0801,PROD-0024,GEO-0007,598.0,2,0.0,304.34,4,0,20240705,20240709
ORD-2024-10971,2024-07-06,2024-07-12,CUST-0180,PROD-0055,GEO-0013,236.3,2,0.15,96.98,6,0,20240706,20240712
ORD-2024-12249,2024-07-06,2024-07-12,CUST-0416,PROD-0039,GEO-0013,19.2,1,0.4,1.04,6,0,20240706,20240712
ORD-2024-13991,2024-07-07,2024-07-10,CUST-0749,PROD-0002,GEO-0004,1798.0,2,0.0,745.97,3,0,20240707,20240710
ORD-2024-10187,2024-07-08,2024-07-11,CUST-0040,PROD-0041,GEO-0013,37.05,1,0.05,17.52,3,0,20240708,20240711
ORD-2024-12197,2024-07-08,2024-07-10,CUST-0406,PROD-0050,GEO-0002,107.1,3,0.15,47.94,2,0,20240708,20240710
ORD-2024-10551,2024-07-09,2024-07-13,CUST-0106,PROD-0033,GEO-0018,169.0,1,0.0,79.02,4,0,20240709,20240713
ORD-2024-11712,2024-07-09,2024-07-12,CUST-0323,PROD-0021,GEO-0024,399.0,1,0.0,204.25,3,1,20240709,20240712
ORD-2024-12032,2024-07-09,2024-07-11,CUST-0383,PROD-0050,GEO-0015,75.6,3,0.4,9.9,2,0,20240709,20240711
ORD-2024-12059,2024-07-09,2024-07-11,CUST-0386,PROD-0035,GEO-0010,750.0,10,0.0,388.98,2,0,20240709,20240711
ORD-2024-13428,2024-07-09,2024-07-11,CUST-0632,PROD-0012,GEO-0009,59.0,1,0.0,34.34,2,0,20240709,20240711
ORD-2024-12213,2024-07-11,2024-07-13,CUST-0409,PROD-0029,GEO-0029,669.9,3,0.3,115.57,2,0,20240711,20240713
ORD-2024-11366,2024-07-12,2024-07-18,CUST-0257,PROD-0036,GEO-0030,93.1,2,0.05,44.07,6,0,20240712,20240718
ORD-2024-11796,2024-07-13,2024-07-17,CUST-0338,PROD-0022,GEO-0026,131.4,1,0.4,29.6,4,1,20240713,20240717
ORD-2024-10263,2024-07-14,2024-07-18,CUST-0061,PROD-0058,GEO-0020,23.2,1,0.2,7.64,4,0,20240714,20240718
ORD-2024-10217,2024-07-15,2024-07-20,CUST-0048,PROD-0029,GEO-0008,957.0,3,0.0,405.68,5,0,20240715,20240720
ORD-2024-10604,2024-07-15,2024-07-16,CUST-0119,PROD-0005,GEO-0003,855.0,1,0.1,250.33,1,0,20240715,20240716
ORD-2024-13426,2024-07-15,2024-07-18,CUST-0632,PROD-0016,GEO-0009,3398.0,2,0.0,1590.27,3,0,20240715,20240718
ORD-2024-12471,2024-07-16,2024-07-17,CUST-0455,PROD-0042,GEO-0021,78.4,2,0.2,34.26,1,0,20240716,20240717
ORD-2024-14076,2024-07-16,2024-07-17,CUST-0761,PROD-0033,GEO-0018,202.8,2,0.4,21.55,1,0,20240716,20240717
ORD-2024-14162,2024-07-16,2024-07-18,CUST-0779,PROD-0027,GEO-0012,291.9,3,0.3,56.11,2,0,20240716,20240718
ORD-2024-14380,2024-07-16,2024-07-18,CUST-0834,PROD-0017,GEO-0005,2796.0,4,0.0,1254.21,2,0,20240716,20240718
ORD-2024-13500,2024-07-17,2024-07-20,CUST-0643,PROD-0047,GEO-0027,19.2,1,0.2,6.58,3,0,20240717,20240720
ORD-2024-11641,2024-07-18,2024-07-20,CUST-0312,PROD-0050,GEO-0019,79.8,2,0.05,35.79,2,0,20240718,20240720
ORD-2024-12417,2024-07-18,2024-07-21,CUST-0443,PROD-0002,GEO-0030,1798.0,2,0.0,746.7,3,0,20240718,20240721
ORD-2024-13699,2024-07-18,2024-07-22,CUST-0687,PROD-0039,GEO-0006,121.6,4,0.05,51.13,4,0,20240718,20240722
ORD-2024-14159,2024-07-18,2024-07-19,CUST-0779,PROD-0039,GEO-0012,28.8,1,0.1,10.32,1,0,20240718,20240719
ORD-2024-11537,2024-07-19,2024-07-21,CUST-0293,PROD-0054,GEO-0030,269.1,1,0.1,122.57,2,0,20240719,20240721
ORD-2024-12051,2024-07-19,2024-07-23,CUST-0385,PROD-0021,GEO-0016,718.2,2,0.1,327.21,4,0,20240719,20240723
ORD-2024-12247,2024-07-19,2024-07-21,CUST-0416,PROD-0020,GEO-0013,698.0,2,0.0,371.6,2,0,20240719,20240721
ORD-2024-12646,2024-07-19,2024-07-21,CUST-0483,PROD-0019,GEO-0027,329.0,1,0.0,143.09,2,1,20240719,20240721
ORD-2024-12877,2024-07-19,2024-07-22,CUST-0521,PROD-0044,GEO-0001,150.1,2,0.05,75.99,3,0,20240719,20240722
ORD-2024-14315,2024-07-19,2024-07-21,CUST-0819,PROD-0007,GEO-0032,949.05,1,0.05,365.57,2,0,20240719,20240721
ORD-2024-10544,2024-07-21,2024-07-24,CUST-0106,PROD-0051,GEO-0018,34.2,2,0.05,9.4,3,0,20240721,20240724
ORD-2024-13618,2024-07-21,2024-07-22,CUST-0669,PROD-0053,GEO-0015,32.4,3,0.1,3.39,1,0,20240721,20240722
ORD-2024-13185,2024-07-22,2024-07-23,CUST-0590,PROD-0023,GEO-0023,236.55,1,0.05,112.49,1,0,20240722,20240723
ORD-2024-11040,2024-07-23,2024-07-27,CUST-0192,PROD-0015,GEO-0002,84.55,1,0.05,45.0,4,0,20240723,20240727
ORD-2024-14126,2024-07-23,2024-07-25,CUST-0769,PROD-0010,GEO-0027,1376.55,1,0.05,523.24,2,0,20240723,20240725
ORD-2024-11078,2024-07-24,2024-07-29,CUST-0200,PROD-0017,GEO-0019,699.0,1,0.0,315.95,5,0,20240724,20240729
ORD-2024-11519,2024-07-24,2024-07-26,CUST-0291,PROD-0051,GEO-0027,72.0,4,0.0,20.61,2,0,20240724,20240726
ORD-2024-14134,2024-07-24,2024-07-29,CUST-0774,PROD-0029,GEO-0015,1148.4,4,0.1,404.54,5,0,20240724,20240729
ORD-2024-14238,2024-07-24,2024-07-25,CUST-0800,PROD-0046,GEO-0017,129.2,4,0.05,50.22,1,0,20240724,20240725
ORD-2024-11892,2024-07-25,2024-07-28,CUST-0355,PROD-0043,GEO-0030,168.15,3,0.05,83.93,3,0,20240725,20240728
ORD-2024-12809,2024-07-25,2024-07-28,CUST-0514,PROD-0058,GEO-0026,23.2,1,0.2,4.85,3,0,20240725,20240728
ORD-2024-13074,2024-07-25,2024-07-26,CUST-0566,PROD-0057,GEO-0022,45.0,1,0.0,20.04,1,0,20240725,20240726
ORD-2024-14221,2024-07-25,2024-07-28,CUST-0794,PROD-0024,GEO-0008,269.1,1,0.1,122.28,3,0,20240725,20240728
ORD-2024-10473,2024-07-26,2024-07-29,CUST-0093,PROD-0004,GEO-0008,2967.3,3,0.1,907.15,3,0,20240726,20240729
ORD-2024-12900,2024-07-26,2024-07-29,CUST-0526,PROD-0051,GEO-0008,18.0,1,0.0,6.48,3,0,20240726,20240729
ORD-2024-12923,2024-07-26,2024-07-29,CUST-0533,PROD-0006,GEO-0032,5845.5,6,0.25,1306.95,3,0,20240726,20240729
ORD-2024-12857,2024-07-27,2024-08-01,CUST-0518,PROD-0050,GEO-0032,420.0,10,0.0,203.05,5,0,20240727,20240801
ORD-2024-12980,2024-07-27,2024-07-29,CUST-0549,PROD-0055,GEO-0002,250.2,2,0.1,114.11,2,0,20240727,20240729
ORD-2024-13319,2024-07-27,2024-07-30,CUST-0613,PROD-0013,GEO-0018,69.0,1,0.0,43.88,3,0,20240727,20240730
ORD-2024-10160,2024-07-28,2024-07-30,CUST-0034,PROD-0044,GEO-0014,150.1,2,0.05,79.82,2,0,20240728,20240730
ORD-2024-10224,2024-07-28,2024-07-29,CUST-0051,PROD-0010,GEO-0015,4347.0,3,0.0,1783.56,1,0,20240728,20240729
ORD-2024-11614,2024-07-28,2024-07-31,CUST-0309,PROD-0031,GEO-0005,84.15,1,0.15,34.61,3,0,20240728,20240731
ORD-2024-11713,2024-07-28,2024-08-01,CUST-0323,PROD-0009,GEO-0024,521.55,1,0.05,197.68,4,0,20240728,20240801
ORD-2024-12089,2024-07-28,2024-07-30,CUST-0391,PROD-0041,GEO-0015,27.3,1,0.3,8.03,2,0,20240728,20240730
ORD-2024-13123,2024-07-28,2024-08-03,CUST-0578,PROD-0057,GEO-0005,85.5,2,0.05,40.7,6,0,20240728,20240803
ORD-2024-14291,2024-07-28,2024-07-30,CUST-0816,PROD-0012,GEO-0001,59.0,1,0.0,35.41,2,0,20240728,20240730
ORD-2024-10818,2024-07-29,2024-07-31,CUST-0154,PROD-0050,GEO-0020,39.9,1,0.05,19.65,2,0,20240729,20240731
ORD-2024-14096,2024-07-29,2024-08-01,CUST-0764,PROD-0034,GEO-0006,65.0,1,0.0,36.46,3,0,20240729,20240801
ORD-2024-10859,2024-07-30,2024-08-02,CUST-0160,PROD-0009,GEO-0031,1564.65,3,0.05,590.48,3,0,20240730,20240802
ORD-2024-12372,2024-07-31,2024-08-02,CUST-0434,PROD-0039,GEO-0006,32.0,1,0.0,13.53,2,0,20240731,20240802
ORD-2024-13399,2024-07-31,2024-08-02,CUST-0626,PROD-0031,GEO-0018,84.15,1,0.15,32.29,2,0,20240731,20240802
ORD-2024-10555,2024-08-01,2024-08-02,CUST-0106,PROD-0028,GEO-0018,1598.0,2,0.0,687.89,1,0,20240801,20240802
ORD-2024-11874,2024-08-01,2024-08-04,CUST-0353,PROD-0049,GEO-0020,41.8,2,0.05,19.1,3,0,20240801,20240804
ORD-2024-12409,2024-08-01,2024-08-03,CUST-0441,PROD-0022,GEO-0027,657.0,3,0.0,352.66,2,0,20240801,20240803
ORD-2024-12981,2024-08-01,2024-08-05,CUST-0549,PROD-0052,GEO-0002,18.05,1,0.05,4.2,4,0,20240801,20240805
ORD-2024-13804,2024-08-01,2024-08-03,CUST-0708,PROD-0021,GEO-0009,1077.3,3,0.1,488.62,2,0,20240801,20240803
ORD-2024-14148,2024-08-01,2024-08-03,CUST-0778,PROD-0021,GEO-0007,638.4,2,0.2,251.15,2,0,20240801,20240803
ORD-2024-14406,2024-08-01,2024-08-02,CUST-0838,PROD-0029,GEO-0010,1531.2,6,0.2,426.93,1,0,20240801,20240802
ORD-2024-10890,2024-08-02,2024-08-04,CUST-0164,PROD-0059,GEO-0002,22.0,2,0.0,2.03,2,0,20240802,20240804
ORD-2024-12108,2024-08-02,2024-08-04,CUST-0394,PROD-0025,GEO-0030,1298.0,2,0.0,526.03,2,0,20240802,20240804
ORD-2024-13487,2024-08-02,2024-08-04,CUST-0642,PROD-0054,GEO-0012,598.0,2,0.0,305.25,2,0,20240802,20240804
ORD-2024-14183,2024-08-02,2024-08-05,CUST-0785,PROD-0055,GEO-0024,278.0,2,0.0,140.62,3,1,20240802,20240805
ORD-2024-14343,2024-08-02,2024-08-04,CUST-0824,PROD-0054,GEO-0012,478.4,2,0.2,192.24,2,0,20240802,20240804
ORD-2024-10533,2024-08-03,2024-08-06,CUST-0105,PROD-0026,GEO-0018,898.2,2,0.1,325.7,3,0,20240803,20240806
ORD-2024-10784,2024-08-03,2024-08-06,CUST-0149,PROD-0006,GEO-0030,5845.5,5,0.1,2065.51,3,0,20240803,20240806
ORD-2024-12583,2024-08-03,2024-08-06,CUST-0471,PROD-0049,GEO-0021,62.7,3,0.05,29.58,3,0,20240803,20240806
ORD-2024-13603,2024-08-03,2024-08-06,CUST-0666,PROD-0043,GEO-0030,59.0,1,0.0,28.28,3,0,20240803,20240806
ORD-2024-14287,2024-08-03,2024-08-06,CUST-0815,PROD-0053,GEO-0021,24.0,2,0.0,4.57,3,0,20240803,20240806
ORD-2024-14151,2024-08-04,2024-08-06,CUST-0778,PROD-0018,GEO-0007,1791.0,10,0.1,660.96,2,0,20240804,20240806
ORD-2024-10526,2024-08-05,2024-08-07,CUST-0104,PROD-0009,GEO-0010,549.0,1,0.0,222.41,2,0,20240805,20240807
ORD-2024-12129,2024-08-05,2024-08-08,CUST-0397,PROD-0007,GEO-0016,999.0,1,0.0,414.39,3,0,20240805,20240808
ORD-2024-12232,2024-08-05,2024-08-07,CUST-0412,PROD-0032,GEO-0028,861.3,3,0.1,361.77,2,1,20240805,20240807
ORD-2024-13363,2024-08-05,2024-08-06,CUST-0622,PROD-0056,GEO-0021,412.2,2,0.1,183.0,1,0,20240805,20240806
ORD-2024-10308,2024-08-06,2024-08-08,CUST-0068,PROD-0011,GEO-0003,122.55,1,0.05,72.93,2,0,20240806,20240808
ORD-2024-11780,2024-08-06,2024-08-07,CUST-0334,PROD-0044,GEO-0032,75.05,1,0.05,38.64,1,0,20240806,20240807
ORD-2024-11528,2024-08-07,2024-08-13,CUST-0292,PROD-0024,GEO-0020,1196.0,4,0.0,617.72,6,0,20240807,20240813
ORD-2024-11896,2024-08-07,2024-08-08,CUST-0356,PROD-0035,GEO-0030,63.75,1,0.15,28.24,1,0,20240807,20240808
ORD-2024-13032,2024-08-07,2024-08-11,CUST-0559,PROD-0048,GEO-0006,26.6,1,0.05,11.69,4,0,20240807,20240811
ORD-2024-11202,2024-08-08,2024-08-10,CUST-0227,PROD-0053,GEO-0015,24.0,2,0.0,2.07,2,0,20240808,20240810
ORD-2024-11627,2024-08-08,2024-08-09,CUST-0311,PROD-0047,GEO-0005,96.0,4,0.0,41.7,1,0,20240808,20240809
ORD-2024-11852,2024-08-08,2024-08-10,CUST-0348,PROD-0002,GEO-0027,1798.0,2,0.0,748.0,2,0,20240808,20240810
ORD-2024-11928,2024-08-08,2024-08-13,CUST-0362,PROD-0058,GEO-0001,174.0,6,0.0,68.18,5,0,20240808,20240813
ORD-2024-11935,2024-08-08,2024-08-10,CUST-0364,PROD-0044,GEO-0028,213.3,3,0.1,99.98,2,0,20240808,20240810
ORD-2024-10027,2024-08-09,2024-08-10,CUST-0005,PROD-0042,GEO-0008,83.3,2,0.15,34.43,1,0,20240809,20240810
ORD-2024-11003,2024-08-09,2024-08-13,CUST-0187,PROD-0009,GEO-0026,1098.0,2,0.0,446.9,4,1,20240809,20240813
ORD-2024-12566,2024-08-09,2024-08-11,CUST-0467,PROD-0051,GEO-0001,15.3,1,0.15,3.4,2,0,20240809,20240811
ORD-2024-13732,2024-08-09,2024-08-12,CUST-0693,PROD-0010,GEO-0004,12316.5,10,0.15,3774.08,3,0,20240809,20240812
ORD-2024-10083,2024-08-10,2024-08-12,CUST-0017,PROD-0019,GEO-0005,592.2,2,0.1,221.81,2,0,20240810,20240812
ORD-2024-10305,2024-08-10,2024-08-13,CUST-0068,PROD-0030,GEO-0003,412.2,2,0.1,179.15,3,0,20240810,20240813
ORD-2024-10776,2024-08-10,2024-08-12,CUST-0147,PROD-0011,GEO-0028,109.65,1,0.15,57.69,2,0,20240810,20240812
ORD-2024-11284,2024-08-10,2024-08-11,CUST-0240,PROD-0017,GEO-0029,3320.25,5,0.05,1388.1,1,0,20240810,20240811
ORD-2024-13374,2024-08-10,2024-08-13,CUST-0623,PROD-0011,GEO-0029,129.0,1,0.0,77.9,3,0,20240810,20240813
ORD-2024-13384,2024-08-10,2024-08-11,CUST-0625,PROD-0030,GEO-0020,1145.0,5,0.0,572.21,1,0,20240810,20240811
ORD-2024-13974,2024-08-10,2024-08-16,CUST-0745,PROD-0049,GEO-0018,20.9,1,0.05,7.55,6,0,20240810,20240816
ORD-2024-12535,2024-08-11,2024-08-13,CUST-0463,PROD-0053,GEO-0020,12.0,1,0.0,1.6,2,0,20240811,20240813
ORD-2024-10079,2024-08-12,2024-08-13,CUST-0016,PROD-0034,GEO-0002,195.0,3,0.0,103.04,1,0,20240812,20240813
ORD-2024-10493,2024-08-13,2024-08-15,CUST-0096,PROD-0038,GEO-0024,113.4,1,0.4,11.43,2,0,20240813,20240815
ORD-2024-10891,2024-08-13,2024-08-14,CUST-0164,PROD-0041,GEO-0002,37.05,1,0.05,18.78,1,0,20240813,20240814
ORD-2024-12601,2024-08-13,2024-08-14,CUST-0473,PROD-0007,GEO-0029,1998.0,2,0.0,824.15,1,0,20240813,20240814
ORD-2024-13837,2024-08-13,2024-08-15,CUST-0712,PROD-0033,GEO-0030,304.2,2,0.1,128.03,2,0,20240813,20240815
ORD-2024-10659,2024-08-14,2024-08-16,CUST-0127,PROD-0047,GEO-0014,38.4,2,0.2,11.01,2,0,20240814,20240816
ORD-2024-11129,2024-08-14,2024-08-16,CUST-0208,PROD-0060,GEO-0014,13.3,1,0.05,1.56,2,0,20240814,20240816
ORD-2024-13362,2024-08-14,2024-08-15,CUST-0622,PROD-0006,GEO-0021,2598.0,2,0.0,1087.47,1,1,20240814,20240815
ORD-2024-14154,2024-08-14,2024-08-17,CUST-0778,PROD-0040,GEO-0007,55.2,1,0.2,21.29,3,1,20240814,20240817
ORD-2024-10175,2024-08-15,2024-08-17,CUST-0035,PROD-0049,GEO-0006,41.8,2,0.05,12.01,2,0,20240815,20240817
ORD-2024-10309,2024-08-15,2024-08-22,CUST-0069,PROD-0028,GEO-0005,1598.0,2,0.0,690.73,7,0,20240815,20240822
ORD-2024-11005,2024-08-15,2024-08-17,CUST-0187,PROD-0055,GEO-0026,278.0,2,0.0,141.04,2,0,20240815,20240817
ORD-2024-11036,2024-08-15,2024-08-16,CUST-0192,PROD-0049,GEO-0002,22.0,1,0.0,9.51,1,0,20240815,20240816
ORD-2024-11894,2024-08-15,2024-08-18,CUST-0356,PROD-0020,GEO-0030,296.65,1,0.15,131.58,3,0,20240815,20240818
ORD-2024-14216,2024-08-15,2024-08-17,CUST-0794,PROD-0055,GEO-0008,139.0,1,0.0,70.48,2,0,20240815,20240817
ORD-2024-14453,2024-08-15,2024-08-18,CUST-0848,PROD-0022,GEO-0001,657.0,3,0.0,357.66,3,0,20240815,20240818
ORD-2024-11428,2024-08-16,2024-08-19,CUST-0270,PROD-0015,GEO-0023,267.0,3,0.0,143.51,3,0,20240816,20240819
ORD-2024-12599,2024-08-16,2024-08-20,CUST-0473,PROD-0056,GEO-0029,229.0,1,0.0,113.62,4,0,20240816,20240820
ORD-2024-13357,2024-08-16,2024-08-18,CUST-0621,PROD-0057,GEO-0011,45.0,1,0.0,22.04,2,0,20240816,20240818
ORD-2024-12642,2024-08-17,2024-08-21,CUST-0483,PROD-0058,GEO-0027,29.0,1,0.0,10.25,4,0,20240817,20240821
ORD-2024-10950,2024-08-18,2024-08-20,CUST-0174,PROD-0027,GEO-0017,139.0,1,0.0,57.66,2,1,20240818,20240820
ORD-2024-11203,2024-08-19,2024-08-22,CUST-0228,PROD-0052,GEO-0005,19.0,1,0.0,6.52,3,0,20240819,20240822
ORD-2024-12404,2024-08-19,2024-08-21,CUST-0439,PROD-0037,GEO-0030,178.5,1,0.15,83.0,2,0,20240819,20240821
ORD-2024-13308,2024-08-19,2024-08-22,CUST-0610,PROD-0047,GEO-0029,21.6,1,0.1,8.45,3,1,20240819,20240822
ORD-2024-11012,2024-08-20,2024-08-21,CUST-0189,PROD-0007,GEO-0013,1998.0,2,0.0,831.97,1,0,20240820,20240821
ORD-2024-11932,2024-08-20,2024-08-22,CUST-0362,PROD-0042,GEO-0001,49.0,1,0.0,24.73,2,0,20240820,20240822
ORD-2024-12515,2024-08-21,2024-08-22,CUST-0460,PROD-0014,GEO-0032,149.0,1,0.0,90.5,1,0,20240821,20240822
ORD-2024-10276,2024-08-22,2024-08-24,CUST-0063,PROD-0006,GEO-0020,1169.1,1,0.1,415.65,2,0,20240822,20240824
ORD-2024-11995,2024-08-22,2024-08-23,CUST-0377,PROD-0059,GEO-0029,22.0,2,0.0,1.85,1,1,20240822,20240823
ORD-2024-10178,2024-08-24,2024-08-28,CUST-0036,PROD-0019,GEO-0010,937.65,3,0.05,387.12,4,0,20240824,20240828
ORD-2024-10911,2024-08-24,2024-08-26,CUST-0168,PROD-0021,GEO-0012,718.2,2,0.1,330.11,2,0,20240824,20240826
ORD-2024-10983,2024-08-24,2024-08-26,CUST-0181,PROD-0023,GEO-0026,1892.4,8,0.05,897.53,2,0,20240824,20240826
ORD-2024-11183,2024-08-24,2024-08-26,CUST-0225,PROD-0005,GEO-0030,855.0,1,0.1,248.79,2,0,20240824,20240826
ORD-2024-12086,2024-08-24,2024-08-29,CUST-0391,PROD-0033,GEO-0015,236.6,2,0.3,55.31,5,0,20240824,20240829
ORD-2024-12480,2024-08-25,2024-08-26,CUST-0456,PROD-0018,GEO-0032,378.1,2,0.05,146.78,1,0,20240825,20240826
ORD-2024-10474,2024-08-26,2024-09-02,CUST-0094,PROD-0022,GEO-0001,591.3,3,0.1,296.54,7,0,20240826,20240902
ORD-2024-12134,2024-08-26,2024-08-29,CUST-0397,PROD-0022,GEO-0016,657.0,3,0.0,359.6,3,0,20240826,20240829
ORD-2024-12936,2024-08-26,2024-08-28,CUST-0537,PROD-0038,GEO-0023,170.1,1,0.1,70.7,2,0,20240826,20240828
ORD-2024-12338,2024-08-28,2024-09-02,CUST-0427,PROD-0024,GEO-0005,269.1,1,0.1,122.55,5,0,20240828,20240902
ORD-2024-12511,2024-08-28,2024-08-31,CUST-0460,PROD-0043,GEO-0032,118.0,2,0.0,60.44,3,0,20240828,20240831
ORD-2024-10070,2024-08-29,2024-09-02,CUST-0016,PROD-0004,GEO-0002,1044.05,1,0.05,360.81,4,0,20240829,20240902
ORD-2024-11872,2024-08-29,2024-08-31,CUST-0352,PROD-0036,GEO-0014,49.0,1,0.0,23.75,2,0,20240829,20240831
ORD-2024-13757,2024-08-29,2024-09-01,CUST-0697,PROD-0012,GEO-0020,200.6,4,0.15,111.26,3,0,20240829,20240901
ORD-2024-11345,2024-08-30,2024-09-01,CUST-0254,PROD-0032,GEO-0016,909.15,3,0.05,417.01,2,0,20240830,20240901
ORD-2024-13587,2024-08-30,2024-09-03,CUST-0661,PROD-0043,GEO-0018,56.05,1,0.05,26.31,4,0,20240830,20240903
ORD-2024-11348,2024-08-31,2024-09-01,CUST-0254,PROD-0053,GEO-0016,12.0,1,0.0,2.08,1,0,20240831,20240901
ORD-2024-11623,2024-08-31,2024-09-02,CUST-0311,PROD-0056,GEO-0005,458.0,2,0.0,229.39,2,0,20240831,20240902
ORD-2024-11774,2024-08-31,2024-09-02,CUST-0334,PROD-0003,GEO-0032,1197.0,3,0.0,527.09,2,0,20240831,20240902
ORD-2024-12450,2024-08-31,2024-09-05,CUST-0453,PROD-0056,GEO-0011,458.0,2,0.0,230.37,5,0,20240831,20240905
ORD-2024-13365,2024-08-31,2024-09-02,CUST-0622,PROD-0027,GEO-0021,166.8,2,0.4,8.03,2,0,20240831,20240902
ORD-2024-13727,2024-08-31,2024-09-03,CUST-0693,PROD-0004,GEO-0004,1099.0,1,0.0,412.78,3,0,20240831,20240903
ORD-2024-14451,2024-08-31,2024-09-06,CUST-0848,PROD-0049,GEO-0001,13.2,1,0.4,0.2,6,0,20240831,20240906
ORD-2024-13166,2024-09-01,2024-09-03,CUST-0586,PROD-0021,GEO-0021,718.2,2,0.1,326.6,2,0,20240901,20240903
ORD-2024-10340,2024-09-02,2024-09-04,CUST-0073,PROD-0054,GEO-0029,284.05,1,0.05,139.96,2,0,20240902,20240904
ORD-2024-11681,2024-09-02,2024-09-04,CUST-0318,PROD-0058,GEO-0014,82.65,3,0.05,30.03,2,0,20240902,20240904
ORD-2024-12927,2024-09-02,2024-09-05,CUST-0535,PROD-0050,GEO-0028,84.0,2,0.0,38.25,3,0,20240902,20240905
ORD-2024-13673,2024-09-02,2024-09-07,CUST-0681,PROD-0023,GEO-0011,224.1,1,0.1,100.91,5,1,20240902,20240907
ORD-2024-13802,2024-09-02,2024-09-05,CUST-0708,PROD-0050,GEO-0009,147.0,5,0.3,43.15,3,0,20240902,20240905
ORD-2024-14014,2024-09-02,2024-09-07,CUST-0753,PROD-0019,GEO-0008,658.0,2,0.0,291.39,5,0,20240902,20240907
ORD-2024-12872,2024-09-03,2024-09-06,CUST-0521,PROD-0024,GEO-0001,598.0,2,0.0,307.19,3,0,20240903,20240906
ORD-2024-13967,2024-09-03,2024-09-05,CUST-0745,PROD-0048,GEO-0018,56.0,2,0.0,24.06,2,0,20240903,20240905
ORD-2024-10685,2024-09-04,2024-09-05,CUST-0132,PROD-0018,GEO-0008,199.0,1,0.0,84.9,1,0,20240904,20240905
ORD-2024-14219,2024-09-04,2024-09-07,CUST-0794,PROD-0057,GEO-0008,76.5,2,0.15,27.84,3,0,20240904,20240907
ORD-2024-10898,2024-09-05,2024-09-08,CUST-0165,PROD-0042,GEO-0002,41.65,1,0.15,19.65,3,1,20240905,20240908
ORD-2024-11132,2024-09-05,2024-09-07,CUST-0209,PROD-0051,GEO-0027,16.2,1,0.1,5.51,2,0,20240905,20240907
ORD-2024-11711,2024-09-05,2024-09-10,CUST-0323,PROD-0042,GEO-0024,98.0,2,0.0,55.76,5,0,20240905,20240910
ORD-2024-11941,2024-09-05,2024-09-07,CUST-0364,PROD-0059,GEO-0028,52.25,5,0.05,0.8,2,0,20240905,20240907
ORD-2024-11950,2024-09-05,2024-09-06,CUST-0367,PROD-0057,GEO-0007,45.0,1,0.0,21.48,1,0,20240905,20240906
ORD-2024-13778,2024-09-05,2024-09-07,CUST-0702,PROD-0041,GEO-0032,31.2,1,0.2,12.23,2,0,20240905,20240907
ORD-2024-10812,2024-09-06,2024-09-07,CUST-0153,PROD-0013,GEO-0011,62.1,1,0.1,33.63,1,0,20240906,20240907
ORD-2024-10144,2024-09-07,2024-09-09,CUST-0032,PROD-0012,GEO-0007,100.3,2,0.15,51.13,2,0,20240907,20240909
ORD-2024-10648,2024-09-07,2024-09-10,CUST-0125,PROD-0006,GEO-0031,2598.0,2,0.0,1086.13,3,0,20240907,20240910
ORD-2024-10945,2024-09-07,2024-09-10,CUST-0172,PROD-0034,GEO-0028,130.0,2,0.0,67.12,3,0,20240907,20240910
ORD-2024-11310,2024-09-07,2024-09-11,CUST-0245,PROD-0056,GEO-0016,458.0,2,0.0,227.34,4,0,20240907,20240911
ORD-2024-12163,2024-09-07,2024-09-12,CUST-0401,PROD-0004,GEO-0026,1099.0,1,0.0,414.3,5,0,20240907,20240912
ORD-2024-12183,2024-09-07,2024-09-08,CUST-0405,PROD-0024,GEO-0027,1196.0,4,0.0,622.15,1,0,20240907,20240908
ORD-2024-12684,2024-09-07,2024-09-14,CUST-0490,PROD-0039,GEO-0013,30.4,1,0.05,13.77,7,0,20240907,20240914
ORD-2024-12812,2024-09-07,2024-09-10,CUST-0514,PROD-0044,GEO-0026,79.0,1,0.0,42.68,3,0,20240907,20240910
ORD-2024-10052,2024-09-08,2024-09-11,CUST-0009,PROD-0046,GEO-0032,204.0,6,0.0,83.43,3,0,20240908,20240911
ORD-2024-10822,2024-09-08,2024-09-09,CUST-0156,PROD-0020,GEO-0018,279.2,1,0.2,112.54,1,0,20240908,20240909
ORD-2024-12740,2024-09-08,2024-09-10,CUST-0499,PROD-0011,GEO-0028,116.1,1,0.1,65.89,2,0,20240908,20240910
ORD-2024-13941,2024-09-08,2024-09-11,CUST-0738,PROD-0032,GEO-0013,191.4,1,0.4,25.61,3,1,20240908,20240911
ORD-2024-12584,2024-09-09,2024-09-10,CUST-0471,PROD-0016,GEO-0021,10194.0,6,0.0,4752.16,1,0,20240909,20240910
ORD-2024-13593,2024-09-09,2024-09-13,CUST-0664,PROD-0030,GEO-0015,137.4,1,0.4,23.27,4,0,20240909,20240913
ORD-2024-13784,2024-09-09,2024-09-12,CUST-0703,PROD-0006,GEO-0002,1299.0,1,0.0,542.09,3,0,20240909,20240912
ORD-2024-12978,2024-09-10,2024-09-15,CUST-0549,PROD-0003,GEO-0002,359.1,1,0.1,135.61,5,0,20240910,20240915
ORD-2024-13707,2024-09-10,2024-09-13,CUST-0689,PROD-0032,GEO-0029,574.2,3,0.4,76.09,3,0,20240910,20240913
ORD-2024-13738,2024-09-10,2024-09-16,CUST-0694,PROD-0040,GEO-0019,220.8,4,0.2,87.68,6,0,20240910,20240916
ORD-2024-10038,2024-09-11,2024-09-14,CUST-0008,PROD-0009,GEO-0005,1098.0,2,0.0,447.42,3,0,20240911,20240914
ORD-2024-10173,2024-09-11,2024-09-12,CUST-0035,PROD-0002,GEO-0006,1708.1,2,0.05,661.25,1,0,20240911,20240912
ORD-2024-11048,2024-09-11,2024-09-13,CUST-0193,PROD-0045,GEO-0032,104.5,1,0.05,54.65,2,1,20240911,20240913
ORD-2024-12422,2024-09-11,2024-09-18,CUST-0443,PROD-0044,GEO-0030,300.2,4,0.05,146.26,7,1,20240911,20240918
ORD-2024-12934,2024-09-11,2024-09-13,CUST-0537,PROD-0055,GEO-0023,278.0,2,0.0,135.09,2,0,20240911,20240913
ORD-2024-13631,2024-09-11,2024-09-15,CUST-0671,PROD-0023,GEO-0028,211.65,1,0.15,87.97,4,0,20240911,20240915
ORD-2024-11376,2024-09-12,2024-09-18,CUST-0260,PROD-0059,GEO-0031,22.0,2,0.0,7.78,6,0,20240912,20240918
ORD-2024-11773,2024-09-12,2024-09-13,CUST-0334,PROD-0049,GEO-0032,59.4,3,0.1,24.34,1,0,20240912,20240913
ORD-2024-12395,2024-09-12,2024-09-14,CUST-0437,PROD-0021,GEO-0032,399.0,1,0.0,202.43,2,1,20240912,20240914
ORD-2024-12660,2024-09-12,2024-09-19,CUST-0485,PROD-0037,GEO-0001,1260.0,6,0.0,678.23,7,0,20240912,20240919
ORD-2024-13599,2024-09-12,2024-09-15,CUST-0665,PROD-0012,GEO-0011,177.0,3,0.0,102.56,3,0,20240912,20240915
ORD-2024-13794,2024-09-12,2024-09-14,CUST-0706,PROD-0057,GEO-0014,114.75,3,0.15,47.33,2,0,20240912,20240914
ORD-2024-10835,2024-09-13,2024-09-16,CUST-0156,PROD-0029,GEO-0018,765.6,3,0.2,214.55,3,0,20240913,20240916
ORD-2024-13324,2024-09-13,2024-09-20,CUST-0615,PROD-0045,GEO-0006,110.0,1,0.0,61.85,7,0,20240913,20240920
ORD-2024-13383,2024-09-13,2024-09-15,CUST-0625,PROD-0029,GEO-0020,303.05,1,0.05,116.26,2,0,20240913,20240915
ORD-2024-13621,2024-09-13,2024-09-17,CUST-0669,PROD-0010,GEO-0015,2898.0,2,0.0,1189.45,4,0,20240913,20240917
ORD-2024-14332,2024-09-13,2024-09-18,CUST-0822,PROD-0054,GEO-0013,358.8,2,0.4,64.86,5,0,20240913,20240918
ORD-2024-10746,2024-09-14,2024-09-18,CUST-0144,PROD-0018,GEO-0004,199.0,1,0.0,82.69,4,0,20240914,20240918
ORD-2024-11433,2024-09-14,2024-09-15,CUST-0272,PROD-0033,GEO-0022,507.0,6,0.5,-39.69,1,0,20240914,20240915
ORD-2024-13132,2024-09-14,2024-09-16,CUST-0581,PROD-0025,GEO-0018,1103.3,2,0.15,334.85,2,0,20240914,20240916
ORD-2024-10380,2024-09-16,2024-09-19,CUST-0080,PROD-0020,GEO-0002,628.2,2,0.1,300.92,3,0,20240916,20240919
ORD-2024-10422,2024-09-16,2024-09-18,CUST-0086,PROD-0041,GEO-0022,78.0,2,0.0,38.54,2,0,20240916,20240918
ORD-2024-10969,2024-09-16,2024-09-18,CUST-0180,PROD-0053,GEO-0013,11.4,1,0.05,1.73,2,0,20240916,20240918
ORD-2024-11002,2024-09-16,2024-09-20,CUST-0187,PROD-0013,GEO-0026,207.0,3,0.0,124.8,4,0,20240916,20240920
ORD-2024-12647,2024-09-16,2024-09-18,CUST-0483,PROD-0029,GEO-0027,1435.5,5,0.1,508.53,2,1,20240916,20240918
ORD-2024-14062,2024-09-16,2024-09-19,CUST-0759,PROD-0003,GEO-0016,2274.3,6,0.05,927.33,3,0,20240916,20240919
ORD-2024-14073,2024-09-16,2024-09-19,CUST-0761,PROD-0023,GEO-0018,149.4,1,0.4,25.63,3,0,20240916,20240919
ORD-2024-12849,2024-09-17,2024-09-23,CUST-0518,PROD-0035,GEO-0032,300.0,4,0.0,155.38,6,0,20240917,20240923
ORD-2024-11343,2024-09-18,2024-09-22,CUST-0254,PROD-0024,GEO-0016,254.15,1,0.15,107.39,4,0,20240918,20240922
ORD-2024-11404,2024-09-18,2024-09-20,CUST-0267,PROD-0003,GEO-0021,399.0,1,0.0,175.78,2,0,20240918,20240920
ORD-2024-13296,2024-09-18,2024-09-23,CUST-0609,PROD-0041,GEO-0014,81.9,3,0.3,23.57,5,0,20240918,20240923
ORD-2024-10033,2024-09-19,2024-09-21,CUST-0007,PROD-0003,GEO-0032,379.05,1,0.05,155.64,2,0,20240919,20240921
ORD-2024-10353,2024-09-19,2024-09-23,CUST-0074,PROD-0002,GEO-0005,854.05,1,0.05,330.33,4,0,20240919,20240923
ORD-2024-10667,2024-09-19,2024-09-20,CUST-0129,PROD-0002,GEO-0018,1618.2,2,0.1,564.3,1,0,20240919,20240920
ORD-2024-10828,2024-09-19,2024-09-24,CUST-0156,PROD-0026,GEO-0018,424.15,1,0.15,140.9,5,0,20240919,20240924
ORD-2024-11420,2024-09-19,2024-09-22,CUST-0270,PROD-0049,GEO-0023,41.8,2,0.05,15.76,3,0,20240919,20240922
ORD-2024-14036,2024-09-19,2024-09-23,CUST-0756,PROD-0017,GEO-0015,559.2,1,0.2,173.83,4,0,20240919,20240923
ORD-2024-10905,2024-09-20,2024-09-24,CUST-0166,PROD-0001,GEO-0020,2397.0,3,0.0,1026.38,4,0,20240920,20240924
ORD-2024-10985,2024-09-20,2024-09-21,CUST-0182,PROD-0058,GEO-0018,58.0,2,0.0,27.44,1,0,20240920,20240921
ORD-2024-11717,2024-09-20,2024-09-24,CUST-0324,PROD-0007,GEO-0017,799.2,1,0.2,214.89,4,0,20240920,20240924
ORD-2024-12925,2024-09-20,2024-09-27,CUST-0534,PROD-0043,GEO-0026,118.0,2,0.0,58.6,7,0,20240920,20240927
ORD-2024-13124,2024-09-20,2024-09-22,CUST-0578,PROD-0049,GEO-0005,41.8,2,0.05,19.06,2,0,20240920,20240922
ORD-2024-10951,2024-09-21,2024-09-23,CUST-0174,PROD-0047,GEO-0017,50.4,3,0.3,12.58,2,0,20240921,20240923
ORD-2024-12200,2024-09-21,2024-09-23,CUST-0407,PROD-0038,GEO-0032,897.75,5,0.05,391.07,2,0,20240921,20240923
ORD-2024-12240,2024-09-21,2024-09-25,CUST-0414,PROD-0041,GEO-0018,66.3,2,0.15,28.01,4,0,20240921,20240925
ORD-2024-12478,2024-09-21,2024-09-23,CUST-0456,PROD-0033,GEO-0032,760.5,5,0.1,302.9,2,0,20240921,20240923
ORD-2024-14072,2024-09-21,2024-09-23,CUST-0761,PROD-0052,GEO-0018,38.0,2,0.0,17.66,2,1,20240921,20240923
ORD-2024-10109,2024-09-22,2024-09-25,CUST-0025,PROD-0053,GEO-0008,34.2,3,0.05,6.44,3,0,20240922,20240925
ORD-2024-11136,2024-09-22,2024-09-26,CUST-0209,PROD-0015,GEO-0027,84.55,1,0.05,42.98,4,0,20240922,20240926
ORD-2024-10386,2024-09-23,2024-09-26,CUST-0081,PROD-0029,GEO-0002,382.8,2,0.4,10.95,3,0,20240923,20240926
ORD-2024-10913,2024-09-23,2024-09-25,CUST-0168,PROD-0030,GEO-0012,229.0,1,0.0,112.11,2,0,20240923,20240925
ORD-2024-11486,2024-09-23,2024-09-28,CUST-0282,PROD-0038,GEO-0030,160.65,1,0.15,62.48,5,0,20240923,20240928
ORD-2024-12879,2024-09-24,2024-09-27,CUST-0522,PROD-0045,GEO-0027,209.0,2,0.05,108.05,3,0,20240924,20240927
ORD-2024-14255,2024-09-24,2024-09-28,CUST-0805,PROD-0052,GEO-0030,22.8,2,0.4,2.46,4,0,20240924,20240928
ORD-2024-10574,2024-09-25,2024-09-27,CUST-0112,PROD-0009,GEO-0032,439.2,1,0.2,115.96,2,0,20240925,20240927
ORD-2024-12867,2024-09-26,2024-10-01,CUST-0519,PROD-0051,GEO-0019,10.8,1,0.4,-1.71,5,0,20240926,20241001
ORD-2024-12946,2024-09-26,2024-09-29,CUST-0539,PROD-0020,GEO-0025,349.0,1,0.0,182.26,3,1,20240926,20240929
ORD-2024-13498,2024-09-26,2024-09-28,CUST-0643,PROD-0011,GEO-0027,367.65,3,0.05,218.0,2,0,20240926,20240928
ORD-2024-12667,2024-09-27,2024-09-29,CUST-0487,PROD-0031,GEO-0021,94.05,1,0.05,43.84,2,0,20240927,20240929
ORD-2024-13134,2024-09-27,2024-09-29,CUST-0581,PROD-0025,GEO-0018,1654.95,3,0.15,505.82,2,0,20240927,20240929
ORD-2024-13171,2024-09-27,2024-09-30,CUST-0587,PROD-0004,GEO-0026,2088.1,2,0.05,714.96,3,0,20240927,20240930
ORD-2024-13480,2024-09-27,2024-10-02,CUST-0641,PROD-0010,GEO-0011,3912.3,3,0.1,1347.07,5,0,20240927,20241002
ORD-2024-12571,2024-09-28,2024-10-01,CUST-0468,PROD-0014,GEO-0002,149.0,1,0.0,87.23,3,0,20240928,20241001
ORD-2024-13214,2024-09-28,2024-09-30,CUST-0595,PROD-0026,GEO-0013,449.1,1,0.1,162.48,2,0,20240928,20240930
ORD-2024-13311,2024-09-29,2024-10-01,CUST-0611,PROD-0006,GEO-0007,1299.0,1,0.0,543.98,2,0,20240929,20241001
ORD-2024-11100,2024-09-30,2024-10-02,CUST-0203,PROD-0026,GEO-0030,424.15,1,0.15,139.78,2,0,20240930,20241002
ORD-2024-12258,2024-09-30,2024-10-04,CUST-0417,PROD-0022,GEO-0023,175.2,1,0.2,75.35,4,0,20240930,20241004
ORD-2024-10221,2024-10-01,2024-10-06,CUST-0049,PROD-0003,GEO-0013,379.05,1,0.05,155.99,5,1,20241001,20241006
ORD-2024-11621,2024-10-01,2024-10-02,CUST-0310,PROD-0047,GEO-0029,38.4,2,0.2,6.49,1,0,20241001,20241002
ORD-2024-11690,2024-10-01,2024-10-05,CUST-0319,PROD-0040,GEO-0009,234.6,4,0.15,109.09,4,0,20241001,20241005
ORD-2024-12100,2024-10-01,2024-10-03,CUST-0394,PROD-0048,GEO-0030,26.6,1,0.05,10.09,2,0,20241001,20241003
ORD-2024-13423,2024-10-01,2024-10-02,CUST-0630,PROD-0043,GEO-0003,59.0,1,0.0,29.75,1,0,20241001,20241002
ORD-2024-14370,2024-10-01,2024-10-03,CUST-0832,PROD-0012,GEO-0002,59.0,1,0.0,37.46,2,0,20241001,20241003
ORD-2024-11229,2024-10-02,2024-10-03,CUST-0231,PROD-0050,GEO-0016,79.8,2,0.05,37.26,1,0,20241002,20241003
ORD-2024-11390,2024-10-02,2024-10-03,CUST-0261,PROD-0002,GEO-0016,2562.15,3,0.05,985.65,1,0,20241002,20241003
ORD-2024-11609,2024-10-02,2024-10-05,CUST-0309,PROD-0041,GEO-0005,111.15,3,0.05,54.89,3,0,20241002,20241005
ORD-2024-13062,2024-10-02,2024-10-03,CUST-0566,PROD-0030,GEO-0022,458.0,2,0.0,225.53,1,0,20241002,20241003
ORD-2024-13140,2024-10-02,2024-10-04,CUST-0582,PROD-0026,GEO-0009,848.3,2,0.15,275.97,2,0,20241002,20241004
ORD-2024-13579,2024-10-02,2024-10-03,CUST-0660,PROD-0034,GEO-0005,61.75,1,0.05,31.76,1,0,20241002,20241003
ORD-2024-14105,2024-10-02,2024-10-06,CUST-0766,PROD-0013,GEO-0028,69.0,1,0.0,42.41,4,0,20241002,20241006
ORD-2024-14184,2024-10-02,2024-10-04,CUST-0786,PROD-0035,GEO-0013,225.0,3,0.0,119.73,2,0,20241002,20241004
ORD-2024-10071,2024-10-03,2024-10-05,CUST-0016,PROD-0036,GEO-0002,245.0,5,0.0,129.6,2,1,20241003,20241005
ORD-2024-10901,2024-10-03,2024-10-06,CUST-0165,PROD-0012,GEO-0002,59.0,1,0.0,37.07,3,0,20241003,20241006
ORD-2024-11771,2024-10-03,2024-10-07,CUST-0334,PROD-0047,GEO-0032,22.8,1,0.05,10.01,4,0,20241003,20241007
ORD-2024-12128,2024-10-03,2024-10-04,CUST-0397,PROD-0012,GEO-0016,59.0,1,0.0,35.99,1,0,20241003,20241004
ORD-2024-12969,2024-10-03,2024-10-08,CUST-0546,PROD-0002,GEO-0004,1798.0,2,0.0,749.24,5,0,20241003,20241008
ORD-2024-10990,2024-10-04,2024-10-05,CUST-0184,PROD-0053,GEO-0022,21.6,2,0.1,7.27,1,0,20241004,20241005
ORD-2024-13304,2024-10-04,2024-10-06,CUST-0609,PROD-0008,GEO-0014,3418.2,2,0.1,1210.46,2,0,20241004,20241006
ORD-2024-10734,2024-10-05,2024-10-07,CUST-0141,PROD-0022,GEO-0018,876.0,4,0.0,480.73,2,0,20241005,20241007
ORD-2024-12284,2024-10-05,2024-10-08,CUST-0420,PROD-0039,GEO-0017,81.6,3,0.15,35.99,3,0,20241005,20241008
ORD-2024-13499,2024-10-05,2024-10-07,CUST-0643,PROD-0058,GEO-0027,26.1,1,0.1,9.65,2,0,20241005,20241007
ORD-2024-10366,2024-10-06,2024-10-08,CUST-0077,PROD-0048,GEO-0028,26.6,1,0.05,11.91,2,0,20241006,20241008
ORD-2024-10538,2024-10-06,2024-10-08,CUST-0105,PROD-0047,GEO-0018,48.0,2,0.0,21.96,2,0,20241006,20241008
ORD-2024-11488,2024-10-06,2024-10-09,CUST-0282,PROD-0051,GEO-0030,18.0,1,0.0,7.27,3,0,20241006,20241009
ORD-2024-12390,2024-10-06,2024-10-09,CUST-0436,PROD-0039,GEO-0026,102.4,4,0.2,35.03,3,0,20241006,20241009
ORD-2024-12683,2024-10-06,2024-10-09,CUST-0490,PROD-0023,GEO-0013,348.6,2,0.3,100.67,3,1,20241006,20241009
ORD-2024-10728,2024-10-07,2024-10-11,CUST-0140,PROD-0022,GEO-0006,197.1,1,0.1,95.46,4,0,20241007,20241011
ORD-2024-12290,2024-10-07,2024-10-11,CUST-0421,PROD-0007,GEO-0023,999.0,1,0.0,414.08,4,0,20241007,20241011
ORD-2024-12362,2024-10-07,2024-10-09,CUST-0432,PROD-0047,GEO-0006,24.0,1,0.0,9.28,2,0,20241007,20241009
ORD-2024-13758,2024-10-07,2024-10-11,CUST-0697,PROD-0003,GEO-0020,798.0,2,0.0,347.16,4,0,20241007,20241011
ORD-2024-14450,2024-10-07,2024-10-09,CUST-0848,PROD-0047,GEO-0001,24.0,1,0.0,9.96,2,0,20241007,20241009
ORD-2024-11032,2024-10-08,2024-10-10,CUST-0192,PROD-0020,GEO-0002,209.4,1,0.4,45.05,2,1,20241008,20241010
ORD-2024-13369,2024-10-08,2024-10-11,CUST-0622,PROD-0058,GEO-0021,29.0,1,0.0,11.54,3,0,20241008,20241011
ORD-2024-13922,2024-10-08,2024-10-11,CUST-0735,PROD-0019,GEO-0012,329.0,1,0.0,142.56,3,0,20241008,20241011
ORD-2024-14268,2024-10-08,2024-10-11,CUST-0809,PROD-0046,GEO-0012,34.0,1,0.0,14.75,3,0,20241008,20241011
ORD-2024-10910,2024-10-09,2024-10-14,CUST-0167,PROD-0005,GEO-0019,855.0,1,0.1,250.34,5,0,20241009,20241014
ORD-2024-12316,2024-10-09,2024-10-11,CUST-0424,PROD-0011,GEO-0014,387.0,3,0.0,237.51,2,0,20241009,20241011
ORD-2024-13809,2024-10-09,2024-10-11,CUST-0709,PROD-0007,GEO-0006,1998.0,2,0.0,824.91,2,0,20241009,20241011
ORD-2024-13999,2024-10-09,2024-10-11,CUST-0749,PROD-0031,GEO-0004,84.15,1,0.15,33.63,2,1,20241009,20241011
ORD-2024-10670,2024-10-10,2024-10-17,CUST-0129,PROD-0032,GEO-0018,478.5,3,0.5,-11.96,7,0,20241010,20241017
ORD-2024-12292,2024-10-10,2024-10-13,CUST-0421,PROD-0026,GEO-0023,1397.2,4,0.3,262.62,3,0,20241010,20241013
ORD-2024-13986,2024-10-10,2024-10-15,CUST-0747,PROD-0017,GEO-0022,1328.1,2,0.05,555.94,5,0,20241010,20241015
ORD-2024-12047,2024-10-11,2024-10-16,CUST-0384,PROD-0041,GEO-0001,37.05,1,0.05,17.21,5,0,20241011,20241016
ORD-2024-12230,2024-10-12,2024-10-13,CUST-0412,PROD-0028,GEO-0028,2716.6,4,0.15,890.18,1,0,20241012,20241013
ORD-2024-12682,2024-10-12,2024-10-14,CUST-0490,PROD-0015,GEO-0013,80.1,1,0.1,40.3,2,0,20241012,20241014
ORD-2024-13190,2024-10-12,2024-10-15,CUST-0590,PROD-0010,GEO-0023,1449.0,1,0.0,593.69,3,0,20241012,20241015
ORD-2024-10764,2024-10-13,2024-10-15,CUST-0146,PROD-0008,GEO-0006,3798.0,2,0.0,1584.34,2,0,20241013,20241015
ORD-2024-12299,2024-10-13,2024-10-14,CUST-0423,PROD-0035,GEO-0017,71.25,1,0.05,34.88,1,0,20241013,20241014
ORD-2024-13713,2024-10-13,2024-10-19,CUST-0690,PROD-0034,GEO-0020,65.0,1,0.0,33.74,6,0,20241013,20241019
ORD-2024-10697,2024-10-14,2024-10-16,CUST-0135,PROD-0051,GEO-0015,54.0,3,0.0,15.37,2,1,20241014,20241016
ORD-2024-11471,2024-10-14,2024-10-16,CUST-0278,PROD-0017,GEO-0004,664.05,1,0.05,279.61,2,0,20241014,20241016
ORD-2024-11616,2024-10-14,2024-10-17,CUST-0309,PROD-0038,GEO-0005,378.0,2,0.0,179.06,3,0,20241014,20241017
ORD-2024-11869,2024-10-14,2024-10-18,CUST-0351,PROD-0029,GEO-0011,382.8,2,0.4,16.65,4,0,20241014,20241018
ORD-2024-12029,2024-10-14,2024-10-20,CUST-0383,PROD-0032,GEO-0015,542.3,2,0.15,212.1,6,0,20241014,20241020
ORD-2024-13504,2024-10-14,2024-10-16,CUST-0643,PROD-0004,GEO-0027,1978.2,2,0.1,609.46,2,0,20241014,20241016
ORD-2024-10195,2024-10-15,2024-10-18,CUST-0043,PROD-0037,GEO-0021,126.0,1,0.4,29.76,3,0,20241015,20241018
ORD-2024-12357,2024-10-15,2024-10-17,CUST-0431,PROD-0040,GEO-0013,65.55,1,0.05,31.26,2,0,20241015,20241017
ORD-2024-12499,2024-10-15,2024-10-17,CUST-0458,PROD-0059,GEO-0026,11.0,1,0.0,0.65,2,0,20241015,20241017
ORD-2024-13654,2024-10-16,2024-10-19,CUST-0676,PROD-0040,GEO-0004,27.6,1,0.6,-5.24,3,0,20241016,20241019
ORD-2024-13715,2024-10-16,2024-10-19,CUST-0691,PROD-0039,GEO-0024,32.0,1,0.0,15.17,3,0,20241016,20241019
ORD-2024-14367,2024-10-16,2024-10-18,CUST-0831,PROD-0041,GEO-0017,35.1,1,0.1,13.46,2,0,20241016,20241018
ORD-2024-10484,2024-10-17,2024-10-19,CUST-0095,PROD-0051,GEO-0017,51.3,3,0.05,12.57,2,0,20241017,20241019
ORD-2024-11189,2024-10-17,2024-10-22,CUST-0227,PROD-0052,GEO-0015,13.3,1,0.3,0.94,5,0,20241017,20241022
ORD-2024-11575,2024-10-17,2024-10-18,CUST-0303,PROD-0037,GEO-0027,189.0,1,0.1,94.17,1,0,20241017,20241018
ORD-2024-13937,2024-10-17,2024-10-20,CUST-0737,PROD-0009,GEO-0025,1866.6,4,0.15,565.77,3,0,20241017,20241020
ORD-2024-11957,2024-10-18,2024-10-21,CUST-0369,PROD-0038,GEO-0020,113.4,1,0.4,11.57,3,0,20241018,20241021
ORD-2024-12656,2024-10-18,2024-10-19,CUST-0485,PROD-0048,GEO-0001,75.6,3,0.1,26.57,1,0,20241018,20241019
ORD-2024-13046,2024-10-18,2024-10-21,CUST-0562,PROD-0015,GEO-0003,267.0,3,0.0,141.6,3,0,20241018,20241021
ORD-2024-10044,2024-10-19,2024-10-20,CUST-0009,PROD-0034,GEO-0032,52.0,1,0.2,22.07,1,0,20241019,20241020
ORD-2024-10219,2024-10-19,2024-10-21,CUST-0049,PROD-0047,GEO-0013,24.0,1,0.0,8.77,2,0,20241019,20241021
ORD-2024-11228,2024-10-19,2024-10-25,CUST-0231,PROD-0007,GEO-0016,999.0,1,0.0,412.76,6,0,20241019,20241025
ORD-2024-12907,2024-10-19,2024-10-20,CUST-0528,PROD-0013,GEO-0014,65.55,1,0.05,39.51,1,0,20241019,20241020
ORD-2024-13712,2024-10-19,2024-10-21,CUST-0690,PROD-0033,GEO-0020,405.6,3,0.2,131.34,2,0,20241019,20241021
ORD-2024-14201,2024-10-19,2024-10-22,CUST-0789,PROD-0037,GEO-0014,378.0,2,0.1,187.16,3,0,20241019,20241022
ORD-2024-12921,2024-10-20,2024-10-21,CUST-0533,PROD-0047,GEO-0032,72.0,3,0.0,29.7,1,0,20241020,20241021
ORD-2024-13797,2024-10-20,2024-10-23,CUST-0706,PROD-0031,GEO-0014,168.3,2,0.15,65.8,3,0,20241020,20241023
ORD-2024-14018,2024-10-20,2024-10-22,CUST-0753,PROD-0016,GEO-0008,8070.25,5,0.05,3543.81,2,0,20241020,20241022
ORD-2024-14324,2024-10-20,2024-10-22,CUST-0821,PROD-0028,GEO-0017,479.4,1,0.4,22.45,2,0,20241020,20241022
ORD-2024-14427,2024-10-20,2024-10-22,CUST-0844,PROD-0045,GEO-0010,104.5,1,0.05,54.25,2,0,20241020,20241022
ORD-2024-10448,2024-10-21,2024-10-23,CUST-0088,PROD-0015,GEO-0006,89.0,1,0.0,47.39,2,0,20241021,20241023
ORD-2024-11702,2024-10-21,2024-10-25,CUST-0320,PROD-0007,GEO-0004,1998.0,2,0.0,825.08,4,0,20241021,20241025
ORD-2024-13234,2024-10-21,2024-10-23,CUST-0597,PROD-0009,GEO-0008,549.0,1,0.0,224.61,2,0,20241021,20241023
ORD-2024-13984,2024-10-21,2024-10-24,CUST-0747,PROD-0045,GEO-0022,313.5,3,0.05,162.64,3,1,20241021,20241024
ORD-2024-14016,2024-10-21,2024-10-24,CUST-0753,PROD-0055,GEO-0008,97.3,1,0.3,28.3,3,0,20241021,20241024
ORD-2024-10379,2024-10-22,2024-10-25,CUST-0080,PROD-0025,GEO-0002,1557.6,3,0.2,407.09,3,0,20241022,20241025
ORD-2024-10485,2024-10-22,2024-10-24,CUST-0095,PROD-0004,GEO-0017,4176.2,4,0.05,1440.23,2,0,20241022,20241024
ORD-2024-11206,2024-10-22,2024-10-26,CUST-0228,PROD-0039,GEO-0005,51.2,2,0.2,16.46,4,0,20241022,20241026
ORD-2024-11784,2024-10-22,2024-10-24,CUST-0334,PROD-0057,GEO-0032,171.0,4,0.05,80.26,2,0,20241022,20241024
ORD-2024-11877,2024-10-22,2024-10-25,CUST-0353,PROD-0024,GEO-0020,269.1,1,0.1,124.08,3,0,20241022,20241025
ORD-2024-11478,2024-10-23,2024-10-24,CUST-0280,PROD-0008,GEO-0012,1899.0,1,0.0,792.44,1,0,20241023,20241024
ORD-2024-14233,2024-10-23,2024-10-24,CUST-0797,PROD-0039,GEO-0016,28.8,1,0.1,12.4,1,0,20241023,20241024
ORD-2024-13461,2024-10-24,2024-10-29,CUST-0639,PROD-0013,GEO-0018,65.55,1,0.05,37.75,5,0,20241024,20241029
ORD-2024-11631,2024-10-25,2024-10-27,CUST-0311,PROD-0060,GEO-0005,28.0,2,0.0,5.14,2,0,20241025,20241027
ORD-2024-13196,2024-10-25,2024-10-29,CUST-0592,PROD-0042,GEO-0004,49.0,1,0.0,26.07,4,0,20241025,20241029
ORD-2024-10682,2024-10-26,2024-10-29,CUST-0131,PROD-0023,GEO-0009,249.0,1,0.0,123.99,3,0,20241026,20241029
ORD-2024-12519,2024-10-26,2024-10-30,CUST-0461,PROD-0035,GEO-0023,75.0,1,0.0,39.79,4,0,20241026,20241030
ORD-2024-13320,2024-10-26,2024-10-30,CUST-0614,PROD-0030,GEO-0019,160.3,1,0.3,46.39,4,1,20241026,20241030
ORD-2024-14150,2024-10-26,2024-11-01,CUST-0778,PROD-0005,GEO-0007,1710.0,2,0.1,498.17,6,0,20241026,20241101
ORD-2024-10547,2024-10-27,2024-10-31,CUST-0106,PROD-0020,GEO-0018,349.0,1,0.0,185.64,4,0,20241027,20241031
ORD-2024-10794,2024-10-27,2024-10-29,CUST-0150,PROD-0024,GEO-0026,299.0,1,0.0,153.07,2,0,20241027,20241029
ORD-2024-10801,2024-10-27,2024-10-29,CUST-0151,PROD-0024,GEO-0026,598.0,2,0.0,309.52,2,0,20241027,20241029
ORD-2024-12734,2024-10-27,2024-10-29,CUST-0499,PROD-0058,GEO-0028,82.65,3,0.05,27.62,2,0,20241027,20241029
ORD-2024-10718,2024-10-28,2024-11-01,CUST-0138,PROD-0014,GEO-0013,141.55,1,0.05,81.99,4,0,20241028,20241101
ORD-2024-11188,2024-10-28,2024-10-30,CUST-0227,PROD-0043,GEO-0015,212.4,4,0.1,100.02,2,0,20241028,20241030
ORD-2024-11257,2024-10-28,2024-10-29,CUST-0235,PROD-0028,GEO-0023,1598.0,2,0.0,691.61,1,0,20241028,20241029
ORD-2024-11264,2024-10-28,2024-10-30,CUST-0237,PROD-0042,GEO-0018,49.0,1,0.0,27.38,2,0,20241028,20241030
ORD-2024-11308,2024-10-28,2024-11-03,CUST-0244,PROD-0025,GEO-0020,1298.0,2,0.0,526.65,6,0,20241028,20241103
ORD-2024-11527,2024-10-28,2024-10-30,CUST-0292,PROD-0003,GEO-0020,1017.45,3,0.15,336.5,2,0,20241028,20241030
ORD-2024-10045,2024-10-29,2024-10-31,CUST-0009,PROD-0015,GEO-0032,356.0,4,0.0,194.43,2,0,20241029,20241031
ORD-2024-10286,2024-10-29,2024-11-04,CUST-0065,PROD-0048,GEO-0027,98.0,5,0.3,26.71,6,0,20241029,20241104
ORD-2024-11599,2024-10-29,2024-11-03,CUST-0306,PROD-0005,GEO-0027,950.0,1,0.0,345.39,5,0,20241029,20241103
ORD-2024-12274,2024-10-29,2024-11-01,CUST-0418,PROD-0014,GEO-0012,126.65,1,0.15,66.25,3,0,20241029,20241101
ORD-2024-12939,2024-10-29,2024-11-01,CUST-0537,PROD-0046,GEO-0023,61.2,3,0.4,4.66,3,0,20241029,20241101
ORD-2024-13017,2024-10-29,2024-11-01,CUST-0555,PROD-0045,GEO-0022,440.0,4,0.0,245.62,3,0,20241029,20241101
ORD-2024-13221,2024-10-29,2024-11-03,CUST-0595,PROD-0054,GEO-0013,269.1,1,0.1,125.67,5,0,20241029,20241103
ORD-2024-14066,2024-10-29,2024-10-30,CUST-0759,PROD-0054,GEO-0016,897.0,3,0.0,462.27,1,0,20241029,20241030
ORD-2024-14203,2024-10-29,2024-11-01,CUST-0789,PROD-0047,GEO-0014,24.0,1,0.0,11.26,3,0,20241029,20241101
ORD-2024-12317,2024-10-30,2024-11-02,CUST-0424,PROD-0029,GEO-0014,255.2,1,0.2,68.57,3,0,20241030,20241102
ORD-2024-14246,2024-10-30,2024-11-05,CUST-0803,PROD-0029,GEO-0002,606.1,2,0.05,235.71,6,0,20241030,20241105
ORD-2024-10132,2024-10-31,2024-11-03,CUST-0028,PROD-0044,GEO-0016,201.45,3,0.15,92.74,3,0,20241031,20241103
ORD-2024-10374,2024-10-31,2024-11-04,CUST-0079,PROD-0027,GEO-0016,417.0,3,0.0,177.85,4,0,20241031,20241104
ORD-2024-10816,2024-10-31,2024-11-04,CUST-0154,PROD-0014,GEO-0020,134.1,1,0.1,75.51,4,0,20241031,20241104
ORD-2024-11043,2024-10-31,2024-11-03,CUST-0192,PROD-0005,GEO-0002,855.0,1,0.1,248.97,3,0,20241031,20241103
ORD-2024-11522,2024-10-31,2024-11-04,CUST-0291,PROD-0004,GEO-0027,1099.0,1,0.0,412.17,4,1,20241031,20241104
ORD-2024-12664,2024-10-31,2024-11-02,CUST-0486,PROD-0037,GEO-0002,535.5,3,0.15,255.27,2,0,20241031,20241102
ORD-2024-14069,2024-10-31,2024-11-03,CUST-0760,PROD-0003,GEO-0001,399.0,1,0.0,175.38,3,0,20241031,20241103
ORD-2024-14405,2024-10-31,2024-11-04,CUST-0838,PROD-0054,GEO-0010,568.1,2,0.05,274.24,4,0,20241031,20241104
ORD-2024-10786,2024-11-01,2024-11-04,CUST-0150,PROD-0032,GEO-0026,909.15,3,0.05,415.86,3,0,20241101,20241104
ORD-2024-11628,2024-11-01,2024-11-03,CUST-0311,PROD-0044,GEO-0005,165.9,3,0.3,54.24,2,1,20241101,20241103
ORD-2024-11709,2024-11-01,2024-11-06,CUST-0322,PROD-0025,GEO-0025,454.3,1,0.3,70.83,5,0,20241101,20241106
ORD-2024-12082,2024-11-01,2024-11-03,CUST-0390,PROD-0010,GEO-0027,1449.0,1,0.0,595.56,2,0,20241101,20241103
ORD-2024-12394,2024-11-01,2024-11-04,CUST-0437,PROD-0057,GEO-0032,121.5,3,0.1,48.77,3,0,20241101,20241104
ORD-2024-12545,2024-11-01,2024-11-03,CUST-0464,PROD-0016,GEO-0011,1359.2,1,0.2,452.6,2,0,20241101,20241103
ORD-2024-12938,2024-11-01,2024-11-02,CUST-0537,PROD-0048,GEO-0023,19.6,1,0.3,4.58,1,0,20241101,20241102
ORD-2024-13726,2024-11-01,2024-11-03,CUST-0693,PROD-0038,GEO-0004,160.65,1,0.15,62.11,2,0,20241101,20241103
ORD-2024-14222,2024-11-01,2024-11-06,CUST-0794,PROD-0023,GEO-0008,174.3,1,0.3,49.85,5,1,20241101,20241106
ORD-2024-10391,2024-11-02,2024-11-06,CUST-0081,PROD-0032,GEO-0002,287.1,1,0.1,123.83,4,0,20241102,20241106
ORD-2024-10761,2024-11-02,2024-11-05,CUST-0146,PROD-0005,GEO-0006,3562.5,5,0.25,536.19,3,0,20241102,20241105
ORD-2024-10781,2024-11-02,2024-11-04,CUST-0149,PROD-0030,GEO-0030,412.2,2,0.1,179.98,2,0,20241102,20241104
ORD-2024-11328,2024-11-02,2024-11-04,CUST-0251,PROD-0010,GEO-0019,4347.0,3,0.0,1778.76,2,0,20241102,20241104
ORD-2024-10343,2024-11-03,2024-11-05,CUST-0073,PROD-0046,GEO-0029,64.6,2,0.05,22.96,2,1,20241103,20241105
ORD-2024-10567,2024-11-03,2024-11-04,CUST-0110,PROD-0048,GEO-0015,28.0,1,0.0,12.88,1,0,20241103,20241104
ORD-2024-10691,2024-11-03,2024-11-07,CUST-0133,PROD-0022,GEO-0030,394.2,2,0.1,190.28,4,0,20241103,20241107
ORD-2024-13294,2024-11-03,2024-11-06,CUST-0609,PROD-0038,GEO-0014,179.55,1,0.05,81.33,3,0,20241103,20241106
ORD-2024-13821,2024-11-03,2024-11-05,CUST-0710,PROD-0036,GEO-0003,49.0,1,0.0,25.44,2,0,20241103,20241105
ORD-2024-14029,2024-11-03,2024-11-06,CUST-0756,PROD-0043,GEO-0015,118.0,2,0.0,57.01,3,0,20241103,20241106
ORD-2024-10153,2024-11-04,2024-11-08,CUST-0033,PROD-0054,GEO-0026,598.0,2,0.0,310.92,4,0,20241104,20241108
ORD-2024-10524,2024-11-04,2024-11-06,CUST-0104,PROD-0034,GEO-0010,195.0,3,0.0,99.92,2,1,20241104,20241106
ORD-2024-10735,2024-11-04,2024-11-05,CUST-0141,PROD-0037,GEO-0018,756.0,4,0.1,371.75,1,0,20241104,20241105
ORD-2024-10858,2024-11-04,2024-11-05,CUST-0160,PROD-0018,GEO-0031,199.0,1,0.0,85.93,1,0,20241104,20241105
ORD-2024-11041,2024-11-04,2024-11-06,CUST-0192,PROD-0032,GEO-0002,638.0,2,0.0,309.7,2,0,20241104,20241106
ORD-2024-11606,2024-11-04,2024-11-10,CUST-0308,PROD-0031,GEO-0019,99.0,1,0.0,49.04,6,0,20241104,20241110
ORD-2024-13375,2024-11-04,2024-11-06,CUST-0624,PROD-0053,GEO-0031,7.2,1,0.4,-0.88,2,0,20241104,20241106
ORD-2024-11548,2024-11-05,2024-11-08,CUST-0296,PROD-0004,GEO-0017,1044.05,1,0.05,360.45,3,0,20241105,20241108
ORD-2024-12023,2024-11-05,2024-11-11,CUST-0381,PROD-0048,GEO-0027,47.6,2,0.15,13.19,6,0,20241105,20241111
ORD-2024-12058,2024-11-05,2024-11-08,CUST-0386,PROD-0040,GEO-0010,131.1,2,0.05,67.95,3,0,20241105,20241108
ORD-2024-12065,2024-11-05,2024-11-08,CUST-0389,PROD-0041,GEO-0014,117.0,3,0.0,55.11,3,0,20241105,20241108
ORD-2024-13371,2024-11-05,2024-11-07,CUST-0622,PROD-0057,GEO-0021,85.5,2,0.05,42.4,2,0,20241105,20241107
ORD-2024-13717,2024-11-05,2024-11-08,CUST-0691,PROD-0049,GEO-0024,154.0,10,0.3,18.61,3,0,20241105,20241108
ORD-2024-10365,2024-11-06,2024-11-08,CUST-0077,PROD-0033,GEO-0028,101.4,1,0.4,12.04,2,0,20241106,20241108
ORD-2024-11112,2024-11-06,2024-11-09,CUST-0207,PROD-0029,GEO-0008,574.2,2,0.1,203.74,3,0,20241106,20241109
ORD-2024-11779,2024-11-06,2024-11-07,CUST-0334,PROD-0047,GEO-0032,86.4,4,0.1,38.13,1,0,20241106,20241107
ORD-2024-11861,2024-11-06,2024-11-09,CUST-0349,PROD-0021,GEO-0010,399.0,1,0.0,204.11,3,0,20241106,20241109
ORD-2024-12308,2024-11-06,2024-11-11,CUST-0423,PROD-0017,GEO-0017,699.0,1,0.0,312.39,5,0,20241106,20241111
ORD-2024-12838,2024-11-06,2024-11-07,CUST-0517,PROD-0006,GEO-0010,2338.2,2,0.1,830.86,1,0,20241106,20241107
ORD-2024-12866,2024-11-06,2024-11-07,CUST-0519,PROD-0047,GEO-0019,72.0,3,0.0,24.59,1,0,20241106,20241107
ORD-2024-13016,2024-11-06,2024-11-08,CUST-0555,PROD-0059,GEO-0022,33.0,3,0.0,1.89,2,0,20241106,20241108
ORD-2024-13377,2024-11-06,2024-11-08,CUST-0624,PROD-0013,GEO-0031,207.0,3,0.0,128.12,2,0,20241106,20241108
ORD-2024-14139,2024-11-06,2024-11-07,CUST-0775,PROD-0021,GEO-0013,319.2,1,0.2,125.99,1,0,20241106,20241107
ORD-2024-14305,2024-11-06,2024-11-09,CUST-0816,PROD-0014,GEO-0001,298.0,2,0.0,181.36,3,0,20241106,20241109
ORD-2024-10423,2024-11-07,2024-11-09,CUST-0086,PROD-0022,GEO-0022,558.45,3,0.15,258.21,2,0,20241107,20241109
ORD-2024-10789,2024-11-07,2024-11-09,CUST-0150,PROD-0014,GEO-0026,536.4,4,0.1,303.43,2,0,20241107,20241109
ORD-2024-10814,2024-11-07,2024-11-09,CUST-0154,PROD-0007,GEO-0020,999.0,1,0.0,413.42,2,0,20241107,20241109
ORD-2024-11015,2024-11-07,2024-11-09,CUST-0189,PROD-0047,GEO-0013,16.8,1,0.3,0.8,2,1,20241107,20241109
ORD-2024-11503,2024-11-07,2024-11-08,CUST-0286,PROD-0057,GEO-0004,45.0,1,0.0,20.21,1,0,20241107,20241108
ORD-2024-11990,2024-11-07,2024-11-09,CUST-0376,PROD-0020,GEO-0007,349.0,1,0.0,185.93,2,0,20241107,20241109
ORD-2024-12845,2024-11-07,2024-11-09,CUST-0517,PROD-0022,GEO-0010,394.2,2,0.1,194.44,2,0,20241107,20241109
ORD-2024-13709,2024-11-07,2024-11-08,CUST-0689,PROD-0025,GEO-0029,519.2,1,0.2,132.47,1,0,20241107,20241108
ORD-2024-13812,2024-11-07,2024-11-09,CUST-0709,PROD-0043,GEO-0006,47.2,1,0.2,18.3,2,0,20241107,20241109
ORD-2024-13894,2024-11-07,2024-11-08,CUST-0732,PROD-0002,GEO-0016,899.0,1,0.0,372.49,1,0,20241107,20241108
ORD-2024-10893,2024-11-08,2024-11-11,CUST-0164,PROD-0012,GEO-0002,56.05,1,0.05,32.84,3,0,20241108,20241111
ORD-2024-11030,2024-11-08,2024-11-12,CUST-0191,PROD-0051,GEO-0001,17.1,1,0.05,4.9,4,0,20241108,20241112
ORD-2024-14403,2024-11-08,2024-11-10,CUST-0838,PROD-0046,GEO-0010,64.6,2,0.05,27.81,2,0,20241108,20241110
ORD-2024-10588,2024-11-09,2024-11-13,CUST-0114,PROD-0018,GEO-0002,189.05,1,0.05,76.0,4,0,20241109,20241113
ORD-2024-10639,2024-11-09,2024-11-12,CUST-0125,PROD-0027,GEO-0031,111.2,1,0.2,30.7,3,0,20241109,20241112
ORD-2024-11794,2024-11-09,2024-11-10,CUST-0337,PROD-0052,GEO-0028,18.05,1,0.05,4.63,1,0,20241109,20241110
ORD-2024-11820,2024-11-09,2024-11-11,CUST-0342,PROD-0051,GEO-0011,12.6,1,0.3,0.96,2,0,20241109,20241111
ORD-2024-12246,2024-11-09,2024-11-11,CUST-0416,PROD-0044,GEO-0013,79.0,1,0.0,41.91,2,0,20241109,20241111
ORD-2024-13264,2024-11-09,2024-11-12,CUST-0601,PROD-0015,GEO-0002,89.0,1,0.0,48.65,3,0,20241109,20241112
ORD-2024-10732,2024-11-10,2024-11-12,CUST-0141,PROD-0019,GEO-0018,312.55,1,0.05,126.14,2,0,20241110,20241112
ORD-2024-12017,2024-11-10,2024-11-12,CUST-0381,PROD-0004,GEO-0027,1099.0,1,0.0,414.79,2,0,20241110,20241112
ORD-2024-13035,2024-11-10,2024-11-11,CUST-0561,PROD-0059,GEO-0028,11.0,1,0.0,3.33,1,0,20241110,20241111
ORD-2024-13589,2024-11-10,2024-11-13,CUST-0661,PROD-0008,GEO-0018,1709.1,1,0.1,605.68,3,0,20241110,20241113
ORD-2024-10135,2024-11-11,2024-11-13,CUST-0029,PROD-0009,GEO-0029,494.1,1,0.1,168.65,2,0,20241111,20241113
ORD-2024-10578,2024-11-11,2024-11-13,CUST-0114,PROD-0041,GEO-0002,23.4,1,0.4,1.69,2,0,20241111,20241113
ORD-2024-11688,2024-11-11,2024-11-14,CUST-0319,PROD-0016,GEO-0009,3398.0,2,0.0,1586.71,3,0,20241111,20241114
ORD-2024-12578,2024-11-11,2024-11-13,CUST-0469,PROD-0013,GEO-0028,124.2,2,0.1,73.78,2,0,20241111,20241113
ORD-2024-12611,2024-11-11,2024-11-14,CUST-0475,PROD-0044,GEO-0003,134.3,2,0.15,59.39,3,0,20241111,20241114
ORD-2024-14120,2024-11-11,2024-11-14,CUST-0769,PROD-0001,GEO-0027,799.0,1,0.0,343.74,3,0,20241111,20241114
ORD-2024-11694,2024-11-12,2024-11-13,CUST-0320,PROD-0051,GEO-0004,36.0,2,0.0,12.56,1,0,20241112,20241113
ORD-2024-11759,2024-11-12,2024-11-16,CUST-0331,PROD-0003,GEO-0004,339.15,1,0.15,113.79,4,1,20241112,20241116
ORD-2024-12054,2024-11-12,2024-11-13,CUST-0385,PROD-0027,GEO-0016,83.4,1,0.4,2.47,1,1,20241112,20241113
ORD-2024-12836,2024-11-12,2024-11-14,CUST-0517,PROD-0040,GEO-0010,58.65,1,0.15,24.79,2,0,20241112,20241114
ORD-2024-13173,2024-11-12,2024-11-15,CUST-0588,PROD-0052,GEO-0012,30.4,2,0.2,3.44,3,0,20241112,20241115
ORD-2024-13971,2024-11-12,2024-11-15,CUST-0745,PROD-0052,GEO-0018,32.3,2,0.15,5.47,3,0,20241112,20241115
ORD-2024-14419,2024-11-12,2024-11-13,CUST-0842,PROD-0013,GEO-0001,62.1,1,0.1,33.59,1,0,20241112,20241113
ORD-2024-10037,2024-11-13,2024-11-16,CUST-0007,PROD-0031,GEO-0032,178.2,2,0.1,77.47,3,0,20241113,20241116
ORD-2024-11585,2024-11-13,2024-11-14,CUST-0305,PROD-0042,GEO-0007,44.1,1,0.1,19.68,1,0,20241113,20241114
ORD-2024-12117,2024-11-13,2024-11-14,CUST-0395,PROD-0060,GEO-0006,50.4,4,0.1,5.37,1,0,20241113,20241114
ORD-2024-12262,2024-11-13,2024-11-16,CUST-0417,PROD-0011,GEO-0023,580.5,5,0.1,331.12,3,0,20241113,20241116
ORD-2024-12742,2024-11-13,2024-11-15,CUST-0499,PROD-0056,GEO-0028,435.1,2,0.05,208.73,2,0,20241113,20241115
ORD-2024-14025,2024-11-13,2024-11-16,CUST-0753,PROD-0056,GEO-0008,183.2,1,0.2,70.03,3,0,20241113,20241116
ORD-2024-10191,2024-11-14,2024-11-17,CUST-0041,PROD-0024,GEO-0017,299.0,1,0.0,154.07,3,0,20241114,20241117
ORD-2024-11423,2024-11-14,2024-11-15,CUST-0270,PROD-0057,GEO-0023,171.0,4,0.05,75.2,1,0,20241114,20241115
ORD-2024-13204,2024-11-14,2024-11-17,CUST-0594,PROD-0008,GEO-0019,9495.0,5,0.0,3962.98,3,0,20241114,20241117
ORD-2024-13213,2024-11-14,2024-11-16,CUST-0595,PROD-0049,GEO-0013,59.4,3,0.1,26.39,2,0,20241114,20241116
ORD-2024-13276,2024-11-14,2024-11-17,CUST-0606,PROD-0017,GEO-0016,3495.0,5,0.0,1571.33,3,1,20241114,20241117
ORD-2024-13798,2024-11-14,2024-11-16,CUST-0706,PROD-0037,GEO-0014,399.0,2,0.05,209.01,2,0,20241114,20241116
ORD-2024-14079,2024-11-14,2024-11-16,CUST-0762,PROD-0056,GEO-0026,229.0,1,0.0,113.31,2,0,20241114,20241116
ORD-2024-14285,2024-11-14,2024-11-19,CUST-0814,PROD-0051,GEO-0026,18.0,1,0.0,5.18,5,0,20241114,20241119
ORD-2024-10061,2024-11-15,2024-11-20,CUST-0012,PROD-0014,GEO-0032,134.1,1,0.1,72.75,5,0,20241115,20241120
ORD-2024-11080,2024-11-15,2024-11-18,CUST-0200,PROD-0016,GEO-0019,1699.0,1,0.0,796.0,3,0,20241115,20241118
ORD-2024-11448,2024-11-15,2024-11-17,CUST-0275,PROD-0058,GEO-0031,82.65,3,0.05,32.43,2,0,20241115,20241117
ORD-2024-11937,2024-11-15,2024-11-16,CUST-0364,PROD-0008,GEO-0028,3798.0,2,0.0,1586.82,1,0,20241115,20241116
ORD-2024-10084,2024-11-16,2024-11-19,CUST-0017,PROD-0042,GEO-0005,49.0,1,0.0,26.95,3,0,20241116,20241119
ORD-2024-10112,2024-11-16,2024-11-20,CUST-0027,PROD-0006,GEO-0008,2468.1,2,0.05,960.36,4,0,20241116,20241120
ORD-2024-10475,2024-11-16,2024-11-20,CUST-0094,PROD-0011,GEO-0001,387.0,3,0.0,236.85,4,0,20241116,20241120
ORD-2024-11325,2024-11-16,2024-11-19,CUST-0251,PROD-0026,GEO-0019,1796.4,4,0.1,649.99,3,0,20241116,20241119
ORD-2024-12557,2024-11-16,2024-11-17,CUST-0467,PROD-0054,GEO-0001,1495.0,5,0.0,764.55,1,0,20241116,20241117
ORD-2024-10579,2024-11-17,2024-11-19,CUST-0114,PROD-0053,GEO-0002,12.0,1,0.0,2.41,2,0,20241117,20241119
ORD-2024-12141,2024-11-17,2024-11-19,CUST-0398,PROD-0038,GEO-0030,378.0,2,0.0,174.97,2,0,20241117,20241119
ORD-2024-12950,2024-11-17,2024-11-19,CUST-0541,PROD-0002,GEO-0026,3416.2,4,0.05,1318.02,2,0,20241117,20241119
ORD-2024-10705,2024-11-18,2024-11-24,CUST-0136,PROD-0030,GEO-0018,194.65,1,0.15,77.82,6,0,20241118,20241124
ORD-2024-12280,2024-11-18,2024-11-22,CUST-0418,PROD-0032,GEO-0012,1148.4,4,0.1,485.97,4,1,20241118,20241122
ORD-2024-12819,2024-11-18,2024-11-21,CUST-0515,PROD-0039,GEO-0009,91.2,3,0.05,42.54,3,0,20241118,20241121
ORD-2024-12833,2024-11-18,2024-11-20,CUST-0517,PROD-0021,GEO-0010,798.0,2,0.0,407.02,2,0,20241118,20241120
ORD-2024-11116,2024-11-19,2024-11-22,CUST-0207,PROD-0041,GEO-0008,54.6,2,0.3,17.43,3,0,20241119,20241122
ORD-2024-11731,2024-11-19,2024-11-22,CUST-0327,PROD-0034,GEO-0019,58.5,1,0.1,26.9,3,0,20241119,20241122
ORD-2024-12767,2024-11-19,2024-11-22,CUST-0505,PROD-0046,GEO-0017,34.0,1,0.0,14.51,3,0,20241119,20241122
ORD-2024-13427,2024-11-19,2024-11-21,CUST-0632,PROD-0049,GEO-0009,39.6,2,0.1,15.27,2,0,20241119,20241121
ORD-2024-10675,2024-11-20,2024-11-23,CUST-0129,PROD-0034,GEO-0018,123.5,2,0.05,62.21,3,0,20241120,20241123
ORD-2024-12739,2024-11-20,2024-11-26,CUST-0499,PROD-0027,GEO-0028,111.2,1,0.2,32.42,6,0,20241120,20241126
ORD-2024-13582,2024-11-20,2024-11-21,CUST-0660,PROD-0019,GEO-0005,312.55,1,0.05,129.3,1,0,20241120,20241121
ORD-2024-13612,2024-11-20,2024-11-22,CUST-0666,PROD-0020,GEO-0030,1396.0,4,0.0,728.26,2,0,20241120,20241122
ORD-2024-10056,2024-11-21,2024-11-23,CUST-0011,PROD-0060,GEO-0002,14.0,1,0.0,5.3,2,0,20241121,20241123
ORD-2024-10194,2024-11-21,2024-11-27,CUST-0042,PROD-0019,GEO-0006,329.0,1,0.0,142.31,6,0,20241121,20241127
ORD-2024-10975,2024-11-21,2024-11-24,CUST-0181,PROD-0042,GEO-0026,249.9,6,0.15,118.52,3,0,20241121,20241124
ORD-2024-12220,2024-11-21,2024-11-25,CUST-0410,PROD-0016,GEO-0017,3398.0,2,0.0,1584.74,4,0,20241121,20241125
ORD-2024-13585,2024-11-21,2024-11-25,CUST-0661,PROD-0058,GEO-0018,20.3,1,0.3,4.06,4,0,20241121,20241125
ORD-2024-10241,2024-11-22,2024-11-25,CUST-0055,PROD-0002,GEO-0014,5394.0,6,0.0,2252.67,3,0,20241122,20241125
ORD-2024-11649,2024-11-22,2024-11-26,CUST-0315,PROD-0038,GEO-0014,538.65,3,0.05,239.92,4,0,20241122,20241126
ORD-2024-11670,2024-11-22,2024-11-24,CUST-0317,PROD-0037,GEO-0016,840.0,5,0.2,365.04,2,0,20241122,20241124
ORD-2024-12186,2024-11-22,2024-11-23,CUST-0406,PROD-0060,GEO-0002,23.8,2,0.15,7.61,1,0,20241122,20241123
ORD-2024-12237,2024-11-22,2024-11-23,CUST-0412,PROD-0051,GEO-0028,54.0,3,0.0,15.61,1,0,20241122,20241123
ORD-2024-12368,2024-11-22,2024-11-24,CUST-0433,PROD-0003,GEO-0003,1596.0,4,0.0,692.11,2,0,20241122,20241124
ORD-2024-13948,2024-11-22,2024-11-25,CUST-0740,PROD-0039,GEO-0007,25.6,1,0.2,9.72,3,0,20241122,20241125
ORD-2024-14190,2024-11-22,2024-11-24,CUST-0788,PROD-0058,GEO-0026,27.55,1,0.05,9.84,2,0,20241122,20241124
ORD-2024-10736,2024-11-23,2024-11-25,CUST-0141,PROD-0009,GEO-0018,549.0,1,0.0,225.86,2,0,20241123,20241125
ORD-2024-11421,2024-11-23,2024-11-24,CUST-0270,PROD-0029,GEO-0023,1531.2,6,0.2,420.3,1,0,20241123,20241124
ORD-2024-11658,2024-11-23,2024-11-28,CUST-0316,PROD-0013,GEO-0011,207.0,3,0.0,128.91,5,0,20241123,20241128
ORD-2024-12769,2024-11-23,2024-11-26,CUST-0506,PROD-0021,GEO-0007,359.1,1,0.1,162.15,3,0,20241123,20241126
ORD-2024-13181,2024-11-23,2024-11-24,CUST-0589,PROD-0037,GEO-0032,199.5,1,0.05,103.41,1,0,20241123,20241124
ORD-2024-14067,2024-11-23,2024-11-28,CUST-0759,PROD-0025,GEO-0016,908.6,2,0.3,139.15,5,0,20241123,20241128
ORD-2024-12016,2024-11-24,2024-11-27,CUST-0381,PROD-0041,GEO-0027,175.5,5,0.1,69.32,3,0,20241124,20241127
ORD-2024-12079,2024-11-24,2024-11-27,CUST-0390,PROD-0030,GEO-0027,435.1,2,0.05,208.58,3,0,20241124,20241127
ORD-2024-12749,2024-11-24,2024-11-27,CUST-0500,PROD-0006,GEO-0018,12990.0,10,0.0,5437.2,3,0,20241124,20241127
ORD-2024-12846,2024-11-24,2024-11-28,CUST-0518,PROD-0052,GEO-0032,15.2,1,0.2,3.95,4,0,20241124,20241128
ORD-2024-13233,2024-11-24,2024-11-28,CUST-0597,PROD-0004,GEO-0008,989.1,1,0.1,303.3,4,0,20241124,20241128
ORD-2024-13429,2024-11-24,2024-11-28,CUST-0632,PROD-0032,GEO-0009,606.1,2,0.05,275.5,4,0,20241124,20241128
ORD-2024-13724,2024-11-25,2024-11-28,CUST-0692,PROD-0033,GEO-0009,135.2,1,0.2,43.82,3,0,20241125,20241128
ORD-2024-14070,2024-11-25,2024-11-28,CUST-0760,PROD-0034,GEO-0001,130.0,2,0.0,68.71,3,0,20241125,20241128
ORD-2024-14262,2024-11-25,2024-11-27,CUST-0807,PROD-0011,GEO-0014,387.0,3,0.0,231.44,2,0,20241125,20241127
ORD-2024-11110,2024-11-26,2024-11-27,CUST-0207,PROD-0028,GEO-0008,1438.2,2,0.1,531.68,1,0,20241126,20241127
ORD-2024-11767,2024-11-26,2024-11-29,CUST-0333,PROD-0014,GEO-0025,149.0,1,0.0,87.03,3,0,20241126,20241129
ORD-2024-12418,2024-11-26,2024-11-28,CUST-0443,PROD-0024,GEO-0030,568.1,2,0.05,278.62,2,0,20241126,20241128
ORD-2024-12507,2024-11-26,2024-11-27,CUST-0460,PROD-0036,GEO-0032,83.3,2,0.15,30.65,1,0,20241126,20241127
ORD-2024-13470,2024-11-26,2024-11-28,CUST-0639,PROD-0010,GEO-0018,1449.0,1,0.0,594.64,2,0,20241126,20241128
ORD-2024-14349,2024-11-26,2024-12-03,CUST-0825,PROD-0043,GEO-0010,200.6,4,0.15,82.26,7,0,20241126,20241203
ORD-2024-11147,2024-11-27,2024-12-02,CUST-0214,PROD-0058,GEO-0019,29.0,1,0.0,10.15,5,0,20241127,20241202
ORD-2024-11427,2024-11-27,2024-12-01,CUST-0270,PROD-0038,GEO-0023,756.0,5,0.2,249.04,4,0,20241127,20241201
ORD-2024-11442,2024-11-27,2024-11-30,CUST-0275,PROD-0056,GEO-0031,229.0,1,0.0,114.96,3,0,20241127,20241130
ORD-2024-14271,2024-11-27,2024-11-28,CUST-0810,PROD-0026,GEO-0017,948.1,2,0.05,380.69,1,0,20241127,20241128
ORD-2024-10620,2024-11-28,2024-12-02,CUST-0123,PROD-0026,GEO-0005,424.15,1,0.15,138.43,4,0,20241128,20241202
ORD-2024-11391,2024-11-28,2024-12-01,CUST-0261,PROD-0021,GEO-0016,3192.0,8,0.0,1638.83,3,0,20241128,20241201
ORD-2024-11444,2024-11-28,2024-11-29,CUST-0275,PROD-0008,GEO-0031,1899.0,1,0.0,793.27,1,0,20241128,20241129
ORD-2024-11948,2024-11-28,2024-12-02,CUST-0366,PROD-0057,GEO-0030,108.0,3,0.2,37.1,4,0,20241128,20241202
ORD-2024-12310,2024-11-28,2024-12-03,CUST-0423,PROD-0013,GEO-0017,117.3,2,0.15,63.25,5,0,20241128,20241203
ORD-2024-14207,2024-11-28,2024-11-29,CUST-0792,PROD-0050,GEO-0022,239.4,6,0.05,113.22,1,0,20241128,20241129
ORD-2024-14273,2024-11-28,2024-11-30,CUST-0810,PROD-0043,GEO-0017,56.05,1,0.05,25.07,2,0,20241128,20241130
ORD-2024-10203,2024-11-29,2024-12-02,CUST-0046,PROD-0012,GEO-0026,59.0,1,0.0,37.97,3,0,20241129,20241202
ORD-2024-10238,2024-11-29,2024-12-02,CUST-0055,PROD-0048,GEO-0014,112.0,4,0.0,49.05,3,0,20241129,20241202
ORD-2024-10393,2024-11-29,2024-11-30,CUST-0082,PROD-0047,GEO-0023,21.6,1,0.1,6.94,1,0,20241129,20241130
ORD-2024-10759,2024-11-29,2024-12-01,CUST-0146,PROD-0019,GEO-0006,658.0,2,0.0,291.64,2,0,20241129,20241201
ORD-2024-12250,2024-11-29,2024-12-02,CUST-0416,PROD-0036,GEO-0013,98.0,2,0.0,46.39,3,0,20241129,20241202
ORD-2024-12374,2024-11-29,2024-12-01,CUST-0435,PROD-0052,GEO-0001,26.6,2,0.3,0.95,2,0,20241129,20241201
ORD-2024-12637,2024-11-29,2024-11-30,CUST-0482,PROD-0051,GEO-0019,16.2,1,0.1,6.66,1,0,20241129,20241130
ORD-2024-13420,2024-11-29,2024-12-04,CUST-0629,PROD-0020,GEO-0014,628.2,2,0.1,301.5,5,0,20241129,20241204
ORD-2024-13434,2024-11-29,2024-12-02,CUST-0633,PROD-0047,GEO-0020,72.0,3,0.0,25.57,3,0,20241129,20241202
ORD-2024-13556,2024-11-29,2024-11-30,CUST-0653,PROD-0045,GEO-0026,99.0,1,0.1,49.34,1,0,20241129,20241130
ORD-2024-14296,2024-11-29,2024-12-01,CUST-0816,PROD-0031,GEO-0001,158.4,2,0.2,55.29,2,0,20241129,20241201
ORD-2024-10096,2024-11-30,2024-12-02,CUST-0021,PROD-0009,GEO-0026,549.0,1,0.0,223.17,2,0,20241130,20241202
ORD-2024-12098,2024-11-30,2024-12-02,CUST-0394,PROD-0036,GEO-0030,147.0,3,0.0,77.55,2,0,20241130,20241202
ORD-2024-12227,2024-11-30,2024-12-02,CUST-0412,PROD-0009,GEO-0028,439.2,1,0.2,113.89,2,0,20241130,20241202
ORD-2024-12321,2024-11-30,2024-12-04,CUST-0425,PROD-0040,GEO-0006,220.8,4,0.2,93.79,4,0,20241130,20241204
ORD-2024-12678,2024-11-30,2024-12-02,CUST-0489,PROD-0059,GEO-0024,11.0,1,0.0,3.5,2,0,20241130,20241202
ORD-2024-13411,2024-11-30,2024-12-01,CUST-0627,PROD-0052,GEO-0022,18.05,1,0.05,5.68,1,0,20241130,20241201
ORD-2024-13562,2024-11-30,2024-12-03,CUST-0655,PROD-0021,GEO-0012,718.2,2,0.1,327.69,3,0,20241130,20241203
ORD-2024-10570,2024-12-01,2024-12-02,CUST-0112,PROD-0048,GEO-0032,56.0,2,0.0,20.25,1,0,20241201,20241202
ORD-2024-10803,2024-12-01,2024-12-03,CUST-0151,PROD-0020,GEO-0026,889.95,3,0.15,400.51,2,0,20241201,20241203
ORD-2024-11829,2024-12-01,2024-12-04,CUST-0343,PROD-0048,GEO-0009,23.8,1,0.15,6.75,3,0,20241201,20241204
ORD-2024-12178,2024-12-01,2024-12-07,CUST-0404,PROD-0027,GEO-0030,528.2,4,0.05,203.6,6,0,20241201,20241207
ORD-2024-12754,2024-12-01,2024-12-04,CUST-0503,PROD-0048,GEO-0002,53.2,2,0.05,22.38,3,0,20241201,20241204
ORD-2024-13912,2024-12-01,2024-12-03,CUST-0734,PROD-0005,GEO-0017,1900.0,2,0.0,692.77,2,0,20241201,20241203
ORD-2024-13958,2024-12-01,2024-12-03,CUST-0743,PROD-0047,GEO-0012,122.4,6,0.15,41.98,2,0,20241201,20241203
ORD-2024-14288,2024-12-01,2024-12-02,CUST-0815,PROD-0045,GEO-0021,104.5,1,0.05,56.24,1,0,20241201,20241202
ORD-2024-14473,2024-12-01,2024-12-03,CUST-0850,PROD-0010,GEO-0016,1376.55,1,0.05,520.05,2,0,20241201,20241203
ORD-2024-11357,2024-12-02,2024-12-03,CUST-0256,PROD-0060,GEO-0007,44.8,4,0.2,12.11,1,0,20241202,20241203
ORD-2024-11833,2024-12-02,2024-12-06,CUST-0345,PROD-0039,GEO-0030,76.8,3,0.2,26.18,4,0,20241202,20241206
ORD-2024-13730,2024-12-02,2024-12-06,CUST-0693,PROD-0049,GEO-0004,59.4,3,0.1,20.85,4,1,20241202,20241206
ORD-2024-10796,2024-12-03,2024-12-06,CUST-0150,PROD-0053,GEO-0026,32.4,3,0.1,9.83,3,0,20241203,20241206
ORD-2024-12149,2024-12-03,2024-12-05,CUST-0400,PROD-0040,GEO-0017,62.1,1,0.1,28.88,2,0,20241203,20241205
ORD-2024-12212,2024-12-03,2024-12-05,CUST-0409,PROD-0025,GEO-0029,1168.2,2,0.1,394.87,2,0,20241203,20241205
ORD-2024-12634,2024-12-03,2024-12-06,CUST-0481,PROD-0057,GEO-0031,45.0,1,0.0,21.14,3,0,20241203,20241206
ORD-2024-13131,2024-12-03,2024-12-05,CUST-0580,PROD-0051,GEO-0004,34.2,2,0.05,10.74,2,0,20241203,20241205
ORD-2024-13600,2024-12-03,2024-12-08,CUST-0665,PROD-0025,GEO-0011,649.0,1,0.0,265.17,5,0,20241203,20241208
ORD-2024-13808,2024-12-03,2024-12-08,CUST-0709,PROD-0036,GEO-0006,147.0,3,0.0,66.26,5,0,20241203,20241208
ORD-2024-11178,2024-12-04,2024-12-08,CUST-0224,PROD-0033,GEO-0030,143.65,1,0.15,52.89,4,0,20241204,20241208
ORD-2024-12133,2024-12-04,2024-12-06,CUST-0397,PROD-0037,GEO-0016,210.0,1,0.0,116.3,2,0,20241204,20241206
ORD-2024-12516,2024-12-04,2024-12-06,CUST-0461,PROD-0055,GEO-0023,139.0,1,0.0,67.16,2,0,20241204,20241206
ORD-2024-12832,2024-12-04,2024-12-05,CUST-0517,PROD-0041,GEO-0010,35.1,1,0.1,17.04,1,0,20241204,20241205
ORD-2024-13037,2024-12-04,2024-12-09,CUST-0561,PROD-0057,GEO-0028,180.0,4,0.0,89.66,5,0,20241204,20241209
ORD-2024-13177,2024-12-04,2024-12-06,CUST-0588,PROD-0056,GEO-0012,824.4,4,0.1,371.98,2,0,20241204,20241206
ORD-2024-13777,2024-12-04,2024-12-06,CUST-0702,PROD-0017,GEO-0032,699.0,1,0.0,313.65,2,0,20241204,20241206
ORD-2024-14059,2024-12-04,2024-12-06,CUST-0759,PROD-0033,GEO-0016,270.4,2,0.2,88.2,2,0,20241204,20241206
ORD-2024-14155,2024-12-04,2024-12-07,CUST-0779,PROD-0041,GEO-0012,35.1,1,0.1,16.71,3,0,20241204,20241207
ORD-2024-11238,2024-12-05,2024-12-07,CUST-0232,PROD-0027,GEO-0023,556.0,4,0.0,235.94,2,0,20241205,20241207
ORD-2024-12177,2024-12-05,2024-12-07,CUST-0404,PROD-0043,GEO-0030,59.0,1,0.0,28.0,2,0,20241205,20241207
ORD-2024-12761,2024-12-05,2024-12-09,CUST-0504,PROD-0029,GEO-0005,638.0,2,0.0,266.62,4,0,20241205,20241209
ORD-2024-12965,2024-12-05,2024-12-10,CUST-0545,PROD-0029,GEO-0007,813.45,3,0.15,257.6,5,0,20241205,20241210
ORD-2024-13764,2024-12-05,2024-12-07,CUST-0700,PROD-0038,GEO-0008,718.2,4,0.05,313.95,2,0,20241205,20241207
ORD-2024-11836,2024-12-06,2024-12-08,CUST-0345,PROD-0001,GEO-0030,1518.1,2,0.05,609.17,2,0,20241206,20241208
ORD-2024-11970,2024-12-06,2024-12-09,CUST-0372,PROD-0048,GEO-0011,98.0,5,0.3,21.9,3,0,20241206,20241209
ORD-2024-11976,2024-12-06,2024-12-11,CUST-0373,PROD-0053,GEO-0014,28.8,3,0.2,-3.95,5,0,20241206,20241211
ORD-2024-12229,2024-12-06,2024-12-11,CUST-0412,PROD-0046,GEO-0028,64.6,2,0.05,28.75,5,0,20241206,20241211
ORD-2024-13179,2024-12-06,2024-12-07,CUST-0588,PROD-0056,GEO-0012,229.0,1,0.0,113.24,1,0,20241206,20241207
ORD-2024-13869,2024-12-06,2024-12-08,CUST-0723,PROD-0043,GEO-0007,236.0,4,0.0,117.06,2,0,20241206,20241208
ORD-2024-14137,2024-12-06,2024-12-07,CUST-0774,PROD-0008,GEO-0015,5127.3,3,0.1,1808.87,1,0,20241206,20241207
ORD-2024-14390,2024-12-06,2024-12-08,CUST-0836,PROD-0016,GEO-0012,1614.05,1,0.05,709.81,2,0,20241206,20241208
ORD-2024-10704,2024-12-07,2024-12-10,CUST-0136,PROD-0045,GEO-0018,88.0,1,0.2,37.15,3,0,20241207,20241210
ORD-2024-10955,2024-12-07,2024-12-11,CUST-0175,PROD-0032,GEO-0016,478.5,3,0.5,-15.56,4,0,20241207,20241211
ORD-2024-11591,2024-12-07,2024-12-08,CUST-0305,PROD-0032,GEO-0007,303.05,1,0.05,138.63,1,0,20241207,20241208
ORD-2024-11748,2024-12-07,2024-12-09,CUST-0330,PROD-0044,GEO-0018,142.2,2,0.1,65.49,2,0,20241207,20241209
ORD-2024-13326,2024-12-07,2024-12-11,CUST-0616,PROD-0057,GEO-0018,72.0,2,0.2,26.28,4,0,20241207,20241211
ORD-2024-10184,2024-12-08,2024-12-10,CUST-0038,PROD-0037,GEO-0008,210.0,1,0.0,113.49,2,0,20241208,20241210
ORD-2024-10546,2024-12-08,2024-12-10,CUST-0106,PROD-0030,GEO-0018,91.6,1,0.6,-24.59,2,0,20241208,20241210
ORD-2024-12283,2024-12-08,2024-12-11,CUST-0420,PROD-0003,GEO-0017,379.05,1,0.05,152.26,3,0,20241208,20241211
ORD-2024-12306,2024-12-08,2024-12-11,CUST-0423,PROD-0037,GEO-0017,420.0,2,0.0,226.44,3,0,20241208,20241211
ORD-2024-13578,2024-12-08,2024-12-10,CUST-0660,PROD-0055,GEO-0005,132.05,1,0.05,60.77,2,0,20241208,20241210
ORD-2024-10730,2024-12-09,2024-12-11,CUST-0140,PROD-0005,GEO-0006,1900.0,2,0.0,689.86,2,0,20241209,20241211
ORD-2024-11496,2024-12-09,2024-12-11,CUST-0286,PROD-0054,GEO-0004,897.0,3,0.0,458.65,2,0,20241209,20241211
ORD-2024-11551,2024-12-09,2024-12-11,CUST-0297,PROD-0058,GEO-0024,55.1,2,0.05,23.31,2,0,20241209,20241211
ORD-2024-12448,2024-12-09,2024-12-11,CUST-0453,PROD-0009,GEO-0011,549.0,1,0.0,224.95,2,0,20241209,20241211
ORD-2024-12831,2024-12-09,2024-12-12,CUST-0517,PROD-0011,GEO-0010,129.0,1,0.0,77.5,3,0,20241209,20241212
ORD-2024-13220,2024-12-09,2024-12-11,CUST-0595,PROD-0037,GEO-0013,399.0,2,0.05,210.72,2,0,20241209,20241211
ORD-2024-13380,2024-12-09,2024-12-15,CUST-0624,PROD-0039,GEO-0031,22.4,1,0.3,3.63,6,0,20241209,20241215
ORD-2024-14153,2024-12-09,2024-12-11,CUST-0778,PROD-0013,GEO-0007,196.65,3,0.05,115.93,2,0,20241209,20241211
ORD-2024-10174,2024-12-10,2024-12-13,CUST-0035,PROD-0058,GEO-0006,49.3,2,0.15,13.71,3,0,20241210,20241213
ORD-2024-13469,2024-12-10,2024-12-12,CUST-0639,PROD-0019,GEO-0018,329.0,1,0.0,142.8,2,0,20241210,20241212
ORD-2024-14307,2024-12-10,2024-12-12,CUST-0817,PROD-0031,GEO-0002,94.05,1,0.05,43.51,2,0,20241210,20241212
ORD-2024-10312,2024-12-11,2024-12-14,CUST-0069,PROD-0050,GEO-0005,210.0,5,0.0,97.31,3,0,20241211,20241214
ORD-2024-13157,2024-12-11,2024-12-12,CUST-0585,PROD-0030,GEO-0023,217.55,1,0.05,102.87,1,0,20241211,20241212
ORD-2024-13353,2024-12-11,2024-12-15,CUST-0620,PROD-0027,GEO-0020,194.6,2,0.3,38.03,4,0,20241211,20241215
ORD-2024-13613,2024-12-11,2024-12-13,CUST-0667,PROD-0009,GEO-0020,549.0,1,0.0,223.04,2,0,20241211,20241213
ORD-2024-14003,2024-12-11,2024-12-16,CUST-0750,PROD-0034,GEO-0007,130.0,2,0.0,69.24,5,0,20241211,20241216
ORD-2024-14298,2024-12-11,2024-12-13,CUST-0816,PROD-0019,GEO-0001,279.65,1,0.15,93.03,2,0,20241211,20241213
ORD-2024-10131,2024-12-12,2024-12-15,CUST-0028,PROD-0028,GEO-0016,2876.4,6,0.4,150.5,3,0,20241212,20241215
ORD-2024-11050,2024-12-12,2024-12-14,CUST-0194,PROD-0053,GEO-0005,24.0,2,0.0,5.26,2,0,20241212,20241214
ORD-2024-11265,2024-12-12,2024-12-14,CUST-0237,PROD-0011,GEO-0018,245.1,2,0.05,143.76,2,0,20241212,20241214
ORD-2024-11706,2024-12-12,2024-12-16,CUST-0322,PROD-0002,GEO-0025,809.1,1,0.1,284.39,4,0,20241212,20241216
ORD-2024-12136,2024-12-12,2024-12-14,CUST-0397,PROD-0013,GEO-0016,65.55,1,0.05,37.63,2,0,20241212,20241214
ORD-2024-13503,2024-12-12,2024-12-15,CUST-0643,PROD-0038,GEO-0027,803.25,5,0.15,312.2,3,1,20241212,20241215
ORD-2024-10390,2024-12-13,2024-12-14,CUST-0081,PROD-0010,GEO-0002,1376.55,1,0.05,523.36,1,0,20241213,20241214
ORD-2024-10956,2024-12-13,2024-12-15,CUST-0176,PROD-0043,GEO-0019,106.2,3,0.4,24.2,2,1,20241213,20241215
ORD-2024-11777,2024-12-13,2024-12-14,CUST-0334,PROD-0010,GEO-0032,3912.3,3,0.1,1349.78,1,0,20241213,20241214
ORD-2024-11788,2024-12-13,2024-12-16,CUST-0336,PROD-0009,GEO-0024,1482.3,3,0.1,501.54,3,0,20241213,20241216
ORD-2024-12080,2024-12-13,2024-12-15,CUST-0390,PROD-0033,GEO-0027,1081.6,8,0.2,357.53,2,0,20241213,20241215
ORD-2024-12201,2024-12-13,2024-12-15,CUST-0407,PROD-0024,GEO-0032,598.0,2,0.0,305.9,2,0,20241213,20241215
ORD-2024-12691,2024-12-13,2024-12-15,CUST-0491,PROD-0037,GEO-0013,1596.0,8,0.05,830.25,2,0,20241213,20241215
ORD-2024-13548,2024-12-13,2024-12-15,CUST-0652,PROD-0029,GEO-0021,255.2,1,0.2,70.68,2,1,20241213,20241215
ORD-2024-10490,2024-12-14,2024-12-18,CUST-0096,PROD-0051,GEO-0024,32.4,2,0.1,10.98,4,0,20241214,20241218
ORD-2024-10839,2024-12-14,2024-12-16,CUST-0157,PROD-0022,GEO-0002,438.0,2,0.0,234.69,2,0,20241214,20241216
ORD-2024-11045,2024-12-14,2024-12-15,CUST-0193,PROD-0005,GEO-0032,1615.0,2,0.15,408.52,1,0,20241214,20241215
ORD-2024-11379,2024-12-14,2024-12-16,CUST-0260,PROD-0016,GEO-0031,3398.0,2,0.0,1591.51,2,0,20241214,20241216
ORD-2024-12101,2024-12-14,2024-12-18,CUST-0394,PROD-0002,GEO-0030,3820.75,5,0.15,1199.75,4,0,20241214,20241218
ORD-2024-13272,2024-12-14,2024-12-20,CUST-0605,PROD-0056,GEO-0017,320.6,2,0.3,89.9,6,0,20241214,20241220
ORD-2024-13656,2024-12-14,2024-12-15,CUST-0676,PROD-0013,GEO-0004,207.0,3,0.0,127.88,1,0,20241214,20241215
ORD-2024-13950,2024-12-14,2024-12-16,CUST-0742,PROD-0045,GEO-0011,88.0,1,0.2,37.85,2,0,20241214,20241216
ORD-2024-14371,2024-12-14,2024-12-15,CUST-0832,PROD-0011,GEO-0002,877.2,8,0.15,491.3,1,0,20241214,20241215
ORD-2024-10560,2024-12-15,2024-12-21,CUST-0108,PROD-0051,GEO-0007,18.0,1,0.0,7.0,6,0,20241215,20241221
ORD-2024-11326,2024-12-15,2024-12-16,CUST-0251,PROD-0049,GEO-0019,20.9,1,0.05,9.56,1,0,20241215,20241216
ORD-2024-12007,2024-12-15,2024-12-17,CUST-0380,PROD-0002,GEO-0025,899.0,1,0.0,373.57,2,0,20241215,20241217
ORD-2024-13531,2024-12-15,2024-12-17,CUST-0649,PROD-0027,GEO-0027,118.15,1,0.15,40.1,2,0,20241215,20241217
ORD-2024-13955,2024-12-15,2024-12-20,CUST-0742,PROD-0056,GEO-0011,458.0,2,0.0,231.73,5,0,20241215,20241220
ORD-2024-14232,2024-12-15,2024-12-16,CUST-0797,PROD-0042,GEO-0016,196.0,4,0.0,108.58,1,0,20241215,20241216
ORD-2024-14250,2024-12-15,2024-12-18,CUST-0804,PROD-0042,GEO-0016,156.8,4,0.2,67.91,3,0,20241215,20241218
ORD-2024-14402,2024-12-15,2024-12-17,CUST-0838,PROD-0020,GEO-0010,698.0,2,0.0,366.25,2,0,20241215,20241217
ORD-2024-12489,2024-12-16,2024-12-19,CUST-0457,PROD-0040,GEO-0004,327.75,5,0.05,156.72,3,0,20241216,20241219
ORD-2024-13537,2024-12-16,2024-12-19,CUST-0650,PROD-0027,GEO-0021,1112.0,8,0.0,479.65,3,0,20241216,20241219
ORD-2024-13931,2024-12-16,2024-12-17,CUST-0736,PROD-0034,GEO-0011,370.5,6,0.05,191.95,1,0,20241216,20241217
ORD-2024-10363,2024-12-17,2024-12-20,CUST-0077,PROD-0028,GEO-0028,1358.3,2,0.15,450.16,3,0,20241217,20241220
ORD-2024-11409,2024-12-17,2024-12-20,CUST-0267,PROD-0034,GEO-0021,65.0,1,0.0,33.59,3,0,20241217,20241220
ORD-2024-11440,2024-12-17,2024-12-19,CUST-0273,PROD-0036,GEO-0013,49.0,1,0.0,24.23,2,0,20241217,20241219
ORD-2024-11962,2024-12-17,2024-12-24,CUST-0370,PROD-0009,GEO-0004,549.0,1,0.0,224.39,7,0,20241217,20241224
ORD-2024-13343,2024-12-17,2024-12-19,CUST-0617,PROD-0032,GEO-0020,957.0,3,0.0,460.16,2,0,20241217,20241219
ORD-2024-13606,2024-12-17,2024-12-20,CUST-0666,PROD-0027,GEO-0030,236.3,2,0.15,73.36,3,0,20241217,20241220
ORD-2024-13901,2024-12-17,2024-12-19,CUST-0732,PROD-0004,GEO-0016,989.1,1,0.1,302.33,2,0,20241217,20241219
ORD-2024-14248,2024-12-17,2024-12-18,CUST-0804,PROD-0052,GEO-0016,16.15,1,0.15,4.62,1,0,20241217,20241218
ORD-2024-10440,2024-12-18,2024-12-25,CUST-0087,PROD-0057,GEO-0009,40.5,1,0.1,19.03,7,0,20241218,20241225
ORD-2024-10605,2024-12-18,2024-12-21,CUST-0120,PROD-0029,GEO-0024,765.6,3,0.2,213.16,3,0,20241218,20241221
ORD-2024-12300,2024-12-18,2024-12-23,CUST-0423,PROD-0024,GEO-0017,897.0,3,0.0,460.76,5,0,20241218,20241223
ORD-2024-13387,2024-12-18,2024-12-21,CUST-0625,PROD-0048,GEO-0020,53.2,2,0.05,18.12,3,0,20241218,20241221
ORD-2024-13559,2024-12-18,2024-12-21,CUST-0654,PROD-0033,GEO-0026,118.3,1,0.3,27.9,3,0,20241218,20241221
ORD-2024-11037,2024-12-19,2024-12-23,CUST-0192,PROD-0001,GEO-0002,2277.15,3,0.05,914.06,4,0,20241219,20241223
ORD-2024-11831,2024-12-19,2024-12-22,CUST-0343,PROD-0055,GEO-0009,792.3,6,0.05,371.73,3,0,20241219,20241222
ORD-2024-11931,2024-12-19,2024-12-24,CUST-0362,PROD-0003,GEO-0001,399.0,1,0.0,173.18,5,1,20241219,20241224
ORD-2024-12393,2024-12-19,2024-12-22,CUST-0437,PROD-0012,GEO-0032,56.05,1,0.05,32.46,3,0,20241219,20241222
ORD-2024-13108,2024-12-19,2024-12-21,CUST-0575,PROD-0045,GEO-0019,264.0,3,0.2,115.58,2,0,20241219,20241221
ORD-2024-13321,2024-12-19,2024-12-22,CUST-0615,PROD-0034,GEO-0006,52.0,1,0.2,20.93,3,0,20241219,20241222
ORD-2024-13976,2024-12-19,2024-12-23,CUST-0745,PROD-0034,GEO-0018,195.0,3,0.0,100.71,4,0,20241219,20241223
ORD-2024-14080,2024-12-19,2024-12-21,CUST-0762,PROD-0050,GEO-0026,42.0,1,0.0,22.46,2,0,20241219,20241221
ORD-2024-14396,2024-12-19,2024-12-22,CUST-0837,PROD-0019,GEO-0016,329.0,1,0.0,142.97,3,0,20241219,20241222
ORD-2024-10213,2024-12-20,2024-12-23,CUST-0048,PROD-0052,GEO-0008,54.15,3,0.05,24.11,3,0,20241220,20241223
ORD-2024-11534,2024-12-20,2024-12-25,CUST-0293,PROD-0008,GEO-0030,1899.0,1,0.0,795.12,5,0,20241220,20241225
ORD-2024-11705,2024-12-20,2024-12-23,CUST-0321,PROD-0033,GEO-0030,304.2,3,0.4,29.25,3,0,20241220,20241223
ORD-2024-11747,2024-12-20,2024-12-22,CUST-0330,PROD-0032,GEO-0018,606.1,2,0.05,273.78,2,0,20241220,20241222
ORD-2024-12118,2024-12-20,2024-12-23,CUST-0395,PROD-0014,GEO-0006,402.3,3,0.1,225.05,3,0,20241220,20241223
ORD-2024-12222,2024-12-20,2024-12-23,CUST-0411,PROD-0052,GEO-0001,38.0,2,0.0,13.44,3,0,20241220,20241223
ORD-2024-12915,2024-12-20,2024-12-23,CUST-0530,PROD-0003,GEO-0027,399.0,1,0.0,174.14,3,0,20241220,20241223
ORD-2024-11185,2024-12-21,2024-12-27,CUST-0225,PROD-0049,GEO-0030,39.6,2,0.1,17.54,6,0,20241221,20241227
ORD-2024-12386,2024-12-21,2024-12-28,CUST-0436,PROD-0046,GEO-0026,28.9,1,0.15,11.41,7,0,20241221,20241228
ORD-2024-12420,2024-12-21,2024-12-23,CUST-0443,PROD-0009,GEO-0030,1564.65,3,0.05,592.48,2,0,20241221,20241223
ORD-2024-12843,2024-12-21,2024-12-22,CUST-0517,PROD-0012,GEO-0010,118.0,2,0.0,74.23,1,1,20241221,20241222
ORD-2024-13341,2024-12-21,2024-12-25,CUST-0617,PROD-0030,GEO-0020,320.6,2,0.3,91.81,4,0,20241221,20241225
ORD-2024-14161,2024-12-21,2024-12-24,CUST-0779,PROD-0019,GEO-0012,329.0,1,0.0,142.28,3,0,20241221,20241224
ORD-2024-10092,2024-12-22,2024-12-25,CUST-0021,PROD-0008,GEO-0026,1804.05,1,0.05,700.26,3,0,20241222,20241225
ORD-2024-11081,2024-12-22,2024-12-25,CUST-0200,PROD-0011,GEO-0019,129.0,1,0.0,78.42,3,0,20241222,20241225
ORD-2024-12105,2024-12-22,2024-12-24,CUST-0394,PROD-0032,GEO-0030,909.15,3,0.05,411.32,2,0,20241222,20241224
ORD-2024-13409,2024-12-22,2024-12-25,CUST-0627,PROD-0008,GEO-0022,1709.1,1,0.1,604.65,3,0,20241222,20241225
ORD-2024-10412,2024-12-23,2024-12-25,CUST-0084,PROD-0039,GEO-0003,32.0,1,0.0,13.93,2,0,20241223,20241225
ORD-2024-11192,2024-12-23,2024-12-26,CUST-0227,PROD-0026,GEO-0015,449.1,1,0.1,165.94,3,0,20241223,20241226
ORD-2024-11240,2024-12-23,2024-12-26,CUST-0233,PROD-0015,GEO-0010,178.0,2,0.0,96.19,3,0,20241223,20241226
ORD-2024-11802,2024-12-23,2024-12-24,CUST-0340,PROD-0004,GEO-0001,2198.0,2,0.0,826.85,1,1,20241223,20241224
ORD-2024-12285,2024-12-23,2024-12-28,CUST-0421,PROD-0002,GEO-0023,1618.2,2,0.1,571.08,5,1,20241223,20241228
ORD-2024-12441,2024-12-23,2024-12-24,CUST-0451,PROD-0047,GEO-0012,24.0,1,0.0,8.31,1,0,20241223,20241224
ORD-2024-12518,2024-12-23,2024-12-29,CUST-0461,PROD-0041,GEO-0023,78.0,2,0.0,37.73,6,0,20241223,20241229
ORD-2024-13349,2024-12-23,2024-12-25,CUST-0617,PROD-0024,GEO-0020,897.0,3,0.0,466.54,2,0,20241223,20241225
ORD-2024-13485,2024-12-23,2024-12-27,CUST-0642,PROD-0040,GEO-0012,117.3,2,0.15,47.58,4,0,20241223,20241227
ORD-2024-10902,2024-12-24,2024-12-26,CUST-0166,PROD-0040,GEO-0020,55.2,1,0.2,22.9,2,0,20241224,20241226
ORD-2024-11577,2024-12-24,2024-12-26,CUST-0303,PROD-0057,GEO-0027,162.0,4,0.1,73.84,2,0,20241224,20241226
ORD-2024-11580,2024-12-24,2024-12-26,CUST-0304,PROD-0008,GEO-0032,1899.0,1,0.0,792.69,2,0,20241224,20241226
ORD-2024-12069,2024-12-24,2024-12-26,CUST-0389,PROD-0018,GEO-0014,1890.5,10,0.05,731.63,2,0,20241224,20241226
ORD-2024-12225,2024-12-24,2024-12-31,CUST-0412,PROD-0021,GEO-0028,1995.0,5,0.0,1013.84,7,0,20241224,20241231
ORD-2024-13068,2024-12-24,2024-12-27,CUST-0566,PROD-0048,GEO-0022,23.8,1,0.15,6.17,3,0,20241224,20241227
ORD-2024-13258,2024-12-24,2024-12-27,CUST-0599,PROD-0056,GEO-0030,916.0,4,0.0,453.36,3,0,20241224,20241227
ORD-2024-13861,2024-12-24,2024-12-27,CUST-0721,PROD-0057,GEO-0032,90.0,2,0.0,40.01,3,0,20241224,20241227
ORD-2024-14024,2024-12-24,2024-12-27,CUST-0753,PROD-0051,GEO-0008,18.0,1,0.0,5.14,3,0,20241224,20241227
ORD-2024-11408,2024-12-25,2024-12-30,CUST-0267,PROD-0029,GEO-0021,1116.5,5,0.3,183.71,5,0,20241225,20241230
ORD-2024-12146,2024-12-25,2024-12-26,CUST-0400,PROD-0047,GEO-0017,48.0,2,0.0,20.24,1,0,20241225,20241226
ORD-2024-13071,2024-12-25,2024-12-29,CUST-0566,PROD-0003,GEO-0022,1197.0,3,0.0,527.91,4,0,20241225,20241229
ORD-2024-13352,2024-12-25,2024-12-29,CUST-0619,PROD-0001,GEO-0028,1438.2,2,0.1,530.51,4,0,20241225,20241229
ORD-2024-13418,2024-12-25,2024-12-29,CUST-0628,PROD-0039,GEO-0028,86.4,3,0.1,40.74,4,1,20241225,20241229
ORD-2024-13494,2024-12-25,2024-12-31,CUST-0643,PROD-0028,GEO-0027,1677.9,3,0.3,313.87,6,0,20241225,20241231
ORD-2024-13535,2024-12-25,2024-12-27,CUST-0650,PROD-0038,GEO-0021,302.4,4,0.6,-98.65,2,0,20241225,20241227
ORD-2024-13698,2024-12-25,2024-12-27,CUST-0687,PROD-0060,GEO-0006,28.0,2,0.0,11.89,2,0,20241225,20241227
ORD-2024-14122,2024-12-25,2024-12-30,CUST-0769,PROD-0018,GEO-0027,179.1,1,0.1,63.33,5,0,20241225,20241230
ORD-2024-10802,2024-12-26,2024-12-28,CUST-0151,PROD-0056,GEO-0026,1087.75,5,0.05,521.07,2,0,20241226,20241228
ORD-2024-10925,2024-12-26,2024-12-28,CUST-0170,PROD-0008,GEO-0003,9495.0,5,0.0,3972.4,2,0,20241226,20241228
ORD-2024-11191,2024-12-26,2024-12-30,CUST-0227,PROD-0015,GEO-0015,89.0,1,0.0,48.39,4,0,20241226,20241230
ORD-2024-12520,2024-12-26,2024-12-29,CUST-0461,PROD-0054,GEO-0023,478.4,2,0.2,191.62,3,0,20241226,20241229
ORD-2024-12862,2024-12-26,2024-12-29,CUST-0519,PROD-0040,GEO-0019,69.0,1,0.0,36.75,3,0,20241226,20241229
ORD-2024-13432,2024-12-26,2024-12-29,CUST-0633,PROD-0020,GEO-0020,349.0,1,0.0,184.14,3,0,20241226,20241229
ORD-2024-13464,2024-12-26,2024-12-30,CUST-0639,PROD-0051,GEO-0018,36.0,2,0.0,16.08,4,0,20241226,20241230
ORD-2024-14038,2024-12-26,2024-12-27,CUST-0756,PROD-0034,GEO-0015,130.0,2,0.0,68.5,1,0,20241226,20241227
ORD-2024-11431,2024-12-27,2024-12-29,CUST-0272,PROD-0017,GEO-0022,3495.0,5,0.0,1574.69,2,0,20241227,20241229
ORD-2024-11954,2024-12-27,2024-12-30,CUST-0368,PROD-0054,GEO-0017,284.05,1,0.05,139.22,3,0,20241227,20241230
ORD-2024-12156,2024-12-27,2024-12-31,CUST-0400,PROD-0016,GEO-0017,3398.0,2,0.0,1587.32,4,0,20241227,20241231
ORD-2024-12587,2024-12-27,2025-01-01,CUST-0471,PROD-0003,GEO-0021,1596.0,4,0.0,688.5,5,0,20241227,20250101
ORD-2024-14363,2024-12-27,2024-12-30,CUST-0830,PROD-0025,GEO-0002,1298.0,2,0.0,530.33,3,1,20241227,20241230
ORD-2024-10611,2024-12-28,2024-12-30,CUST-0122,PROD-0060,GEO-0004,14.0,1,0.0,2.09,2,0,20241228,20241230
ORD-2024-10840,2024-12-28,2024-12-31,CUST-0157,PROD-0038,GEO-0002,340.2,2,0.1,141.01,3,0,20241228,20241231
ORD-2024-11115,2024-12-28,2024-12-30,CUST-0207,PROD-0031,GEO-0008,297.0,3,0.0,147.3,2,0,20241228,20241230
ORD-2024-11542,2024-12-28,2024-12-29,CUST-0295,PROD-0036,GEO-0005,88.2,2,0.1,36.2,1,0,20241228,20241229
ORD-2024-12640,2024-12-28,2024-12-30,CUST-0482,PROD-0028,GEO-0019,479.4,1,0.4,26.23,2,0,20241228,20241230
ORD-2024-13067,2024-12-28,2025-01-01,CUST-0566,PROD-0052,GEO-0022,19.0,1,0.0,7.22,4,0,20241228,20250101
ORD-2024-13466,2024-12-28,2025-01-02,CUST-0639,PROD-0025,GEO-0018,1298.0,2,0.0,531.17,5,1,20241228,20250102
ORD-2024-10347,2024-12-29,2025-01-02,CUST-0073,PROD-0019,GEO-0029,526.4,2,0.2,159.17,4,0,20241229,20250102
ORD-2024-11135,2024-12-29,2025-01-04,CUST-0209,PROD-0025,GEO-0027,551.65,1,0.15,164.83,6,0,20241229,20250104
ORD-2024-11521,2024-12-29,2025-01-03,CUST-0291,PROD-0022,GEO-0027,219.0,1,0.0,117.18,5,0,20241229,20250103
ORD-2024-11547,2024-12-29,2025-01-04,CUST-0296,PROD-0024,GEO-0017,538.2,2,0.1,246.59,6,1,20241229,20250104
ORD-2024-11596,2024-12-29,2024-12-31,CUST-0306,PROD-0053,GEO-0027,28.8,4,0.4,-4.6,2,0,20241229,20241231
ORD-2024-12343,2024-12-29,2025-01-01,CUST-0427,PROD-0029,GEO-0005,574.2,2,0.1,205.86,3,0,20241229,20250101
ORD-2024-12825,2024-12-29,2025-01-03,CUST-0516,PROD-0045,GEO-0012,104.5,1,0.05,55.77,5,0,20241229,20250103
ORD-2024-14480,2024-12-29,2025-01-01,CUST-0850,PROD-0034,GEO-0016,185.25,3,0.05,90.65,3,0,20241229,20250101
ORD-2024-11289,2024-12-30,2025-01-01,CUST-0241,PROD-0007,GEO-0022,1798.2,2,0.1,628.8,2,0,20241230,20250101
ORD-2024-11497,2024-12-30,2024-12-31,CUST-0286,PROD-0037,GEO-0004,189.0,1,0.1,95.75,1,0,20241230,20241231
ORD-2024-11589,2024-12-30,2025-01-01,CUST-0305,PROD-0015,GEO-0007,89.0,1,0.0,49.6,2,0,20241230,20250101
ORD-2024-12203,2024-12-30,2025-01-01,CUST-0407,PROD-0059,GEO-0032,31.35,3,0.05,5.64,2,0,20241230,20250101
ORD-2024-12255,2024-12-30,2025-01-01,CUST-0417,PROD-0016,GEO-0023,3228.1,2,0.05,1416.01,2,0,20241230,20250101
ORD-2024-13549,2024-12-30,2025-01-02,CUST-0652,PROD-0051,GEO-0021,18.0,1,0.0,8.54,3,0,20241230,20250102
ORD-2024-14404,2024-12-30,2025-01-01,CUST-0838,PROD-0058,GEO-0010,29.0,1,0.0,10.3,2,0,20241230,20250101
ORD-2024-10074,2024-12-31,2025-01-03,CUST-0016,PROD-0055,GEO-0002,556.0,4,0.0,278.5,3,0,20241231,20250103
ORD-2024-11302,2024-12-31,2025-01-05,CUST-0244,PROD-0037,GEO-0020,420.0,2,0.0,229.61,5,0,20241231,20250105
ORD-2024-11507,2024-12-31,2025-01-04,CUST-0287,PROD-0027,GEO-0029,417.0,3,0.0,175.51,4,0,20241231,20250104
ORD-2024-11920,2024-12-31,2025-01-03,CUST-0360,PROD-0025,GEO-0013,1168.2,2,0.1,396.11,3,0,20241231,20250103
ORD-2024-12558,2024-12-31,2025-01-04,CUST-0467,PROD-0041,GEO-0001,35.1,1,0.1,15.31,4,0,20241231,20250104
ORD-2024-12858,2024-12-31,2025-01-04,CUST-0518,PROD-0013,GEO-0032,69.0,1,0.0,43.48,4,0,20241231,20250104
ORD-2024-13147,2024-12-31,2025-01-02,CUST-0583,PROD-0014,GEO-0031,149.0,1,0.0,88.64,2,0,20241231,20250102
ORD-2024-13159,2024-12-31,2025-01-01,CUST-0585,PROD-0030,GEO-0023,801.5,5,0.3,217.07,1,0,20241231,20250101
ORD-2024-13567,2024-12-31,2025-01-02,CUST-0658,PROD-0046,GEO-0004,64.6,2,0.05,22.64,2,0,20241231,20250102
ORD-2024-13909,2024-12-31,2025-01-03,CUST-0733,PROD-0003,GEO-0004,399.0,1,0.0,172.91,3,0,20241231,20250103
ORD-2024-14212,2024-12-31,2025-01-06,CUST-0793,PROD-0005,GEO-0003,2565.0,3,0.1,750.33,6,0,20241231,20250106
ORD-2025-10067,2025-01-01,2025-01-03,CUST-0015,PROD-0029,GEO-0018,319.0,1,0.0,133.7,2,0,20250101,20250103
ORD-2025-12513,2025-01-01,2025-01-05,CUST-0460,PROD-0035,GEO-0032,142.5,2,0.05,73.81,4,1,20250101,20250105
ORD-2025-12829,2025-01-01,2025-01-03,CUST-0516,PROD-0002,GEO-0012,2876.8,4,0.2,783.17,2,0,20250101,20250103
ORD-2025-12852,2025-01-01,2025-01-03,CUST-0518,PROD-0055,GEO-0032,125.1,1,0.1,55.97,2,1,20250101,20250103
ORD-2025-12916,2025-01-01,2025-01-04,CUST-0530,PROD-0019,GEO-0027,658.0,2,0.0,288.76,3,0,20250101,20250104
ORD-2025-13208,2025-01-01,2025-01-05,CUST-0595,PROD-0022,GEO-0013,876.0,4,0.0,468.17,4,0,20250101,20250105
ORD-2025-14341,2025-01-01,2025-01-03,CUST-0824,PROD-0008,GEO-0012,9020.25,5,0.05,3498.71,2,0,20250101,20250103
ORD-2025-10754,2025-01-02,2025-01-06,CUST-0146,PROD-0018,GEO-0006,199.0,1,0.0,85.09,4,0,20250102,20250106
ORD-2025-11963,2025-01-02,2025-01-03,CUST-0370,PROD-0024,GEO-0004,568.1,2,0.05,278.22,1,0,20250102,20250103
ORD-2025-12810,2025-01-02,2025-01-05,CUST-0514,PROD-0052,GEO-0026,19.0,1,0.0,6.11,3,0,20250102,20250105
ORD-2025-13149,2025-01-02,2025-01-04,CUST-0585,PROD-0039,GEO-0023,30.4,1,0.05,13.56,2,0,20250102,20250104
ORD-2025-13202,2025-01-02,2025-01-05,CUST-0593,PROD-0018,GEO-0009,169.15,1,0.15,53.58,3,0,20250102,20250105
ORD-2025-13211,2025-01-02,2025-01-03,CUST-0595,PROD-0052,GEO-0013,38.0,2,0.0,10.59,1,0,20250102,20250103
ORD-2025-13361,2025-01-02,2025-01-04,CUST-0621,PROD-0031,GEO-0011,89.1,1,0.1,37.26,2,0,20250102,20250104
ORD-2025-13152,2025-01-03,2025-01-07,CUST-0585,PROD-0041,GEO-0023,62.4,2,0.2,20.46,4,0,20250103,20250107
ORD-2025-10442,2025-01-04,2025-01-05,CUST-0087,PROD-0016,GEO-0009,1529.1,1,0.1,622.61,1,0,20250104,20250105
ORD-2025-13932,2025-01-04,2025-01-11,CUST-0736,PROD-0028,GEO-0011,1917.6,3,0.2,556.37,7,0,20250104,20250111
ORD-2025-10672,2025-01-05,2025-01-06,CUST-0129,PROD-0047,GEO-0018,96.0,4,0.0,33.55,1,0,20250105,20250106
ORD-2025-10720,2025-01-05,2025-01-09,CUST-0139,PROD-0031,GEO-0003,89.1,1,0.1,38.46,4,0,20250105,20250109
ORD-2025-12638,2025-01-07,2025-01-12,CUST-0482,PROD-0001,GEO-0019,1358.3,2,0.15,449.8,5,0,20250107,20250112
ORD-2025-12674,2025-01-07,2025-01-11,CUST-0489,PROD-0034,GEO-0024,45.5,1,0.3,13.5,4,0,20250107,20250111
ORD-2025-13642,2025-01-07,2025-01-09,CUST-0673,PROD-0045,GEO-0013,110.0,1,0.0,61.71,2,0,20250107,20250109
ORD-2025-10200,2025-01-08,2025-01-11,CUST-0046,PROD-0031,GEO-0026,89.1,1,0.1,39.36,3,0,20250108,20250111
ORD-2025-13467,2025-01-08,2025-01-09,CUST-0639,PROD-0017,GEO-0018,1398.0,2,0.0,629.0,1,1,20250108,20250109
ORD-2025-10095,2025-01-09,2025-01-12,CUST-0021,PROD-0045,GEO-0026,220.0,2,0.0,120.1,3,0,20250109,20250112
ORD-2025-13954,2025-01-09,2025-01-11,CUST-0742,PROD-0032,GEO-0011,813.45,3,0.15,317.29,2,0,20250109,20250111
ORD-2025-14181,2025-01-09,2025-01-11,CUST-0785,PROD-0039,GEO-0024,64.0,2,0.0,32.91,2,0,20250109,20250111
ORD-2025-10002,2025-01-10,2025-01-13,CUST-0001,PROD-0023,GEO-0023,747.0,3,0.0,367.58,3,0,20250110,20250113
ORD-2025-10447,2025-01-10,2025-01-11,CUST-0088,PROD-0033,GEO-0006,304.2,2,0.1,124.46,1,0,20250110,20250111
ORD-2025-13007,2025-01-10,2025-01-15,CUST-0553,PROD-0057,GEO-0004,72.0,2,0.2,22.02,5,0,20250110,20250115
ORD-2025-14124,2025-01-10,2025-01-12,CUST-0769,PROD-0048,GEO-0027,67.2,3,0.2,14.92,2,0,20250110,20250112
ORD-2025-12562,2025-01-11,2025-01-13,CUST-0467,PROD-0060,GEO-0001,28.0,2,0.0,11.25,2,0,20250111,20250113
ORD-2025-11587,2025-01-12,2025-01-14,CUST-0305,PROD-0045,GEO-0007,330.0,3,0.0,177.61,2,0,20250112,20250114
ORD-2025-12582,2025-01-12,2025-01-17,CUST-0471,PROD-0036,GEO-0021,46.55,1,0.05,20.43,5,0,20250112,20250117
ORD-2025-12802,2025-01-12,2025-01-14,CUST-0513,PROD-0053,GEO-0032,11.4,1,0.05,2.95,2,0,20250112,20250114
ORD-2025-13266,2025-01-12,2025-01-15,CUST-0601,PROD-0058,GEO-0002,55.1,2,0.05,17.3,3,0,20250112,20250115
ORD-2025-11406,2025-01-13,2025-01-15,CUST-0267,PROD-0002,GEO-0021,1798.0,2,0.0,747.75,2,0,20250113,20250115
ORD-2025-12073,2025-01-13,2025-01-20,CUST-0389,PROD-0034,GEO-0014,292.5,5,0.1,150.69,7,0,20250113,20250120
ORD-2025-12405,2025-01-13,2025-01-16,CUST-0439,PROD-0055,GEO-0030,139.0,1,0.0,69.3,3,0,20250113,20250116
ORD-2025-12486,2025-01-13,2025-01-16,CUST-0456,PROD-0038,GEO-0032,718.2,4,0.05,315.58,3,0,20250113,20250116
ORD-2025-12560,2025-01-13,2025-01-17,CUST-0467,PROD-0006,GEO-0001,1299.0,1,0.0,545.24,4,0,20250113,20250117
ORD-2025-13638,2025-01-13,2025-01-15,CUST-0672,PROD-0038,GEO-0010,378.0,2,0.0,176.15,2,0,20250113,20250115
ORD-2025-12579,2025-01-14,2025-01-16,CUST-0469,PROD-0051,GEO-0028,16.2,1,0.1,7.09,2,0,20250114,20250116
ORD-2025-10887,2025-01-15,2025-01-18,CUST-0163,PROD-0056,GEO-0019,2290.0,10,0.0,1135.26,3,0,20250115,20250118
ORD-2025-11844,2025-01-15,2025-01-17,CUST-0345,PROD-0005,GEO-0030,902.5,1,0.05,296.45,2,0,20250115,20250117
ORD-2025-14429,2025-01-15,2025-01-18,CUST-0844,PROD-0055,GEO-0010,132.05,1,0.05,61.24,3,0,20250115,20250118
ORD-2025-10421,2025-01-16,2025-01-18,CUST-0086,PROD-0006,GEO-0022,4676.4,4,0.1,1648.56,2,0,20250116,20250118
ORD-2025-11678,2025-01-16,2025-01-19,CUST-0318,PROD-0016,GEO-0014,3398.0,2,0.0,1589.16,3,0,20250116,20250119
ORD-2025-12494,2025-01-16,2025-01-18,CUST-0457,PROD-0040,GEO-0004,48.3,1,0.3,17.01,2,0,20250116,20250118
ORD-2025-12756,2025-01-16,2025-01-21,CUST-0503,PROD-0037,GEO-0002,210.0,1,0.0,116.05,5,0,20250116,20250121
ORD-2025-13125,2025-01-17,2025-01-19,CUST-0578,PROD-0019,GEO-0005,312.55,1,0.05,128.79,2,0,20250117,20250119
ORD-2025-13285,2025-01-17,2025-01-19,CUST-0608,PROD-0016,GEO-0029,6796.0,4,0.0,3180.84,2,0,20250117,20250119
ORD-2025-13982,2025-01-17,2025-01-20,CUST-0746,PROD-0046,GEO-0006,64.6,2,0.05,23.06,3,0,20250117,20250120
ORD-2025-14140,2025-01-17,2025-01-20,CUST-0775,PROD-0001,GEO-0013,799.0,1,0.0,344.02,3,0,20250117,20250120
ORD-2025-10557,2025-01-18,2025-01-20,CUST-0106,PROD-0054,GEO-0018,299.0,1,0.0,153.01,2,0,20250118,20250120
ORD-2025-11327,2025-01-18,2025-01-20,CUST-0251,PROD-0044,GEO-0019,47.4,1,0.4,9.69,2,0,20250118,20250120
ORD-2025-13239,2025-01-18,2025-01-23,CUST-0597,PROD-0050,GEO-0008,84.0,2,0.0,41.09,5,0,20250118,20250123
ORD-2025-14197,2025-01-18,2025-01-20,CUST-0788,PROD-0060,GEO-0026,25.2,2,0.1,8.6,2,0,20250118,20250120
ORD-2025-14463,2025-01-18,2025-01-21,CUST-0849,PROD-0032,GEO-0021,319.0,1,0.0,153.49,3,1,20250118,20250121
ORD-2025-11457,2025-01-19,2025-01-21,CUST-0276,PROD-0034,GEO-0022,494.0,8,0.05,254.17,2,0,20250119,20250121
ORD-2025-13133,2025-01-19,2025-01-23,CUST-0581,PROD-0022,GEO-0018,657.0,3,0.0,355.16,4,0,20250119,20250123
ORD-2025-13793,2025-01-19,2025-01-20,CUST-0706,PROD-0040,GEO-0014,41.4,1,0.4,6.76,1,1,20250119,20250120
ORD-2025-10119,2025-01-20,2025-01-22,CUST-0028,PROD-0028,GEO-0016,479.4,1,0.4,26.04,2,0,20250120,20250122
ORD-2025-10751,2025-01-20,2025-01-22,CUST-0145,PROD-0035,GEO-0015,71.25,1,0.05,38.1,2,0,20250120,20250122
ORD-2025-10984,2025-01-21,2025-01-24,CUST-0181,PROD-0036,GEO-0026,49.0,1,0.0,25.33,3,0,20250121,20250124
ORD-2025-11025,2025-01-21,2025-01-23,CUST-0191,PROD-0014,GEO-0001,149.0,1,0.0,88.51,2,0,20250121,20250123
ORD-2025-12396,2025-01-21,2025-01-23,CUST-0437,PROD-0049,GEO-0032,112.2,6,0.15,39.7,2,0,20250121,20250123
ORD-2025-12546,2025-01-21,2025-01-24,CUST-0465,PROD-0057,GEO-0002,108.0,3,0.2,39.38,3,0,20250121,20250124
ORD-2025-13240,2025-01-21,2025-01-22,CUST-0597,PROD-0028,GEO-0008,1358.3,2,0.15,446.9,1,0,20250121,20250122
ORD-2025-11756,2025-01-22,2025-01-26,CUST-0330,PROD-0059,GEO-0018,20.9,2,0.05,-0.82,4,0,20250122,20250126
ORD-2025-12135,2025-01-22,2025-01-24,CUST-0397,PROD-0050,GEO-0016,119.7,3,0.05,57.56,2,0,20250122,20250124
ORD-2025-10810,2025-01-23,2025-01-26,CUST-0152,PROD-0031,GEO-0017,89.1,1,0.1,40.5,3,0,20250123,20250126
ORD-2025-11822,2025-01-23,2025-01-25,CUST-0342,PROD-0044,GEO-0011,158.0,2,0.0,81.0,2,0,20250123,20250125
ORD-2025-12803,2025-01-24,2025-01-25,CUST-0513,PROD-0043,GEO-0032,56.05,1,0.05,26.31,1,0,20250124,20250125
ORD-2025-13031,2025-01-24,2025-01-28,CUST-0558,PROD-0057,GEO-0012,42.75,1,0.05,19.95,4,0,20250124,20250128
ORD-2025-11172,2025-01-25,2025-01-27,CUST-0221,PROD-0002,GEO-0024,899.0,1,0.0,374.77,2,0,20250125,20250127
ORD-2025-10807,2025-01-26,2025-01-28,CUST-0151,PROD-0011,GEO-0026,258.0,2,0.0,160.88,2,0,20250126,20250128
ORD-2025-10256,2025-01-27,2025-01-29,CUST-0059,PROD-0011,GEO-0003,258.0,2,0.0,161.8,2,0,20250127,20250129
ORD-2025-11638,2025-01-27,2025-01-30,CUST-0312,PROD-0010,GEO-0019,2898.0,2,0.0,1190.91,3,0,20250127,20250130
ORD-2025-13445,2025-01-27,2025-01-29,CUST-0636,PROD-0032,GEO-0008,319.0,1,0.0,153.38,2,0,20250127,20250129
ORD-2025-13471,2025-01-28,2025-01-31,CUST-0639,PROD-0031,GEO-0018,198.0,2,0.0,95.5,3,0,20250128,20250131
ORD-2025-13703,2025-01-28,2025-01-29,CUST-0687,PROD-0041,GEO-0006,23.4,1,0.4,1.88,1,0,20250128,20250129
ORD-2025-13805,2025-01-28,2025-01-31,CUST-0708,PROD-0010,GEO-0009,1449.0,1,0.0,593.52,3,0,20250128,20250131
ORD-2025-14328,2025-01-28,2025-01-29,CUST-0822,PROD-0040,GEO-0013,69.0,1,0.0,36.99,1,0,20250128,20250129
ORD-2025-11064,2025-01-29,2025-01-31,CUST-0197,PROD-0059,GEO-0003,110.0,10,0.0,24.72,2,0,20250129,20250131
ORD-2025-11385,2025-01-29,2025-01-31,CUST-0261,PROD-0010,GEO-0016,1449.0,1,0.0,592.53,2,0,20250129,20250131
ORD-2025-13949,2025-01-29,2025-01-31,CUST-0741,PROD-0011,GEO-0021,490.2,4,0.05,297.65,2,0,20250129,20250131
ORD-2025-12797,2025-01-30,2025-02-02,CUST-0513,PROD-0040,GEO-0032,131.1,2,0.05,68.94,3,0,20250130,20250202
ORD-2025-12945,2025-01-30,2025-02-03,CUST-0539,PROD-0014,GEO-0025,149.0,1,0.0,90.08,4,0,20250130,20250203
ORD-2025-13483,2025-01-30,2025-02-04,CUST-0642,PROD-0040,GEO-0012,96.6,2,0.3,26.9,5,0,20250130,20250204
ORD-2025-11102,2025-01-31,2025-02-02,CUST-0204,PROD-0058,GEO-0028,29.0,1,0.0,13.63,2,0,20250131,20250202
ORD-2025-10542,2025-02-01,2025-02-03,CUST-0105,PROD-0015,GEO-0018,89.0,1,0.0,47.3,2,0,20250201,20250203
ORD-2025-14265,2025-02-01,2025-02-04,CUST-0807,PROD-0006,GEO-0014,2468.1,2,0.05,961.83,3,0,20250201,20250204
ORD-2025-13303,2025-02-02,2025-02-05,CUST-0609,PROD-0017,GEO-0014,1398.0,2,0.0,630.85,3,0,20250202,20250205
ORD-2025-14391,2025-02-02,2025-02-04,CUST-0836,PROD-0012,GEO-0012,59.0,1,0.0,36.22,2,0,20250202,20250204
ORD-2025-11337,2025-02-03,2025-02-05,CUST-0252,PROD-0041,GEO-0022,111.15,3,0.05,48.8,2,0,20250203,20250205
ORD-2025-12313,2025-02-04,2025-02-08,CUST-0424,PROD-0042,GEO-0014,41.65,1,0.15,18.41,4,0,20250204,20250208
ORD-2025-12182,2025-02-05,2025-02-12,CUST-0405,PROD-0038,GEO-0027,378.0,2,0.0,179.82,7,0,20250205,20250212
ORD-2025-11812,2025-02-06,2025-02-12,CUST-0341,PROD-0007,GEO-0017,1998.0,2,0.0,831.95,6,0,20250206,20250212
ORD-2025-10012,2025-02-07,2025-02-11,CUST-0003,PROD-0008,GEO-0031,1899.0,1,0.0,794.87,4,0,20250207,20250211
ORD-2025-10572,2025-02-07,2025-02-09,CUST-0112,PROD-0036,GEO-0032,117.6,3,0.2,39.49,2,0,20250207,20250209
ORD-2025-11750,2025-02-07,2025-02-12,CUST-0330,PROD-0019,GEO-0018,329.0,1,0.0,142.77,5,0,20250207,20250212
ORD-2025-10354,2025-02-08,2025-02-10,CUST-0074,PROD-0046,GEO-0005,32.3,1,0.05,13.48,2,0,20250208,20250210
ORD-2025-11292,2025-02-08,2025-02-09,CUST-0241,PROD-0015,GEO-0022,169.1,2,0.05,92.11,1,0,20250208,20250209
ORD-2025-11342,2025-02-08,2025-02-13,CUST-0254,PROD-0025,GEO-0016,551.65,1,0.15,167.04,5,0,20250208,20250213
ORD-2025-12971,2025-02-08,2025-02-12,CUST-0547,PROD-0023,GEO-0012,211.65,1,0.15,86.62,4,0,20250208,20250212
ORD-2025-13184,2025-02-08,2025-02-10,CUST-0589,PROD-0060,GEO-0032,39.9,3,0.05,7.04,2,0,20250208,20250210
ORD-2025-13458,2025-02-08,2025-02-15,CUST-0638,PROD-0015,GEO-0005,89.0,1,0.0,50.35,7,0,20250208,20250215
ORD-2025-12419,2025-02-09,2025-02-14,CUST-0443,PROD-0042,GEO-0030,49.0,1,0.0,24.57,5,0,20250209,20250214
ORD-2025-14102,2025-02-09,2025-02-12,CUST-0765,PROD-0056,GEO-0017,229.0,1,0.0,114.76,3,0,20250209,20250212
ORD-2025-11825,2025-02-11,2025-02-14,CUST-0343,PROD-0006,GEO-0009,3897.0,3,0.0,1627.64,3,0,20250211,20250214
ORD-2025-11751,2025-02-12,2025-02-17,CUST-0330,PROD-0040,GEO-0018,621.0,10,0.1,273.05,5,0,20250212,20250217
ORD-2025-12979,2025-02-12,2025-02-14,CUST-0549,PROD-0055,GEO-0002,250.2,2,0.1,108.91,2,0,20250212,20250214
ORD-2025-11267,2025-02-13,2025-02-15,CUST-0237,PROD-0050,GEO-0018,39.9,1,0.05,20.74,2,0,20250213,20250215
ORD-2025-11530,2025-02-14,2025-02-16,CUST-0292,PROD-0017,GEO-0020,699.0,1,0.0,314.86,2,0,20250214,20250216
ORD-2025-12594,2025-02-14,2025-02-16,CUST-0471,PROD-0026,GEO-0021,449.1,1,0.1,165.55,2,0,20250214,20250216
ORD-2025-12633,2025-02-14,2025-02-18,CUST-0481,PROD-0003,GEO-0031,1795.5,5,0.1,678.99,4,0,20250214,20250218
ORD-2025-13331,2025-02-14,2025-02-17,CUST-0616,PROD-0003,GEO-0018,319.2,1,0.2,95.3,3,0,20250214,20250217
ORD-2025-14068,2025-02-14,2025-02-16,CUST-0760,PROD-0049,GEO-0001,22.0,1,0.0,8.83,2,0,20250214,20250216
ORD-2025-12231,2025-02-15,2025-02-17,CUST-0412,PROD-0036,GEO-0028,352.8,8,0.1,141.45,2,0,20250215,20250217
ORD-2025-10867,2025-02-16,2025-02-18,CUST-0161,PROD-0053,GEO-0028,11.4,1,0.05,1.43,2,0,20250216,20250218
ORD-2025-11004,2025-02-16,2025-02-19,CUST-0187,PROD-0011,GEO-0026,645.0,5,0.0,391.38,3,0,20250216,20250219
ORD-2025-11543,2025-02-16,2025-02-22,CUST-0295,PROD-0039,GEO-0005,144.0,5,0.1,57.36,6,0,20250216,20250222
ORD-2025-13199,2025-02-16,2025-02-20,CUST-0592,PROD-0010,GEO-0004,5796.0,4,0.0,2383.2,4,0,20250216,20250220
ORD-2025-13614,2025-02-16,2025-02-18,CUST-0667,PROD-0041,GEO-0020,35.1,1,0.1,16.9,2,0,20250216,20250218
ORD-2025-11435,2025-02-17,2025-02-18,CUST-0273,PROD-0054,GEO-0013,239.2,1,0.2,92.22,1,0,20250217,20250218
ORD-2025-12943,2025-02-17,2025-02-19,CUST-0539,PROD-0014,GEO-0025,1490.0,10,0.0,888.69,2,0,20250217,20250219
ORD-2025-12413,2025-02-18,2025-02-21,CUST-0442,PROD-0030,GEO-0002,217.55,1,0.05,103.41,3,0,20250218,20250221
ORD-2025-12847,2025-02-18,2025-02-21,CUST-0518,PROD-0010,GEO-0032,1449.0,1,0.0,592.37,3,1,20250218,20250221
ORD-2025-12064,2025-02-19,2025-02-23,CUST-0388,PROD-0025,GEO-0014,1752.3,3,0.1,591.45,4,0,20250219,20250223
ORD-2025-11253,2025-02-20,2025-02-22,CUST-0234,PROD-0048,GEO-0030,79.8,3,0.05,36.81,2,0,20250220,20250222
ORD-2025-12144,2025-02-20,2025-02-22,CUST-0400,PROD-0042,GEO-0017,98.0,2,0.0,54.43,2,0,20250220,20250222
ORD-2025-12157,2025-02-20,2025-02-22,CUST-0400,PROD-0018,GEO-0017,169.15,1,0.15,54.47,2,0,20250220,20250222
ORD-2025-13456,2025-02-20,2025-02-21,CUST-0638,PROD-0010,GEO-0005,4347.0,3,0.0,1784.32,1,0,20250220,20250221
ORD-2025-10137,2025-02-21,2025-02-23,CUST-0029,PROD-0031,GEO-0029,99.0,1,0.0,50.87,2,0,20250221,20250223
ORD-2025-11697,2025-02-21,2025-02-23,CUST-0320,PROD-0001,GEO-0004,2397.0,3,0.0,1030.32,2,0,20250221,20250223
ORD-2025-12351,2025-02-21,2025-02-25,CUST-0429,PROD-0027,GEO-0019,97.3,1,0.3,18.35,4,0,20250221,20250225
ORD-2025-12549,2025-02-21,2025-02-24,CUST-0465,PROD-0034,GEO-0002,65.0,1,0.0,35.8,3,0,20250221,20250224
ORD-2025-13305,2025-02-21,2025-02-24,CUST-0610,PROD-0033,GEO-0029,802.75,5,0.05,357.4,3,0,20250221,20250224
ORD-2025-11079,2025-02-22,2025-02-27,CUST-0200,PROD-0025,GEO-0019,1752.3,3,0.1,598.61,5,0,20250222,20250227
ORD-2025-14433,2025-02-22,2025-02-28,CUST-0845,PROD-0036,GEO-0027,98.0,2,0.0,46.41,6,0,20250222,20250228
ORD-2025-11936,2025-02-23,2025-02-27,CUST-0364,PROD-0052,GEO-0028,190.0,10,0.0,89.12,4,0,20250223,20250227
ORD-2025-11034,2025-02-24,2025-03-01,CUST-0192,PROD-0025,GEO-0002,519.2,1,0.2,135.12,5,1,20250224,20250301
ORD-2025-11227,2025-02-24,2025-02-27,CUST-0231,PROD-0034,GEO-0016,65.0,1,0.0,33.55,3,0,20250224,20250227
ORD-2025-11222,2025-02-25,2025-02-27,CUST-0231,PROD-0056,GEO-0016,320.6,2,0.3,92.66,2,0,20250225,20250227
ORD-2025-11655,2025-02-25,2025-03-01,CUST-0316,PROD-0010,GEO-0011,1449.0,1,0.0,594.49,4,1,20250225,20250301
ORD-2025-10492,2025-02-26,2025-03-03,CUST-0096,PROD-0001,GEO-0024,799.0,1,0.0,343.1,5,0,20250226,20250303
ORD-2025-10941,2025-02-27,2025-03-03,CUST-0172,PROD-0032,GEO-0028,861.3,3,0.1,371.14,4,0,20250227,20250303
ORD-2025-12043,2025-02-27,2025-02-28,CUST-0384,PROD-0048,GEO-0001,26.6,1,0.05,9.03,1,1,20250227,20250228
ORD-2025-14108,2025-02-27,2025-03-05,CUST-0766,PROD-0027,GEO-0028,528.2,4,0.05,211.24,6,0,20250227,20250305
ORD-2025-14204,2025-02-27,2025-03-02,CUST-0790,PROD-0041,GEO-0003,37.05,1,0.05,17.72,3,0,20250227,20250302
ORD-2025-10909,2025-02-28,2025-03-03,CUST-0167,PROD-0025,GEO-0019,649.0,1,0.0,264.63,3,0,20250228,20250303
ORD-2025-11841,2025-02-28,2025-03-03,CUST-0345,PROD-0054,GEO-0030,299.0,1,0.0,155.42,3,0,20250228,20250303
ORD-2025-12733,2025-02-28,2025-03-02,CUST-0499,PROD-0008,GEO-0028,13672.8,8,0.1,4844.27,2,0,20250228,20250302
ORD-2025-10021,2025-03-01,2025-03-06,CUST-0004,PROD-0055,GEO-0021,278.0,2,0.0,140.23,5,0,20250301,20250306
ORD-2025-11546,2025-03-01,2025-03-06,CUST-0295,PROD-0004,GEO-0005,1099.0,1,0.0,414.05,5,0,20250301,20250306
ORD-2025-14168,2025-03-01,2025-03-04,CUST-0780,PROD-0005,GEO-0006,950.0,1,0.0,343.37,3,0,20250301,20250304
ORD-2025-14008,2025-03-02,2025-03-05,CUST-0750,PROD-0030,GEO-0007,137.4,1,0.4,22.71,3,0,20250302,20250305
ORD-2025-10465,2025-03-03,2025-03-08,CUST-0091,PROD-0018,GEO-0019,796.0,4,0.0,333.33,5,0,20250303,20250308
ORD-2025-13736,2025-03-03,2025-03-09,CUST-0694,PROD-0022,GEO-0019,1314.0,6,0.0,711.15,6,0,20250303,20250309
ORD-2025-10616,2025-03-04,2025-03-05,CUST-0122,PROD-0019,GEO-0004,296.1,1,0.1,111.38,1,0,20250304,20250305
ORD-2025-12094,2025-03-04,2025-03-10,CUST-0392,PROD-0052,GEO-0019,57.0,3,0.0,21.88,6,0,20250304,20250310
ORD-2025-13443,2025-03-04,2025-03-05,CUST-0636,PROD-0043,GEO-0008,59.0,1,0.0,28.82,1,0,20250304,20250305
ORD-2025-11065,2025-03-05,2025-03-08,CUST-0197,PROD-0030,GEO-0003,194.65,1,0.15,80.36,3,0,20250305,20250308
ORD-2025-12265,2025-03-05,2025-03-07,CUST-0417,PROD-0019,GEO-0023,559.3,2,0.15,185.59,2,0,20250305,20250307
ORD-2025-12723,2025-03-05,2025-03-08,CUST-0497,PROD-0026,GEO-0025,2694.6,6,0.1,991.36,3,0,20250305,20250308
ORD-2025-10996,2025-03-06,2025-03-08,CUST-0185,PROD-0035,GEO-0023,63.75,1,0.15,27.26,2,0,20250306,20250308
ORD-2025-12034,2025-03-06,2025-03-09,CUST-0384,PROD-0004,GEO-0001,989.1,1,0.1,304.76,3,0,20250306,20250309
ORD-2025-13453,2025-03-06,2025-03-09,CUST-0638,PROD-0002,GEO-0005,899.0,1,0.0,373.26,3,0,20250306,20250309
ORD-2025-14335,2025-03-06,2025-03-11,CUST-0823,PROD-0010,GEO-0011,4347.0,3,0.0,1784.36,5,0,20250306,20250311
ORD-2025-10625,2025-03-07,2025-03-09,CUST-0124,PROD-0039,GEO-0029,51.2,2,0.2,17.39,2,0,20250307,20250309
ORD-2025-11068,2025-03-07,2025-03-08,CUST-0198,PROD-0011,GEO-0024,645.0,5,0.0,389.91,1,0,20250307,20250308
ORD-2025-12433,2025-03-07,2025-03-09,CUST-0448,PROD-0031,GEO-0013,94.05,1,0.05,45.45,2,0,20250307,20250309
ORD-2025-12632,2025-03-07,2025-03-08,CUST-0481,PROD-0038,GEO-0031,359.1,2,0.05,160.12,1,0,20250307,20250308
ORD-2025-14085,2025-03-07,2025-03-12,CUST-0763,PROD-0039,GEO-0003,115.2,4,0.1,44.26,5,0,20250307,20250312
ORD-2025-11980,2025-03-08,2025-03-11,CUST-0373,PROD-0021,GEO-0014,399.0,1,0.0,205.22,3,0,20250308,20250311
ORD-2025-13332,2025-03-08,2025-03-13,CUST-0616,PROD-0017,GEO-0018,1188.3,2,0.15,417.46,5,0,20250308,20250313
ORD-2025-13728,2025-03-08,2025-03-09,CUST-0693,PROD-0060,GEO-0004,14.0,1,0.0,2.02,1,0,20250308,20250309
ORD-2025-10553,2025-03-09,2025-03-10,CUST-0106,PROD-0041,GEO-0018,78.0,2,0.0,39.56,1,0,20250309,20250310
ORD-2025-11179,2025-03-09,2025-03-12,CUST-0224,PROD-0026,GEO-0030,299.4,1,0.4,13.22,3,0,20250309,20250312
ORD-2025-12067,2025-03-09,2025-03-11,CUST-0389,PROD-0054,GEO-0014,1136.2,4,0.05,550.69,2,0,20250309,20250311
ORD-2025-13807,2025-03-09,2025-03-11,CUST-0709,PROD-0029,GEO-0006,669.9,3,0.3,118.7,2,0,20250309,20250311
ORD-2025-11615,2025-03-10,2025-03-11,CUST-0309,PROD-0041,GEO-0005,74.1,2,0.05,33.55,1,0,20250310,20250311
ORD-2025-12881,2025-03-10,2025-03-14,CUST-0522,PROD-0038,GEO-0027,189.0,1,0.0,89.03,4,0,20250310,20250314
ORD-2025-12975,2025-03-10,2025-03-12,CUST-0548,PROD-0028,GEO-0016,759.05,1,0.05,302.84,2,0,20250310,20250312
ORD-2025-11556,2025-03-11,2025-03-15,CUST-0299,PROD-0058,GEO-0030,29.0,1,0.0,12.42,4,0,20250311,20250315
ORD-2025-12385,2025-03-11,2025-03-16,CUST-0436,PROD-0005,GEO-0026,1710.0,2,0.1,496.77,5,0,20250311,20250316
ORD-2025-13641,2025-03-11,2025-03-12,CUST-0673,PROD-0014,GEO-0013,298.0,2,0.0,181.53,1,0,20250311,20250312
ORD-2025-13648,2025-03-11,2025-03-14,CUST-0675,PROD-0028,GEO-0018,719.1,1,0.1,265.82,3,0,20250311,20250314
ORD-2025-10125,2025-03-12,2025-03-15,CUST-0028,PROD-0001,GEO-0016,759.05,1,0.05,303.4,3,0,20250312,20250315
ORD-2025-10149,2025-03-12,2025-03-15,CUST-0033,PROD-0016,GEO-0026,6796.0,4,0.0,3173.94,3,0,20250312,20250315
ORD-2025-10292,2025-03-12,2025-03-15,CUST-0065,PROD-0032,GEO-0027,574.2,2,0.1,241.72,3,0,20250312,20250315
ORD-2025-11953,2025-03-12,2025-03-15,CUST-0368,PROD-0028,GEO-0017,3196.0,5,0.2,916.62,3,0,20250312,20250315
ORD-2025-12363,2025-03-12,2025-03-13,CUST-0432,PROD-0020,GEO-0006,314.1,1,0.1,149.6,1,0,20250312,20250313
ORD-2025-13743,2025-03-12,2025-03-14,CUST-0695,PROD-0023,GEO-0012,473.1,2,0.05,225.63,2,0,20250312,20250314
ORD-2025-12055,2025-03-13,2025-03-17,CUST-0386,PROD-0057,GEO-0010,90.0,2,0.0,40.27,4,0,20250313,20250317
ORD-2025-12696,2025-03-13,2025-03-14,CUST-0492,PROD-0060,GEO-0011,70.0,5,0.0,25.98,1,0,20250313,20250314
ORD-2025-12743,2025-03-13,2025-03-16,CUST-0499,PROD-0035,GEO-0028,75.0,1,0.0,41.67,3,0,20250313,20250316
ORD-2025-13671,2025-03-13,2025-03-16,CUST-0680,PROD-0045,GEO-0016,104.5,1,0.05,54.14,3,0,20250313,20250316
ORD-2025-13694,2025-03-13,2025-03-18,CUST-0685,PROD-0027,GEO-0028,396.15,3,0.05,153.95,5,0,20250313,20250318
ORD-2025-10737,2025-03-14,2025-03-18,CUST-0142,PROD-0015,GEO-0025,89.0,1,0.0,47.91,4,0,20250314,20250318
ORD-2025-11554,2025-03-14,2025-03-20,CUST-0298,PROD-0035,GEO-0010,225.0,3,0.0,121.35,6,0,20250314,20250320
ORD-2025-13910,2025-03-14,2025-03-21,CUST-0733,PROD-0051,GEO-0004,34.2,2,0.05,15.54,7,0,20250314,20250321
ORD-2025-13973,2025-03-14,2025-03-16,CUST-0745,PROD-0055,GEO-0018,278.0,2,0.0,138.47,2,0,20250314,20250316
ORD-2025-12391,2025-03-15,2025-03-20,CUST-0436,PROD-0060,GEO-0026,14.0,1,0.0,5.74,5,1,20250315,20250320
ORD-2025-12434,2025-03-15,2025-03-17,CUST-0448,PROD-0020,GEO-0013,698.0,2,0.0,369.62,2,0,20250315,20250317
ORD-2025-10684,2025-03-16,2025-03-18,CUST-0131,PROD-0039,GEO-0009,57.6,2,0.1,22.15,2,0,20250316,20250318
ORD-2025-11247,2025-03-16,2025-03-19,CUST-0234,PROD-0055,GEO-0030,132.05,1,0.05,60.41,3,0,20250316,20250319
ORD-2025-11504,2025-03-16,2025-03-19,CUST-0286,PROD-0013,GEO-0004,69.0,1,0.0,40.76,3,0,20250316,20250319
ORD-2025-10571,2025-03-17,2025-03-19,CUST-0112,PROD-0007,GEO-0032,999.0,1,0.0,414.63,2,0,20250317,20250319
ORD-2025-11834,2025-03-17,2025-03-20,CUST-0345,PROD-0033,GEO-0030,143.65,1,0.15,51.75,3,0,20250317,20250320
ORD-2025-12137,2025-03-17,2025-03-21,CUST-0397,PROD-0041,GEO-0016,66.3,2,0.15,23.36,4,0,20250317,20250321
ORD-2025-10159,2025-03-18,2025-03-21,CUST-0034,PROD-0050,GEO-0014,37.8,1,0.1,17.43,3,0,20250318,20250321
ORD-2025-13403,2025-03-18,2025-03-22,CUST-0626,PROD-0054,GEO-0018,2990.0,10,0.0,1533.02,4,0,20250318,20250322
ORD-2025-13813,2025-03-18,2025-03-22,CUST-0709,PROD-0021,GEO-0006,1795.5,5,0.1,817.12,4,0,20250318,20250322
ORD-2025-10307,2025-03-19,2025-03-21,CUST-0068,PROD-0016,GEO-0003,1614.05,1,0.05,709.85,2,0,20250319,20250321
ORD-2025-10327,2025-03-19,2025-03-21,CUST-0071,PROD-0017,GEO-0009,559.2,1,0.2,175.52,2,0,20250319,20250321
ORD-2025-12074,2025-03-19,2025-03-20,CUST-0389,PROD-0025,GEO-0014,1362.9,3,0.3,207.14,1,0,20250319,20250320
ORD-2025-10271,2025-03-20,2025-03-21,CUST-0062,PROD-0024,GEO-0031,239.2,1,0.2,94.78,1,0,20250320,20250321
ORD-2025-10968,2025-03-20,2025-03-22,CUST-0180,PROD-0023,GEO-0013,199.2,1,0.2,75.79,2,0,20250320,20250322
ORD-2025-10973,2025-03-20,2025-03-22,CUST-0180,PROD-0060,GEO-0013,70.0,5,0.0,22.86,2,0,20250320,20250322
ORD-2025-11792,2025-03-20,2025-03-21,CUST-0337,PROD-0036,GEO-0028,98.0,2,0.0,49.67,1,0,20250320,20250321
ORD-2025-14236,2025-03-20,2025-03-23,CUST-0798,PROD-0048,GEO-0006,106.4,4,0.05,38.26,3,0,20250320,20250323
ORD-2025-10147,2025-03-21,2025-03-23,CUST-0033,PROD-0058,GEO-0026,29.0,1,0.0,11.51,2,0,20250321,20250323
ORD-2025-11662,2025-03-21,2025-03-26,CUST-0317,PROD-0060,GEO-0016,42.0,3,0.0,16.18,5,0,20250321,20250326
ORD-2025-12180,2025-03-21,2025-03-22,CUST-0404,PROD-0031,GEO-0030,99.0,1,0.0,48.12,1,1,20250321,20250322
ORD-2025-12270,2025-03-21,2025-03-24,CUST-0418,PROD-0031,GEO-0012,178.2,2,0.1,76.1,3,0,20250321,20250324
ORD-2025-12474,2025-03-21,2025-03-23,CUST-0455,PROD-0019,GEO-0021,658.0,2,0.0,284.52,2,0,20250321,20250323
ORD-2025-12770,2025-03-21,2025-03-23,CUST-0506,PROD-0031,GEO-0007,99.0,1,0.0,47.1,2,0,20250321,20250323
ORD-2025-12912,2025-03-21,2025-03-23,CUST-0528,PROD-0033,GEO-0014,169.0,1,0.0,79.34,2,0,20250321,20250323
ORD-2025-10429,2025-03-22,2025-03-25,CUST-0087,PROD-0023,GEO-0009,224.1,1,0.1,99.32,3,0,20250322,20250325
ORD-2025-11145,2025-03-22,2025-03-23,CUST-0212,PROD-0060,GEO-0019,14.0,1,0.0,5.43,1,0,20250322,20250323
ORD-2025-11465,2025-03-22,2025-03-27,CUST-0277,PROD-0026,GEO-0032,1497.0,3,0.0,644.48,5,0,20250322,20250327
ORD-2025-12075,2025-03-22,2025-03-24,CUST-0389,PROD-0010,GEO-0014,1449.0,1,0.0,594.2,2,0,20250322,20250324
ORD-2025-12850,2025-03-22,2025-03-25,CUST-0518,PROD-0015,GEO-0032,160.2,2,0.1,76.31,3,0,20250322,20250325
ORD-2025-10998,2025-03-23,2025-03-25,CUST-0185,PROD-0014,GEO-0023,283.1,2,0.05,166.74,2,0,20250323,20250325
ORD-2025-12681,2025-03-23,2025-03-29,CUST-0490,PROD-0040,GEO-0013,69.0,1,0.0,35.48,6,0,20250323,20250329
ORD-2025-13966,2025-03-23,2025-03-26,CUST-0745,PROD-0050,GEO-0018,42.0,1,0.0,19.8,3,0,20250323,20250326
ORD-2025-10214,2025-03-24,2025-03-27,CUST-0048,PROD-0023,GEO-0008,249.0,1,0.0,125.78,3,1,20250324,20250327
ORD-2025-10821,2025-03-24,2025-03-27,CUST-0155,PROD-0059,GEO-0011,55.0,5,0.0,16.42,3,0,20250324,20250327
ORD-2025-13514,2025-03-24,2025-03-29,CUST-0646,PROD-0033,GEO-0006,160.55,1,0.05,69.11,5,0,20250324,20250329
ORD-2025-10799,2025-03-25,2025-03-27,CUST-0150,PROD-0017,GEO-0026,3984.3,6,0.05,1677.26,2,0,20250325,20250327
ORD-2025-10855,2025-03-25,2025-03-27,CUST-0160,PROD-0028,GEO-0031,1518.1,2,0.05,606.7,2,0,20250325,20250327
ORD-2025-14257,2025-03-25,2025-03-26,CUST-0805,PROD-0028,GEO-0030,1438.2,2,0.1,528.99,1,0,20250325,20250326
ORD-2025-10726,2025-03-26,2025-03-28,CUST-0140,PROD-0013,GEO-0006,207.0,3,0.0,125.66,2,0,20250326,20250328
ORD-2025-11211,2025-03-26,2025-03-28,CUST-0229,PROD-0054,GEO-0018,807.3,3,0.1,367.34,2,0,20250326,20250328
ORD-2025-11611,2025-03-26,2025-03-27,CUST-0309,PROD-0009,GEO-0005,521.55,1,0.05,196.97,1,0,20250326,20250327
ORD-2025-11566,2025-03-27,2025-03-31,CUST-0301,PROD-0055,GEO-0016,264.1,2,0.05,127.88,4,0,20250327,20250331
ORD-2025-11934,2025-03-27,2025-03-30,CUST-0364,PROD-0022,GEO-0028,372.3,2,0.15,175.93,3,1,20250327,20250330
ORD-2025-12567,2025-03-27,2025-03-28,CUST-0467,PROD-0035,GEO-0001,71.25,1,0.05,38.08,1,0,20250327,20250328
ORD-2025-12581,2025-03-27,2025-03-28,CUST-0470,PROD-0020,GEO-0004,331.55,1,0.05,167.58,1,0,20250327,20250328
ORD-2025-12668,2025-03-27,2025-03-29,CUST-0487,PROD-0010,GEO-0021,1159.2,1,0.2,303.42,2,0,20250327,20250329
ORD-2025-13649,2025-03-27,2025-03-29,CUST-0675,PROD-0025,GEO-0018,2596.0,4,0.0,1050.72,2,0,20250327,20250329
ORD-2025-13665,2025-03-27,2025-03-29,CUST-0679,PROD-0001,GEO-0017,759.05,1,0.05,305.91,2,0,20250327,20250329
ORD-2025-14157,2025-03-27,2025-03-30,CUST-0779,PROD-0032,GEO-0012,957.0,3,0.0,457.31,3,0,20250327,20250330
ORD-2025-11600,2025-03-29,2025-04-01,CUST-0307,PROD-0051,GEO-0013,36.0,2,0.0,15.99,3,0,20250329,20250401
ORD-2025-11811,2025-03-29,2025-04-02,CUST-0341,PROD-0058,GEO-0017,60.9,3,0.3,12.8,4,0,20250329,20250402
ORD-2025-14220,2025-03-29,2025-03-31,CUST-0794,PROD-0056,GEO-0008,583.95,3,0.15,244.52,2,0,20250329,20250331
ORD-2025-10130,2025-03-30,2025-04-01,CUST-0028,PROD-0026,GEO-0016,998.0,2,0.0,428.94,2,0,20250330,20250401
ORD-2025-11656,2025-03-30,2025-04-01,CUST-0316,PROD-0020,GEO-0011,279.2,1,0.2,116.13,2,0,20250330,20250401
ORD-2025-11840,2025-03-30,2025-04-03,CUST-0345,PROD-0059,GEO-0030,49.5,5,0.1,-4.29,4,0,20250330,20250403
ORD-2025-12504,2025-03-30,2025-04-02,CUST-0460,PROD-0060,GEO-0032,23.8,2,0.15,4.88,3,0,20250330,20250402
ORD-2025-12835,2025-03-30,2025-03-31,CUST-0517,PROD-0011,GEO-0010,516.0,4,0.0,315.36,1,1,20250330,20250331
ORD-2025-13359,2025-03-30,2025-04-01,CUST-0621,PROD-0011,GEO-0011,129.0,1,0.0,78.2,2,0,20250330,20250401
ORD-2025-14110,2025-03-30,2025-04-01,CUST-0767,PROD-0011,GEO-0003,245.1,2,0.05,142.08,2,0,20250330,20250401
ORD-2025-10688,2025-03-31,2025-04-03,CUST-0133,PROD-0011,GEO-0030,109.65,1,0.15,61.08,3,0,20250331,20250403
ORD-2025-12033,2025-03-31,2025-04-02,CUST-0384,PROD-0005,GEO-0001,902.5,1,0.05,296.7,2,0,20250331,20250402
ORD-2025-13691,2025-03-31,2025-04-02,CUST-0684,PROD-0049,GEO-0029,93.5,5,0.15,29.57,2,0,20250331,20250402
ORD-2025-13960,2025-03-31,2025-04-01,CUST-0743,PROD-0013,GEO-0012,131.1,2,0.05,76.28,1,0,20250331,20250401
ORD-2025-10138,2025-04-02,2025-04-05,CUST-0029,PROD-0013,GEO-0029,207.0,3,0.0,120.87,3,0,20250402,20250405
ORD-2025-10699,2025-04-02,2025-04-04,CUST-0135,PROD-0030,GEO-0015,217.55,1,0.05,102.18,2,1,20250402,20250404
ORD-2025-11291,2025-04-02,2025-04-05,CUST-0241,PROD-0029,GEO-0022,909.15,3,0.05,357.3,3,0,20250402,20250405
ORD-2025-11509,2025-04-02,2025-04-04,CUST-0288,PROD-0030,GEO-0020,916.0,4,0.0,449.89,2,0,20250402,20250404
ORD-2025-11838,2025-04-02,2025-04-03,CUST-0345,PROD-0025,GEO-0030,1038.4,2,0.2,267.99,1,0,20250402,20250403
ORD-2025-12710,2025-04-02,2025-04-03,CUST-0495,PROD-0041,GEO-0015,39.0,1,0.0,18.97,1,0,20250402,20250403
ORD-2025-12778,2025-04-02,2025-04-06,CUST-0510,PROD-0003,GEO-0005,339.15,1,0.15,114.3,4,0,20250402,20250406
ORD-2025-13024,2025-04-02,2025-04-05,CUST-0556,PROD-0034,GEO-0014,45.5,1,0.3,16.86,3,0,20250402,20250405
ORD-2025-10304,2025-04-03,2025-04-05,CUST-0067,PROD-0005,GEO-0031,1900.0,2,0.0,687.57,2,0,20250403,20250405
ORD-2025-11131,2025-04-03,2025-04-05,CUST-0209,PROD-0024,GEO-0027,538.2,3,0.4,108.71,2,0,20250403,20250405
ORD-2025-11251,2025-04-03,2025-04-06,CUST-0234,PROD-0006,GEO-0030,3897.0,3,0.0,1636.02,3,0,20250403,20250406
ORD-2025-11386,2025-04-03,2025-04-07,CUST-0261,PROD-0009,GEO-0016,521.55,1,0.05,195.57,4,0,20250403,20250407
ORD-2025-11403,2025-04-03,2025-04-06,CUST-0266,PROD-0035,GEO-0025,75.0,1,0.0,39.09,3,0,20250403,20250406
ORD-2025-11672,2025-04-03,2025-04-06,CUST-0317,PROD-0008,GEO-0016,3608.1,2,0.05,1398.61,3,0,20250403,20250406
ORD-2025-11848,2025-04-03,2025-04-05,CUST-0345,PROD-0022,GEO-0030,197.1,1,0.1,95.64,2,0,20250403,20250405
ORD-2025-13176,2025-04-03,2025-04-06,CUST-0588,PROD-0053,GEO-0012,12.0,1,0.0,4.49,3,0,20250403,20250406
ORD-2025-13711,2025-04-03,2025-04-05,CUST-0690,PROD-0056,GEO-0020,389.3,2,0.15,155.84,2,0,20250403,20250405
ORD-2025-11436,2025-04-04,2025-04-06,CUST-0273,PROD-0027,GEO-0013,528.2,4,0.05,200.5,2,0,20250404,20250406
ORD-2025-12931,2025-04-04,2025-04-08,CUST-0536,PROD-0032,GEO-0013,638.0,2,0.0,306.95,4,0,20250404,20250408
ORD-2025-13422,2025-04-04,2025-04-06,CUST-0629,PROD-0058,GEO-0014,185.6,8,0.2,41.47,2,0,20250404,20250406
ORD-2025-10831,2025-04-05,2025-04-10,CUST-0156,PROD-0012,GEO-0018,177.0,3,0.0,106.91,5,0,20250405,20250410
ORD-2025-11249,2025-04-05,2025-04-08,CUST-0234,PROD-0022,GEO-0030,438.0,2,0.0,239.91,3,0,20250405,20250408
ORD-2025-12724,2025-04-05,2025-04-07,CUST-0497,PROD-0036,GEO-0025,41.65,1,0.15,17.83,2,0,20250405,20250407
ORD-2025-12989,2025-04-05,2025-04-08,CUST-0551,PROD-0025,GEO-0021,584.1,1,0.1,198.94,3,0,20250405,20250408
ORD-2025-13517,2025-04-05,2025-04-08,CUST-0646,PROD-0021,GEO-0006,359.1,1,0.1,164.24,3,0,20250405,20250408
ORD-2025-13746,2025-04-05,2025-04-07,CUST-0696,PROD-0059,GEO-0002,9.9,1,0.1,1.96,2,0,20250405,20250407
ORD-2025-14400,2025-04-05,2025-04-06,CUST-0838,PROD-0058,GEO-0010,87.0,3,0.0,36.91,1,0,20250405,20250406
ORD-2025-10729,2025-04-06,2025-04-08,CUST-0140,PROD-0053,GEO-0006,24.0,2,0.0,5.05,2,0,20250406,20250408
ORD-2025-12221,2025-04-06,2025-04-08,CUST-0411,PROD-0039,GEO-0001,57.6,2,0.1,24.56,2,0,20250406,20250408
ORD-2025-10081,2025-04-07,2025-04-09,CUST-0017,PROD-0035,GEO-0005,75.0,1,0.0,40.77,2,0,20250407,20250409
ORD-2025-10172,2025-04-08,2025-04-10,CUST-0035,PROD-0010,GEO-0006,6520.5,5,0.1,2244.02,2,0,20250408,20250410
ORD-2025-11938,2025-04-08,2025-04-10,CUST-0364,PROD-0012,GEO-0028,159.3,3,0.1,91.47,2,0,20250408,20250410
ORD-2025-12210,2025-04-08,2025-04-11,CUST-0409,PROD-0018,GEO-0029,597.0,3,0.0,249.12,3,0,20250408,20250411
ORD-2025-13570,2025-04-08,2025-04-10,CUST-0658,PROD-0030,GEO-0004,389.3,2,0.15,157.73,2,0,20250408,20250410
ORD-2025-13749,2025-04-08,2025-04-11,CUST-0696,PROD-0038,GEO-0002,189.0,1,0.0,91.0,3,0,20250408,20250411
ORD-2025-14388,2025-04-08,2025-04-10,CUST-0836,PROD-0060,GEO-0012,14.0,1,0.0,3.39,2,0,20250408,20250410
ORD-2025-10497,2025-04-09,2025-04-12,CUST-0097,PROD-0058,GEO-0002,23.2,1,0.2,4.7,3,0,20250409,20250412
ORD-2025-10953,2025-04-09,2025-04-11,CUST-0174,PROD-0053,GEO-0017,10.8,1,0.1,1.98,2,0,20250409,20250411
ORD-2025-12998,2025-04-09,2025-04-13,CUST-0552,PROD-0054,GEO-0024,299.0,1,0.0,154.7,4,0,20250409,20250413
ORD-2025-11098,2025-04-10,2025-04-12,CUST-0203,PROD-0053,GEO-0030,11.4,1,0.05,0.59,2,0,20250410,20250412
ORD-2025-12267,2025-04-10,2025-04-13,CUST-0417,PROD-0044,GEO-0023,67.15,1,0.15,31.37,3,0,20250410,20250413
ORD-2025-12886,2025-04-10,2025-04-13,CUST-0523,PROD-0056,GEO-0007,412.2,3,0.4,70.23,3,0,20250410,20250413
ORD-2025-14420,2025-04-10,2025-04-13,CUST-0842,PROD-0056,GEO-0001,194.65,1,0.15,79.23,3,0,20250410,20250413
ORD-2025-10676,2025-04-11,2025-04-13,CUST-0129,PROD-0019,GEO-0018,987.0,3,0.0,427.97,2,0,20250411,20250413
ORD-2025-10731,2025-04-11,2025-04-14,CUST-0140,PROD-0022,GEO-0006,186.15,1,0.15,86.99,3,0,20250411,20250414
ORD-2025-11612,2025-04-12,2025-04-15,CUST-0309,PROD-0038,GEO-0005,359.1,2,0.05,155.57,3,0,20250412,20250415
ORD-2025-11806,2025-04-12,2025-04-13,CUST-0341,PROD-0027,GEO-0017,590.75,5,0.15,185.02,1,0,20250412,20250413
ORD-2025-12315,2025-04-12,2025-04-15,CUST-0424,PROD-0020,GEO-0014,349.0,1,0.0,182.02,3,0,20250412,20250415
ORD-2025-12698,2025-04-12,2025-04-14,CUST-0492,PROD-0026,GEO-0011,848.3,2,0.15,277.4,2,0,20250412,20250414
ORD-2025-10518,2025-04-13,2025-04-15,CUST-0101,PROD-0028,GEO-0015,759.05,1,0.05,303.33,2,0,20250413,20250415
ORD-2025-11288,2025-04-14,2025-04-19,CUST-0240,PROD-0014,GEO-0029,149.0,1,0.0,90.13,5,0,20250414,20250419
ORD-2025-13857,2025-04-14,2025-04-16,CUST-0719,PROD-0046,GEO-0016,34.0,1,0.0,15.41,2,0,20250414,20250416
ORD-2025-10275,2025-04-15,2025-04-17,CUST-0063,PROD-0048,GEO-0020,84.0,3,0.0,31.72,2,0,20250415,20250417
ORD-2025-10635,2025-04-15,2025-04-17,CUST-0124,PROD-0044,GEO-0029,158.0,2,0.0,81.49,2,0,20250415,20250417
ORD-2025-12379,2025-04-15,2025-04-22,CUST-0435,PROD-0023,GEO-0001,224.1,1,0.1,100.41,7,0,20250415,20250422
ORD-2025-13158,2025-04-15,2025-04-17,CUST-0585,PROD-0001,GEO-0023,639.2,1,0.2,182.59,2,0,20250415,20250417
ORD-2025-10094,2025-04-16,2025-04-17,CUST-0021,PROD-0011,GEO-0026,245.1,2,0.05,146.39,1,0,20250416,20250417
ORD-2025-10404,2025-04-16,2025-04-19,CUST-0083,PROD-0051,GEO-0012,17.1,1,0.05,6.32,3,0,20250416,20250419
ORD-2025-13419,2025-04-16,2025-04-20,CUST-0628,PROD-0044,GEO-0028,75.05,1,0.05,36.55,4,0,20250416,20250420
ORD-2025-13459,2025-04-16,2025-04-18,CUST-0638,PROD-0010,GEO-0005,1231.65,1,0.15,376.11,2,0,20250416,20250418
ORD-2025-11210,2025-04-17,2025-04-18,CUST-0229,PROD-0017,GEO-0018,2097.0,3,0.0,946.52,1,0,20250417,20250418
ORD-2025-12358,2025-04-17,2025-04-18,CUST-0431,PROD-0029,GEO-0013,255.2,1,0.2,71.73,1,0,20250417,20250418
ORD-2025-12462,2025-04-17,2025-04-20,CUST-0454,PROD-0043,GEO-0021,177.0,3,0.0,91.12,3,0,20250417,20250420
ORD-2025-13241,2025-04-17,2025-04-20,CUST-0597,PROD-0047,GEO-0008,24.0,1,0.0,10.12,3,0,20250417,20250420
ORD-2025-13248,2025-04-18,2025-04-22,CUST-0598,PROD-0047,GEO-0027,33.6,2,0.3,6.92,4,0,20250418,20250422
ORD-2025-13468,2025-04-18,2025-04-23,CUST-0639,PROD-0014,GEO-0018,134.1,1,0.1,73.99,5,0,20250418,20250423
ORD-2025-14063,2025-04-18,2025-04-22,CUST-0759,PROD-0031,GEO-0016,84.15,1,0.15,33.01,4,0,20250418,20250422
ORD-2025-11142,2025-04-19,2025-04-23,CUST-0211,PROD-0025,GEO-0032,1233.1,2,0.05,466.94,4,0,20250419,20250423
ORD-2025-11180,2025-04-19,2025-04-21,CUST-0224,PROD-0046,GEO-0030,34.0,1,0.0,14.65,2,0,20250419,20250421
ORD-2025-11307,2025-04-19,2025-04-22,CUST-0244,PROD-0033,GEO-0020,160.55,1,0.05,69.01,3,0,20250419,20250422
ORD-2025-11860,2025-04-19,2025-04-21,CUST-0349,PROD-0006,GEO-0010,6495.0,5,0.0,2712.92,2,1,20250419,20250421
ORD-2025-12335,2025-04-19,2025-04-22,CUST-0426,PROD-0016,GEO-0007,1699.0,1,0.0,792.56,3,0,20250419,20250422
ORD-2025-13720,2025-04-19,2025-04-21,CUST-0691,PROD-0024,GEO-0024,598.0,2,0.0,304.05,2,0,20250419,20250421
ORD-2025-11617,2025-04-20,2025-04-27,CUST-0310,PROD-0055,GEO-0029,139.0,1,0.0,68.9,7,1,20250420,20250427
ORD-2025-11915,2025-04-20,2025-04-25,CUST-0360,PROD-0019,GEO-0013,312.55,1,0.05,127.71,5,0,20250420,20250425
ORD-2025-13121,2025-04-20,2025-04-22,CUST-0577,PROD-0046,GEO-0023,34.0,1,0.0,15.11,2,0,20250420,20250422
ORD-2025-13741,2025-04-20,2025-04-22,CUST-0695,PROD-0022,GEO-0012,186.15,1,0.15,85.08,2,0,20250420,20250422
ORD-2025-10176,2025-04-21,2025-04-23,CUST-0036,PROD-0042,GEO-0010,139.65,3,0.05,73.87,2,0,20250421,20250423
ORD-2025-13268,2025-04-21,2025-04-26,CUST-0603,PROD-0053,GEO-0002,12.0,1,0.0,4.06,5,0,20250421,20250426
ORD-2025-10080,2025-04-22,2025-04-28,CUST-0017,PROD-0045,GEO-0005,209.0,2,0.05,109.35,6,0,20250422,20250428
ORD-2025-10202,2025-04-22,2025-04-26,CUST-0046,PROD-0017,GEO-0026,1398.0,2,0.0,625.81,4,0,20250422,20250426
ORD-2025-12019,2025-04-22,2025-04-26,CUST-0381,PROD-0045,GEO-0027,440.0,5,0.2,188.33,4,0,20250422,20250426
ORD-2025-13650,2025-04-22,2025-04-28,CUST-0676,PROD-0049,GEO-0004,132.0,6,0.0,57.2,6,0,20250422,20250428
ORD-2025-10232,2025-04-23,2025-04-24,CUST-0053,PROD-0035,GEO-0011,67.5,1,0.1,32.56,1,0,20250423,20250424
ORD-2025-12204,2025-04-23,2025-04-25,CUST-0407,PROD-0011,GEO-0032,232.2,2,0.1,135.99,2,0,20250423,20250425
ORD-2025-12935,2025-04-23,2025-04-24,CUST-0537,PROD-0031,GEO-0023,79.2,1,0.2,30.84,1,0,20250423,20250424
ORD-2025-14191,2025-04-23,2025-04-26,CUST-0788,PROD-0034,GEO-0026,65.0,1,0.0,36.24,3,0,20250423,20250426
ORD-2025-14339,2025-04-23,2025-04-25,CUST-0824,PROD-0002,GEO-0012,899.0,1,0.0,373.9,2,0,20250423,20250425
ORD-2025-11214,2025-04-24,2025-04-27,CUST-0229,PROD-0036,GEO-0018,196.0,4,0.0,98.65,3,0,20250424,20250427
ORD-2025-11912,2025-04-24,2025-04-27,CUST-0360,PROD-0046,GEO-0013,170.0,5,0.0,73.55,3,0,20250424,20250427
ORD-2025-12585,2025-04-24,2025-04-25,CUST-0471,PROD-0036,GEO-0021,137.2,4,0.3,36.39,1,0,20250424,20250425
ORD-2025-12661,2025-04-24,2025-04-27,CUST-0485,PROD-0045,GEO-0001,110.0,1,0.0,59.58,3,0,20250424,20250427
ORD-2025-10041,2025-04-25,2025-04-28,CUST-0008,PROD-0060,GEO-0005,26.6,2,0.05,8.76,3,0,20250425,20250428
ORD-2025-10396,2025-04-25,2025-04-27,CUST-0082,PROD-0058,GEO-0023,26.1,1,0.1,8.97,2,0,20250425,20250427
ORD-2025-10862,2025-04-25,2025-04-28,CUST-0161,PROD-0020,GEO-0028,349.0,1,0.0,182.2,3,0,20250425,20250428
ORD-2025-11224,2025-04-25,2025-04-30,CUST-0231,PROD-0010,GEO-0016,1449.0,1,0.0,592.92,5,0,20250425,20250430
ORD-2025-11430,2025-04-25,2025-04-30,CUST-0271,PROD-0038,GEO-0010,396.9,3,0.3,94.86,5,0,20250425,20250430
ORD-2025-12873,2025-04-25,2025-04-27,CUST-0521,PROD-0012,GEO-0001,118.0,2,0.0,74.97,2,0,20250425,20250427
ORD-2025-13155,2025-04-26,2025-04-28,CUST-0585,PROD-0040,GEO-0023,65.55,1,0.05,31.35,2,0,20250426,20250428
ORD-2025-10377,2025-04-27,2025-04-30,CUST-0079,PROD-0036,GEO-0016,176.4,4,0.1,79.38,3,0,20250427,20250430
ORD-2025-10979,2025-04-27,2025-04-30,CUST-0181,PROD-0057,GEO-0026,90.0,2,0.0,41.87,3,0,20250427,20250430
ORD-2025-11416,2025-04-27,2025-04-29,CUST-0268,PROD-0004,GEO-0001,2088.1,2,0.05,720.11,2,0,20250427,20250429
ORD-2025-12124,2025-04-28,2025-05-01,CUST-0396,PROD-0021,GEO-0010,399.0,1,0.0,205.08,3,0,20250428,20250501
ORD-2025-10010,2025-04-29,2025-05-05,CUST-0003,PROD-0040,GEO-0031,55.2,2,0.6,-13.39,6,0,20250429,20250505
ORD-2025-10091,2025-04-29,2025-05-02,CUST-0020,PROD-0007,GEO-0003,1498.5,2,0.25,328.72,3,0,20250429,20250502
ORD-2025-12680,2025-04-29,2025-05-02,CUST-0490,PROD-0040,GEO-0013,310.5,5,0.1,155.43,3,0,20250429,20250502
ORD-2025-13225,2025-04-29,2025-05-04,CUST-0596,PROD-0021,GEO-0015,399.0,1,0.0,205.55,5,0,20250429,20250504
ORD-2025-13819,2025-04-29,2025-05-01,CUST-0710,PROD-0042,GEO-0003,98.0,2,0.0,50.99,2,0,20250429,20250501
ORD-2025-11254,2025-04-30,2025-05-05,CUST-0234,PROD-0042,GEO-0030,44.1,1,0.1,20.11,5,0,20250430,20250505
ORD-2025-12501,2025-04-30,2025-05-05,CUST-0459,PROD-0023,GEO-0027,249.0,1,0.0,124.43,5,0,20250430,20250505
ORD-2025-12768,2025-04-30,2025-05-01,CUST-0506,PROD-0018,GEO-0007,398.0,2,0.0,168.61,1,0,20250430,20250501
ORD-2025-13028,2025-04-30,2025-05-01,CUST-0557,PROD-0042,GEO-0024,41.65,1,0.15,17.8,1,0,20250430,20250501
ORD-2025-11143,2025-05-01,2025-05-03,CUST-0211,PROD-0018,GEO-0032,149.25,1,0.25,34.34,2,0,20250501,20250503
ORD-2025-11666,2025-05-01,2025-05-04,CUST-0317,PROD-0012,GEO-0016,236.0,4,0.0,138.74,3,0,20250501,20250504
ORD-2025-12092,2025-05-01,2025-05-08,CUST-0392,PROD-0008,GEO-0019,1709.1,1,0.1,602.82,7,0,20250501,20250508
ORD-2025-12889,2025-05-01,2025-05-06,CUST-0524,PROD-0035,GEO-0021,142.5,2,0.05,71.52,5,0,20250501,20250506
ORD-2025-13846,2025-05-01,2025-05-03,CUST-0716,PROD-0047,GEO-0032,24.0,1,0.0,8.47,2,0,20250501,20250503
ORD-2025-13908,2025-05-01,2025-05-03,CUST-0732,PROD-0016,GEO-0016,1699.0,1,0.0,792.06,2,0,20250501,20250503
ORD-2025-14456,2025-05-01,2025-05-04,CUST-0849,PROD-0055,GEO-0021,500.4,4,0.1,222.83,3,0,20250501,20250504
ORD-2025-12235,2025-05-02,2025-05-05,CUST-0412,PROD-0026,GEO-0028,798.4,2,0.2,228.84,3,0,20250502,20250505
ORD-2025-13117,2025-05-02,2025-05-07,CUST-0577,PROD-0053,GEO-0023,12.0,1,0.0,1.16,5,0,20250502,20250507
ORD-2025-13439,2025-05-02,2025-05-05,CUST-0635,PROD-0008,GEO-0016,4272.75,3,0.25,958.13,3,0,20250502,20250505
ORD-2025-14254,2025-05-02,2025-05-06,CUST-0805,PROD-0008,GEO-0030,7216.2,4,0.05,2790.53,4,0,20250502,20250506
ORD-2025-14294,2025-05-02,2025-05-04,CUST-0816,PROD-0031,GEO-0001,79.2,1,0.2,28.83,2,0,20250502,20250504
ORD-2025-13479,2025-05-03,2025-05-05,CUST-0641,PROD-0048,GEO-0011,56.0,2,0.0,27.79,2,0,20250503,20250505
ORD-2025-14129,2025-05-03,2025-05-05,CUST-0772,PROD-0001,GEO-0032,3995.0,5,0.0,1719.49,2,0,20250503,20250505
ORD-2025-14244,2025-05-03,2025-05-05,CUST-0802,PROD-0021,GEO-0007,1596.0,4,0.0,813.47,2,0,20250503,20250505
ORD-2025-11586,2025-05-04,2025-05-06,CUST-0305,PROD-0040,GEO-0007,41.4,1,0.4,7.76,2,0,20250504,20250506
ORD-2025-11901,2025-05-04,2025-05-06,CUST-0358,PROD-0048,GEO-0032,56.0,2,0.0,27.0,2,0,20250504,20250506
ORD-2025-11985,2025-05-04,2025-05-05,CUST-0375,PROD-0049,GEO-0023,39.6,2,0.1,12.56,1,0,20250504,20250505
ORD-2025-13038,2025-05-04,2025-05-08,CUST-0561,PROD-0017,GEO-0028,699.0,1,0.0,314.39,4,0,20250504,20250508
ORD-2025-14436,2025-05-04,2025-05-08,CUST-0845,PROD-0060,GEO-0027,23.8,2,0.15,3.3,4,0,20250504,20250508
ORD-2025-14447,2025-05-04,2025-05-07,CUST-0847,PROD-0020,GEO-0026,628.2,2,0.1,298.16,3,0,20250504,20250507
ORD-2025-10444,2025-05-05,2025-05-08,CUST-0088,PROD-0034,GEO-0006,117.0,2,0.1,57.04,3,0,20250505,20250508
ORD-2025-11118,2025-05-05,2025-05-09,CUST-0207,PROD-0003,GEO-0008,1436.4,4,0.1,543.96,4,0,20250505,20250509
ORD-2025-12491,2025-05-05,2025-05-07,CUST-0457,PROD-0051,GEO-0004,51.3,3,0.05,22.4,2,0,20250505,20250507
ORD-2025-12792,2025-05-05,2025-05-10,CUST-0512,PROD-0033,GEO-0027,304.2,2,0.1,120.83,5,0,20250505,20250510
ORD-2025-14156,2025-05-05,2025-05-09,CUST-0779,PROD-0030,GEO-0012,160.3,1,0.3,47.25,4,1,20250505,20250509
ORD-2025-11107,2025-05-06,2025-05-08,CUST-0204,PROD-0054,GEO-0028,284.05,1,0.05,140.05,2,0,20250506,20250508
ORD-2025-13063,2025-05-06,2025-05-12,CUST-0566,PROD-0028,GEO-0022,1438.2,2,0.1,527.79,6,0,20250506,20250512
ORD-2025-13930,2025-05-06,2025-05-08,CUST-0735,PROD-0049,GEO-0012,19.8,1,0.1,5.58,2,0,20250506,20250508
ORD-2025-13435,2025-05-07,2025-05-10,CUST-0633,PROD-0042,GEO-0020,41.65,1,0.15,19.98,3,0,20250507,20250510
ORD-2025-13540,2025-05-07,2025-05-09,CUST-0651,PROD-0049,GEO-0007,62.7,3,0.05,17.82,2,0,20250507,20250509
ORD-2025-10399,2025-05-08,2025-05-10,CUST-0082,PROD-0008,GEO-0023,11394.0,6,0.0,4769.15,2,0,20250508,20250510
ORD-2025-11695,2025-05-08,2025-05-10,CUST-0320,PROD-0033,GEO-0004,143.65,1,0.15,53.63,2,0,20250508,20250510
ORD-2025-12102,2025-05-08,2025-05-09,CUST-0394,PROD-0048,GEO-0030,56.0,2,0.0,25.73,1,0,20250508,20250509
ORD-2025-10583,2025-05-09,2025-05-11,CUST-0114,PROD-0041,GEO-0002,93.6,3,0.2,37.73,2,0,20250509,20250511
ORD-2025-12942,2025-05-09,2025-05-13,CUST-0538,PROD-0054,GEO-0006,897.0,3,0.0,459.32,4,0,20250509,20250513
ORD-2025-13652,2025-05-09,2025-05-13,CUST-0676,PROD-0006,GEO-0004,1234.05,1,0.05,478.64,4,0,20250509,20250513
ORD-2025-10158,2025-05-10,2025-05-14,CUST-0034,PROD-0014,GEO-0014,149.0,1,0.0,89.87,4,0,20250510,20250514
ORD-2025-12037,2025-05-10,2025-05-12,CUST-0384,PROD-0009,GEO-0001,466.65,1,0.15,140.28,2,1,20250510,20250512
ORD-2025-14006,2025-05-10,2025-05-13,CUST-0750,PROD-0007,GEO-0007,2997.0,3,0.0,1247.11,3,0,20250510,20250513
ORD-2025-11242,2025-05-11,2025-05-13,CUST-0234,PROD-0005,GEO-0030,950.0,1,0.0,346.08,2,0,20250511,20250513
ORD-2025-12522,2025-05-11,2025-05-13,CUST-0461,PROD-0048,GEO-0023,39.2,2,0.3,8.78,2,0,20250511,20250513
ORD-2025-14075,2025-05-11,2025-05-13,CUST-0761,PROD-0004,GEO-0018,2198.0,2,0.0,831.21,2,0,20250511,20250513
ORD-2025-14117,2025-05-11,2025-05-15,CUST-0768,PROD-0007,GEO-0024,1998.0,2,0.0,828.39,4,0,20250511,20250515
ORD-2025-14345,2025-05-11,2025-05-13,CUST-0824,PROD-0005,GEO-0012,950.0,1,0.0,345.77,2,0,20250511,20250513
ORD-2025-14350,2025-05-11,2025-05-15,CUST-0825,PROD-0051,GEO-0010,85.5,5,0.05,21.12,4,1,20250511,20250515
ORD-2025-11789,2025-05-12,2025-05-18,CUST-0337,PROD-0033,GEO-0028,169.0,1,0.0,77.14,6,0,20250512,20250518
ORD-2025-12356,2025-05-12,2025-05-16,CUST-0430,PROD-0057,GEO-0016,121.5,3,0.1,51.03,4,0,20250512,20250516
ORD-2025-12752,2025-05-12,2025-05-13,CUST-0502,PROD-0008,GEO-0012,5412.15,3,0.05,2096.28,1,0,20250512,20250513
ORD-2025-13178,2025-05-12,2025-05-13,CUST-0588,PROD-0042,GEO-0012,49.0,1,0.0,25.71,1,0,20250512,20250513
ORD-2025-13507,2025-05-12,2025-05-14,CUST-0645,PROD-0002,GEO-0018,899.0,1,0.0,374.95,2,0,20250512,20250514
ORD-2025-11082,2025-05-13,2025-05-15,CUST-0200,PROD-0002,GEO-0019,899.0,1,0.0,375.52,2,0,20250513,20250515
ORD-2025-11721,2025-05-13,2025-05-16,CUST-0324,PROD-0045,GEO-0017,313.5,3,0.05,167.11,3,0,20250513,20250516
ORD-2025-11911,2025-05-13,2025-05-16,CUST-0360,PROD-0027,GEO-0013,417.0,3,0.0,171.29,3,0,20250513,20250516
ORD-2025-12798,2025-05-13,2025-05-16,CUST-0513,PROD-0050,GEO-0032,126.0,3,0.0,58.53,3,0,20250513,20250516
ORD-2025-13143,2025-05-13,2025-05-18,CUST-0582,PROD-0052,GEO-0009,19.0,1,0.0,7.83,5,0,20250513,20250518
ORD-2025-14312,2025-05-13,2025-05-15,CUST-0819,PROD-0051,GEO-0032,18.0,1,0.0,8.93,2,0,20250513,20250515
ORD-2025-10249,2025-05-14,2025-05-19,CUST-0057,PROD-0019,GEO-0018,1645.0,5,0.0,726.7,5,0,20250514,20250519
ORD-2025-11215,2025-05-14,2025-05-20,CUST-0229,PROD-0056,GEO-0018,458.0,2,0.0,228.74,6,0,20250514,20250520
ORD-2025-12774,2025-05-14,2025-05-18,CUST-0508,PROD-0022,GEO-0005,438.0,2,0.0,234.24,4,0,20250514,20250518
ORD-2025-14321,2025-05-14,2025-05-16,CUST-0820,PROD-0050,GEO-0011,50.4,2,0.4,5.93,2,0,20250514,20250516
ORD-2025-11020,2025-05-15,2025-05-17,CUST-0191,PROD-0036,GEO-0001,176.4,4,0.1,69.41,2,0,20250515,20250517
ORD-2025-11046,2025-05-15,2025-05-19,CUST-0193,PROD-0046,GEO-0032,23.8,1,0.3,4.1,4,1,20250515,20250519
ORD-2025-11346,2025-05-15,2025-05-19,CUST-0254,PROD-0059,GEO-0016,20.9,2,0.05,6.52,4,0,20250515,20250519
ORD-2025-11826,2025-05-15,2025-05-18,CUST-0343,PROD-0034,GEO-0009,55.25,1,0.15,26.29,3,0,20250515,20250518
ORD-2025-12002,2025-05-15,2025-05-17,CUST-0378,PROD-0018,GEO-0005,179.1,1,0.1,62.88,2,0,20250515,20250517
ORD-2025-12928,2025-05-15,2025-05-21,CUST-0535,PROD-0004,GEO-0028,2088.1,2,0.05,718.8,6,0,20250515,20250521
ORD-2025-13576,2025-05-15,2025-05-17,CUST-0660,PROD-0051,GEO-0005,32.4,2,0.1,14.07,2,0,20250515,20250517
ORD-2025-11365,2025-05-16,2025-05-19,CUST-0257,PROD-0043,GEO-0030,106.2,2,0.1,45.0,3,0,20250516,20250519
ORD-2025-11491,2025-05-16,2025-05-22,CUST-0284,PROD-0036,GEO-0024,176.4,4,0.1,68.71,6,0,20250516,20250522
ORD-2025-11790,2025-05-16,2025-05-17,CUST-0337,PROD-0055,GEO-0028,139.0,1,0.0,70.33,1,0,20250516,20250517
ORD-2025-12621,2025-05-16,2025-05-20,CUST-0478,PROD-0027,GEO-0006,97.3,1,0.3,18.05,4,0,20250516,20250520
ORD-2025-12694,2025-05-16,2025-05-18,CUST-0492,PROD-0047,GEO-0011,19.2,1,0.2,4.03,2,0,20250516,20250518
ORD-2025-13015,2025-05-16,2025-05-18,CUST-0555,PROD-0048,GEO-0022,28.0,1,0.0,10.74,2,0,20250516,20250518
ORD-2025-13079,2025-05-16,2025-05-18,CUST-0567,PROD-0003,GEO-0021,798.0,2,0.0,346.54,2,0,20250516,20250518
ORD-2025-10999,2025-05-17,2025-05-19,CUST-0186,PROD-0053,GEO-0018,48.0,4,0.0,17.17,2,0,20250517,20250519
ORD-2025-13351,2025-05-17,2025-05-19,CUST-0618,PROD-0017,GEO-0001,1398.0,2,0.0,626.94,2,0,20250517,20250519
ORD-2025-13515,2025-05-17,2025-05-18,CUST-0646,PROD-0025,GEO-0006,1103.3,2,0.15,334.33,1,0,20250517,20250518
ORD-2025-13729,2025-05-17,2025-05-19,CUST-0693,PROD-0053,GEO-0004,10.8,1,0.1,1.84,2,0,20250517,20250519
ORD-2025-13884,2025-05-17,2025-05-19,CUST-0727,PROD-0060,GEO-0029,75.6,6,0.1,18.57,2,0,20250517,20250519
ORD-2025-12252,2025-05-18,2025-05-22,CUST-0416,PROD-0029,GEO-0013,255.2,1,0.2,70.11,4,0,20250518,20250522
ORD-2025-12296,2025-05-18,2025-05-20,CUST-0421,PROD-0039,GEO-0023,91.2,3,0.05,45.9,2,0,20250518,20250520
ORD-2025-12720,2025-05-18,2025-05-21,CUST-0497,PROD-0005,GEO-0025,1900.0,2,0.0,689.02,3,0,20250518,20250521
ORD-2025-12786,2025-05-18,2025-05-20,CUST-0511,PROD-0045,GEO-0031,187.0,2,0.15,85.02,2,0,20250518,20250520
ORD-2025-12909,2025-05-18,2025-05-21,CUST-0528,PROD-0012,GEO-0014,150.45,3,0.15,83.48,3,0,20250518,20250521
ORD-2025-12919,2025-05-18,2025-05-21,CUST-0531,PROD-0052,GEO-0018,38.0,2,0.0,14.76,3,0,20250518,20250521
ORD-2025-13113,2025-05-18,2025-05-19,CUST-0576,PROD-0044,GEO-0013,142.2,2,0.1,66.93,1,0,20250518,20250519
ORD-2025-11425,2025-05-19,2025-05-20,CUST-0270,PROD-0054,GEO-0023,299.0,1,0.0,153.75,1,1,20250519,20250520
ORD-2025-11499,2025-05-19,2025-05-22,CUST-0286,PROD-0021,GEO-0004,1276.8,4,0.2,500.32,3,0,20250519,20250522
ORD-2025-10721,2025-05-20,2025-05-23,CUST-0139,PROD-0038,GEO-0003,897.75,5,0.05,395.4,3,0,20250520,20250523
ORD-2025-13830,2025-05-20,2025-05-23,CUST-0711,PROD-0029,GEO-0012,223.3,1,0.3,39.65,3,0,20250520,20250523
ORD-2025-14415,2025-05-20,2025-05-24,CUST-0841,PROD-0056,GEO-0028,217.55,1,0.05,101.83,4,0,20250520,20250524
ORD-2025-10375,2025-05-21,2025-05-22,CUST-0079,PROD-0052,GEO-0016,38.0,2,0.0,15.29,1,0,20250521,20250522
ORD-2025-10792,2025-05-21,2025-05-24,CUST-0150,PROD-0047,GEO-0026,24.0,1,0.0,8.88,3,0,20250521,20250524
ORD-2025-11902,2025-05-21,2025-05-26,CUST-0358,PROD-0056,GEO-0032,583.95,3,0.15,236.1,5,0,20250521,20250526
ORD-2025-12917,2025-05-21,2025-05-23,CUST-0530,PROD-0050,GEO-0027,199.5,5,0.05,93.31,2,0,20250521,20250523
ORD-2025-11168,2025-05-22,2025-05-23,CUST-0220,PROD-0031,GEO-0003,59.4,1,0.4,10.2,1,0,20250522,20250523
ORD-2025-12509,2025-05-22,2025-05-24,CUST-0460,PROD-0044,GEO-0032,158.0,2,0.0,81.65,2,0,20250522,20250524
ORD-2025-13151,2025-05-22,2025-05-25,CUST-0585,PROD-0007,GEO-0023,4495.5,5,0.1,1576.19,3,0,20250522,20250525
ORD-2025-13394,2025-05-22,2025-05-23,CUST-0625,PROD-0045,GEO-0020,264.0,3,0.2,119.91,1,0,20250522,20250523
ORD-2025-14015,2025-05-22,2025-05-23,CUST-0753,PROD-0005,GEO-0008,950.0,1,0.0,345.92,1,0,20250522,20250523
ORD-2025-10059,2025-05-23,2025-05-25,CUST-0011,PROD-0035,GEO-0002,63.75,1,0.15,29.76,2,0,20250523,20250525
ORD-2025-11630,2025-05-23,2025-05-24,CUST-0311,PROD-0060,GEO-0005,28.0,2,0.0,4.92,1,0,20250523,20250524
ORD-2025-12057,2025-05-23,2025-05-25,CUST-0386,PROD-0017,GEO-0010,699.0,1,0.0,312.43,2,0,20250523,20250525
ORD-2025-12063,2025-05-23,2025-05-25,CUST-0388,PROD-0025,GEO-0014,1168.2,2,0.1,399.81,2,0,20250523,20250525
ORD-2025-13939,2025-05-23,2025-05-25,CUST-0737,PROD-0036,GEO-0025,102.9,3,0.3,27.71,2,0,20250523,20250525
ORD-2025-14026,2025-05-23,2025-05-25,CUST-0753,PROD-0058,GEO-0008,17.4,1,0.4,-0.59,2,0,20250523,20250525
ORD-2025-14284,2025-05-23,2025-05-26,CUST-0814,PROD-0039,GEO-0026,60.8,2,0.05,25.73,3,0,20250523,20250526
ORD-2025-12964,2025-05-24,2025-05-25,CUST-0544,PROD-0036,GEO-0021,98.0,2,0.0,44.24,1,0,20250524,20250525
ORD-2025-13779,2025-05-24,2025-05-27,CUST-0703,PROD-0015,GEO-0002,89.0,1,0.0,47.42,3,0,20250524,20250527
ORD-2025-13923,2025-05-24,2025-05-30,CUST-0735,PROD-0051,GEO-0012,12.6,1,0.3,-0.02,6,0,20250524,20250530
ORD-2025-11170,2025-05-25,2025-05-27,CUST-0220,PROD-0007,GEO-0003,1998.0,2,0.0,828.7,2,0,20250525,20250527
ORD-2025-11184,2025-05-25,2025-05-31,CUST-0225,PROD-0051,GEO-0030,54.0,3,0.0,25.41,6,0,20250525,20250531
ORD-2025-11664,2025-05-25,2025-05-27,CUST-0317,PROD-0022,GEO-0016,416.1,2,0.05,219.88,2,0,20250525,20250527
ORD-2025-12234,2025-05-25,2025-05-28,CUST-0412,PROD-0010,GEO-0028,4347.0,3,0.0,1780.26,3,0,20250525,20250528
ORD-2025-14046,2025-05-25,2025-05-27,CUST-0758,PROD-0003,GEO-0030,897.75,3,0.25,217.79,2,0,20250525,20250527
ORD-2025-12904,2025-05-26,2025-05-30,CUST-0527,PROD-0015,GEO-0018,534.0,6,0.0,291.91,4,0,20250526,20250530
ORD-2025-13257,2025-05-26,2025-05-29,CUST-0598,PROD-0028,GEO-0027,679.15,1,0.15,224.27,3,0,20250526,20250529
ORD-2025-13263,2025-05-26,2025-05-29,CUST-0600,PROD-0055,GEO-0014,396.15,3,0.05,186.44,3,0,20250526,20250529
ORD-2025-12690,2025-05-27,2025-05-29,CUST-0491,PROD-0015,GEO-0013,178.0,2,0.0,96.69,2,0,20250527,20250529
ORD-2025-10358,2025-05-28,2025-05-29,CUST-0075,PROD-0013,GEO-0004,276.0,4,0.0,165.62,1,0,20250528,20250529
ORD-2025-10359,2025-05-28,2025-06-01,CUST-0075,PROD-0010,GEO-0004,2898.0,2,0.0,1190.67,4,0,20250528,20250601
ORD-2025-13340,2025-05-28,2025-05-30,CUST-0617,PROD-0022,GEO-0020,657.0,3,0.0,358.63,2,0,20250528,20250530
ORD-2025-10244,2025-05-29,2025-05-31,CUST-0056,PROD-0040,GEO-0020,65.55,1,0.05,31.96,2,0,20250529,20250531
ORD-2025-12364,2025-05-29,2025-06-03,CUST-0433,PROD-0017,GEO-0003,1258.2,2,0.1,489.09,5,0,20250529,20250603
ORD-2025-12387,2025-05-29,2025-05-30,CUST-0436,PROD-0014,GEO-0026,424.65,3,0.05,246.83,1,0,20250529,20250530
ORD-2025-13934,2025-05-29,2025-05-31,CUST-0737,PROD-0018,GEO-0025,1592.0,8,0.0,664.31,2,0,20250529,20250531
ORD-2025-10247,2025-05-30,2025-06-01,CUST-0056,PROD-0032,GEO-0020,446.6,2,0.3,116.84,2,0,20250530,20250601
ORD-2025-13885,2025-05-30,2025-06-01,CUST-0727,PROD-0028,GEO-0029,759.05,1,0.05,305.38,2,0,20250530,20250601
ORD-2025-14104,2025-05-30,2025-06-02,CUST-0766,PROD-0022,GEO-0028,416.1,2,0.05,216.05,3,0,20250530,20250602
ORD-2025-10103,2025-05-31,2025-06-03,CUST-0023,PROD-0005,GEO-0009,807.5,1,0.15,201.88,3,0,20250531,20250603
ORD-2025-10805,2025-05-31,2025-06-03,CUST-0151,PROD-0033,GEO-0026,270.4,2,0.2,88.54,3,0,20250531,20250603
ORD-2025-12176,2025-05-31,2025-06-03,CUST-0403,PROD-0030,GEO-0013,206.1,1,0.1,90.06,3,0,20250531,20250603
ORD-2025-12208,2025-05-31,2025-06-03,CUST-0408,PROD-0007,GEO-0022,1898.1,2,0.05,730.41,3,0,20250531,20250603
ORD-2025-10006,2025-06-01,2025-06-03,CUST-0002,PROD-0033,GEO-0007,169.0,1,0.0,79.88,2,0,20250601,20250603
ORD-2025-11677,2025-06-01,2025-06-03,CUST-0318,PROD-0056,GEO-0014,229.0,1,0.0,115.81,2,0,20250601,20250603
ORD-2025-14215,2025-06-01,2025-06-03,CUST-0794,PROD-0009,GEO-0008,1098.0,2,0.0,447.64,2,0,20250601,20250603
ORD-2025-10223,2025-06-02,2025-06-05,CUST-0051,PROD-0035,GEO-0015,63.75,1,0.15,27.58,3,0,20250602,20250605
ORD-2025-12109,2025-06-02,2025-06-03,CUST-0394,PROD-0009,GEO-0030,5215.5,10,0.05,1948.89,1,0,20250602,20250603
ORD-2025-13685,2025-06-02,2025-06-05,CUST-0683,PROD-0024,GEO-0004,598.0,2,0.0,304.19,3,0,20250602,20250605
ORD-2025-10196,2025-06-03,2025-06-04,CUST-0043,PROD-0005,GEO-0021,3800.0,4,0.0,1385.88,1,0,20250603,20250604
ORD-2025-10325,2025-06-03,2025-06-05,CUST-0071,PROD-0026,GEO-0009,1197.6,4,0.4,51.45,2,0,20250603,20250605
ORD-2025-12406,2025-06-03,2025-06-07,CUST-0440,PROD-0044,GEO-0014,150.1,2,0.05,72.48,4,0,20250603,20250607
ORD-2025-13590,2025-06-03,2025-06-05,CUST-0661,PROD-0054,GEO-0018,254.15,1,0.15,109.18,2,0,20250603,20250605
ORD-2025-11797,2025-06-04,2025-06-11,CUST-0338,PROD-0025,GEO-0026,649.0,1,0.0,262.31,7,0,20250604,20250611
ORD-2025-13714,2025-06-04,2025-06-06,CUST-0690,PROD-0035,GEO-0020,375.0,5,0.0,206.56,2,0,20250604,20250606
ORD-2025-10385,2025-06-05,2025-06-06,CUST-0080,PROD-0057,GEO-0002,45.0,1,0.0,23.69,1,0,20250605,20250606
ORD-2025-10844,2025-06-05,2025-06-09,CUST-0158,PROD-0052,GEO-0027,19.0,1,0.0,7.16,4,0,20250605,20250609
ORD-2025-11850,2025-06-05,2025-06-07,CUST-0346,PROD-0041,GEO-0007,31.2,1,0.2,10.81,2,0,20250605,20250607
ORD-2025-12953,2025-06-05,2025-06-08,CUST-0541,PROD-0009,GEO-0026,1043.1,2,0.05,392.01,3,0,20250605,20250608
ORD-2025-13436,2025-06-05,2025-06-06,CUST-0634,PROD-0015,GEO-0013,84.55,1,0.05,45.15,1,0,20250605,20250606
ORD-2025-13536,2025-06-05,2025-06-07,CUST-0650,PROD-0001,GEO-0021,679.15,1,0.15,224.9,2,0,20250605,20250607
ORD-2025-13539,2025-06-05,2025-06-08,CUST-0651,PROD-0020,GEO-0007,628.2,2,0.1,295.18,3,0,20250605,20250608
ORD-2025-13744,2025-06-05,2025-06-08,CUST-0695,PROD-0042,GEO-0012,34.3,1,0.3,10.53,3,0,20250605,20250608
ORD-2025-13865,2025-06-05,2025-06-06,CUST-0722,PROD-0055,GEO-0017,375.3,3,0.1,169.18,1,0,20250605,20250606
ORD-2025-10427,2025-06-06,2025-06-10,CUST-0086,PROD-0057,GEO-0022,90.0,2,0.0,42.79,4,0,20250606,20250610
ORD-2025-10617,2025-06-06,2025-06-13,CUST-0122,PROD-0039,GEO-0004,32.0,1,0.0,14.49,7,0,20250606,20250613
ORD-2025-10780,2025-06-06,2025-06-07,CUST-0149,PROD-0009,GEO-0030,5215.5,10,0.05,1980.84,1,0,20250606,20250607
ORD-2025-10918,2025-06-06,2025-06-10,CUST-0168,PROD-0048,GEO-0012,84.0,3,0.0,41.74,4,0,20250606,20250610
ORD-2025-12068,2025-06-06,2025-06-09,CUST-0389,PROD-0043,GEO-0014,118.0,2,0.0,60.51,3,0,20250606,20250609
ORD-2025-14417,2025-06-06,2025-06-07,CUST-0841,PROD-0057,GEO-0028,42.75,1,0.05,21.33,1,0,20250606,20250607
ORD-2025-11248,2025-06-07,2025-06-09,CUST-0234,PROD-0057,GEO-0030,45.0,1,0.0,20.37,2,0,20250607,20250609
ORD-2025-12463,2025-06-07,2025-06-11,CUST-0454,PROD-0021,GEO-0021,3192.0,8,0.0,1622.94,4,0,20250607,20250611
ORD-2025-12842,2025-06-07,2025-06-10,CUST-0517,PROD-0059,GEO-0010,20.9,2,0.05,0.25,3,0,20250607,20250610
ORD-2025-14084,2025-06-07,2025-06-08,CUST-0763,PROD-0005,GEO-0003,1900.0,2,0.0,693.76,1,0,20250607,20250608
ORD-2025-10355,2025-06-08,2025-06-11,CUST-0075,PROD-0039,GEO-0004,25.6,1,0.2,8.86,3,0,20250608,20250611
ORD-2025-12815,2025-06-08,2025-06-11,CUST-0514,PROD-0058,GEO-0026,55.1,2,0.05,17.14,3,0,20250608,20250611
ORD-2025-13693,2025-06-08,2025-06-12,CUST-0684,PROD-0052,GEO-0029,72.2,4,0.05,31.88,4,0,20250608,20250612
ORD-2025-10656,2025-06-09,2025-06-11,CUST-0126,PROD-0047,GEO-0014,48.0,2,0.0,21.81,2,0,20250609,20250611
ORD-2025-12863,2025-06-09,2025-06-14,CUST-0519,PROD-0030,GEO-0019,641.2,4,0.3,178.88,5,0,20250609,20250614
ORD-2025-12985,2025-06-09,2025-06-11,CUST-0550,PROD-0010,GEO-0029,2898.0,2,0.0,1190.7,2,0,20250609,20250611
ORD-2025-13692,2025-06-09,2025-06-12,CUST-0684,PROD-0038,GEO-0029,189.0,1,0.0,87.08,3,0,20250609,20250612
ORD-2025-13924,2025-06-09,2025-06-12,CUST-0735,PROD-0048,GEO-0012,53.2,2,0.05,20.34,3,0,20250609,20250612
ORD-2025-10871,2025-06-10,2025-06-12,CUST-0161,PROD-0008,GEO-0028,3798.0,2,0.0,1590.73,2,0,20250610,20250612
ORD-2025-11883,2025-06-10,2025-06-12,CUST-0354,PROD-0033,GEO-0005,354.9,3,0.3,87.48,2,0,20250610,20250612
ORD-2025-10127,2025-06-11,2025-06-14,CUST-0028,PROD-0006,GEO-0016,1299.0,1,0.0,544.17,3,0,20250611,20250614
ORD-2025-12974,2025-06-11,2025-06-15,CUST-0548,PROD-0033,GEO-0016,338.0,2,0.0,157.63,4,0,20250611,20250615
ORD-2025-13516,2025-06-11,2025-06-13,CUST-0646,PROD-0042,GEO-0006,245.0,5,0.0,132.7,2,0,20250611,20250613
ORD-2025-14115,2025-06-11,2025-06-16,CUST-0768,PROD-0032,GEO-0024,510.4,2,0.2,177.37,5,0,20250611,20250616
ORD-2025-10164,2025-06-12,2025-06-15,CUST-0035,PROD-0056,GEO-0006,687.0,3,0.0,337.71,3,0,20250612,20250615
ORD-2025-10449,2025-06-12,2025-06-15,CUST-0088,PROD-0051,GEO-0006,18.0,1,0.0,8.53,3,0,20250612,20250615
ORD-2025-11066,2025-06-12,2025-06-13,CUST-0197,PROD-0054,GEO-0003,852.15,3,0.05,415.6,1,0,20250612,20250613
ORD-2025-13474,2025-06-12,2025-06-15,CUST-0640,PROD-0021,GEO-0020,319.2,1,0.2,123.73,3,0,20250612,20250615
ORD-2025-14037,2025-06-12,2025-06-18,CUST-0756,PROD-0048,GEO-0015,26.6,1,0.05,11.71,6,0,20250612,20250618
ORD-2025-10289,2025-06-13,2025-06-17,CUST-0065,PROD-0007,GEO-0027,999.0,1,0.0,415.08,4,0,20250613,20250617
ORD-2025-11749,2025-06-13,2025-06-15,CUST-0330,PROD-0055,GEO-0018,132.05,1,0.05,60.06,2,0,20250613,20250615
ORD-2025-13057,2025-06-13,2025-06-16,CUST-0565,PROD-0002,GEO-0007,854.05,1,0.05,328.76,3,0,20250613,20250616
ORD-2025-10250,2025-06-14,2025-06-19,CUST-0057,PROD-0034,GEO-0018,325.0,5,0.0,176.67,5,0,20250614,20250619
ORD-2025-10757,2025-06-14,2025-06-15,CUST-0146,PROD-0033,GEO-0006,152.1,1,0.1,63.15,1,0,20250614,20250615
ORD-2025-10838,2025-06-14,2025-06-16,CUST-0157,PROD-0021,GEO-0002,399.0,1,0.0,203.65,2,0,20250614,20250616
ORD-2025-11466,2025-06-14,2025-06-15,CUST-0277,PROD-0056,GEO-0032,652.65,3,0.05,305.43,1,1,20250614,20250615
ORD-2025-12024,2025-06-14,2025-06-15,CUST-0381,PROD-0042,GEO-0027,49.0,1,0.0,27.9,1,0,20250614,20250615
ORD-2025-13723,2025-06-14,2025-06-17,CUST-0692,PROD-0009,GEO-0009,1564.65,3,0.05,594.48,3,0,20250614,20250617
ORD-2025-14457,2025-06-14,2025-06-17,CUST-0849,PROD-0007,GEO-0021,1998.0,2,0.0,824.55,3,0,20250614,20250617
ORD-2025-10104,2025-06-15,2025-06-18,CUST-0023,PROD-0024,GEO-0009,478.4,2,0.2,189.07,3,0,20250615,20250618
ORD-2025-11336,2025-06-15,2025-06-18,CUST-0252,PROD-0032,GEO-0022,3190.0,10,0.0,1534.27,3,0,20250615,20250618
ORD-2025-12631,2025-06-15,2025-06-18,CUST-0480,PROD-0018,GEO-0006,378.1,2,0.05,149.91,3,0,20250615,20250618
ORD-2025-11897,2025-06-16,2025-06-21,CUST-0357,PROD-0001,GEO-0022,799.0,1,0.0,344.03,5,1,20250616,20250621
ORD-2025-13449,2025-06-16,2025-06-21,CUST-0638,PROD-0055,GEO-0005,139.0,1,0.0,67.46,5,0,20250616,20250621
ORD-2025-11415,2025-06-17,2025-06-19,CUST-0268,PROD-0008,GEO-0001,5697.0,3,0.0,2381.32,2,0,20250617,20250619
ORD-2025-13187,2025-06-17,2025-06-19,CUST-0590,PROD-0019,GEO-0023,625.1,2,0.05,256.11,2,0,20250617,20250619
ORD-2025-14009,2025-06-17,2025-06-19,CUST-0751,PROD-0002,GEO-0031,899.0,1,0.0,375.16,2,0,20250617,20250619
ORD-2025-10467,2025-06-18,2025-06-19,CUST-0091,PROD-0002,GEO-0019,854.05,1,0.05,328.05,1,0,20250618,20250619
ORD-2025-10747,2025-06-18,2025-06-22,CUST-0144,PROD-0025,GEO-0004,649.0,1,0.0,264.48,4,0,20250618,20250622
ORD-2025-13754,2025-06-18,2025-06-20,CUST-0697,PROD-0001,GEO-0020,1518.1,2,0.05,611.35,2,0,20250618,20250620
ORD-2025-13823,2025-06-18,2025-06-21,CUST-0711,PROD-0056,GEO-0012,652.65,3,0.05,305.13,3,0,20250618,20250621
ORD-2025-14208,2025-06-18,2025-06-22,CUST-0793,PROD-0014,GEO-0003,447.0,3,0.0,263.65,4,0,20250618,20250622
ORD-2025-14356,2025-06-18,2025-06-19,CUST-0827,PROD-0049,GEO-0021,19.8,1,0.1,6.27,1,0,20250618,20250619
ORD-2025-10774,2025-06-19,2025-06-21,CUST-0147,PROD-0049,GEO-0028,22.0,1,0.0,7.74,2,0,20250619,20250621
ORD-2025-10958,2025-06-19,2025-06-24,CUST-0177,PROD-0025,GEO-0007,649.0,1,0.0,262.65,5,0,20250619,20250624
ORD-2025-11049,2025-06-19,2025-06-20,CUST-0193,PROD-0049,GEO-0032,15.4,1,0.3,0.91,1,0,20250619,20250620
ORD-2025-12279,2025-06-19,2025-06-20,CUST-0418,PROD-0020,GEO-0012,698.0,2,0.0,371.86,1,1,20250619,20250620
ORD-2025-14399,2025-06-19,2025-06-20,CUST-0838,PROD-0060,GEO-0010,28.0,2,0.0,6.97,1,0,20250619,20250620
ORD-2025-10627,2025-06-20,2025-06-24,CUST-0124,PROD-0051,GEO-0029,17.1,1,0.05,7.88,4,0,20250620,20250624
ORD-2025-11715,2025-06-20,2025-06-24,CUST-0323,PROD-0010,GEO-0024,2898.0,2,0.0,1190.74,4,0,20250620,20250624
ORD-2025-11984,2025-06-20,2025-06-22,CUST-0375,PROD-0035,GEO-0023,75.0,1,0.0,41.1,2,0,20250620,20250622
ORD-2025-12918,2025-06-20,2025-06-22,CUST-0531,PROD-0010,GEO-0018,3694.95,3,0.15,1125.25,2,0,20250620,20250622
ORD-2025-10715,2025-06-21,2025-06-24,CUST-0138,PROD-0026,GEO-0013,349.3,1,0.3,64.44,3,0,20250621,20250624
ORD-2025-12654,2025-06-21,2025-06-23,CUST-0485,PROD-0031,GEO-0001,198.0,2,0.0,101.17,2,1,20250621,20250623
ORD-2025-12896,2025-06-21,2025-06-23,CUST-0525,PROD-0007,GEO-0007,1998.0,2,0.0,830.65,2,0,20250621,20250623
ORD-2025-13004,2025-06-21,2025-06-24,CUST-0553,PROD-0041,GEO-0004,35.1,1,0.1,15.93,3,0,20250621,20250624
ORD-2025-13297,2025-06-21,2025-06-24,CUST-0609,PROD-0031,GEO-0014,178.2,2,0.1,79.92,3,0,20250621,20250624
ORD-2025-13330,2025-06-21,2025-06-24,CUST-0616,PROD-0044,GEO-0018,79.0,1,0.0,41.99,3,0,20250621,20250624
ORD-2025-14282,2025-06-21,2025-06-22,CUST-0813,PROD-0033,GEO-0032,287.3,2,0.15,111.19,1,0,20250621,20250622
ORD-2025-10373,2025-06-22,2025-06-25,CUST-0079,PROD-0006,GEO-0016,1234.05,1,0.05,479.39,3,0,20250622,20250625
ORD-2025-10550,2025-06-22,2025-06-25,CUST-0106,PROD-0059,GEO-0018,26.4,3,0.2,-0.94,3,0,20250622,20250625
ORD-2025-10601,2025-06-22,2025-06-24,CUST-0117,PROD-0055,GEO-0012,375.3,3,0.1,169.63,2,0,20250622,20250624
ORD-2025-10829,2025-06-23,2025-06-25,CUST-0156,PROD-0012,GEO-0018,59.0,1,0.0,37.21,2,0,20250623,20250625
ORD-2025-11094,2025-06-23,2025-06-24,CUST-0201,PROD-0060,GEO-0016,19.6,2,0.3,-2.32,1,0,20250623,20250624
ORD-2025-11400,2025-06-23,2025-06-25,CUST-0264,PROD-0044,GEO-0023,237.0,3,0.0,128.58,2,0,20250623,20250625
ORD-2025-11405,2025-06-23,2025-06-24,CUST-0267,PROD-0056,GEO-0021,160.3,1,0.3,43.48,1,0,20250623,20250624
ORD-2025-11972,2025-06-23,2025-06-28,CUST-0372,PROD-0054,GEO-0011,598.0,2,0.0,307.27,5,0,20250623,20250628
ORD-2025-13917,2025-06-23,2025-06-24,CUST-0734,PROD-0036,GEO-0017,41.65,1,0.15,18.01,1,0,20250623,20250624
ORD-2025-14467,2025-06-23,2025-06-27,CUST-0849,PROD-0045,GEO-0021,154.0,2,0.3,56.55,4,0,20250623,20250627
ORD-2025-11659,2025-06-24,2025-06-29,CUST-0317,PROD-0048,GEO-0016,28.0,1,0.0,13.26,5,0,20250624,20250629
ORD-2025-12349,2025-06-24,2025-06-25,CUST-0428,PROD-0049,GEO-0005,22.0,1,0.0,9.88,1,0,20250624,20250625
ORD-2025-12865,2025-06-24,2025-06-27,CUST-0519,PROD-0021,GEO-0019,339.15,1,0.15,145.99,3,0,20250624,20250627
ORD-2025-13302,2025-06-24,2025-06-30,CUST-0609,PROD-0047,GEO-0014,24.0,1,0.0,11.63,6,0,20250624,20250630
ORD-2025-13318,2025-06-24,2025-06-26,CUST-0613,PROD-0024,GEO-0018,1136.2,4,0.05,562.42,2,1,20250624,20250626
ORD-2025-13492,2025-06-24,2025-06-26,CUST-0643,PROD-0044,GEO-0027,158.0,2,0.0,81.82,2,0,20250624,20250626
ORD-2025-11776,2025-06-25,2025-06-27,CUST-0334,PROD-0052,GEO-0032,190.0,10,0.0,56.63,2,0,20250625,20250627
ORD-2025-13381,2025-06-25,2025-06-27,CUST-0624,PROD-0001,GEO-0031,719.1,1,0.1,265.76,2,0,20250625,20250627
ORD-2025-13995,2025-06-25,2025-06-28,CUST-0749,PROD-0007,GEO-0004,849.15,1,0.15,263.79,3,1,20250625,20250628
ORD-2025-11104,2025-06-26,2025-06-28,CUST-0204,PROD-0001,GEO-0028,1518.1,2,0.05,606.7,2,0,20250626,20250628
ORD-2025-12573,2025-06-26,2025-06-28,CUST-0468,PROD-0047,GEO-0002,45.6,2,0.05,14.22,2,0,20250626,20250628
ORD-2025-12685,2025-06-26,2025-06-27,CUST-0490,PROD-0060,GEO-0013,14.0,1,0.0,4.24,1,0,20250626,20250627
ORD-2025-13044,2025-06-26,2025-06-28,CUST-0562,PROD-0052,GEO-0003,54.15,3,0.05,12.15,2,0,20250626,20250628
ORD-2025-13737,2025-06-26,2025-06-28,CUST-0694,PROD-0026,GEO-0019,898.2,2,0.1,325.94,2,0,20250626,20250628
ORD-2025-11590,2025-06-27,2025-06-28,CUST-0305,PROD-0030,GEO-0007,229.0,1,0.0,113.57,1,0,20250627,20250628
ORD-2025-14053,2025-06-27,2025-06-29,CUST-0758,PROD-0009,GEO-0030,1098.0,2,0.0,451.81,2,0,20250627,20250629
ORD-2025-13586,2025-06-28,2025-06-30,CUST-0661,PROD-0045,GEO-0018,220.0,2,0.0,123.2,2,0,20250628,20250630
ORD-2025-13596,2025-06-28,2025-06-29,CUST-0664,PROD-0060,GEO-0015,14.0,1,0.0,3.06,1,0,20250628,20250629
ORD-2025-14052,2025-06-28,2025-07-01,CUST-0758,PROD-0001,GEO-0030,799.0,1,0.0,343.56,3,1,20250628,20250701
ORD-2025-14441,2025-06-28,2025-07-01,CUST-0846,PROD-0036,GEO-0031,41.65,1,0.15,15.73,3,0,20250628,20250701
ORD-2025-10522,2025-06-29,2025-07-02,CUST-0102,PROD-0055,GEO-0022,354.45,3,0.15,142.05,3,0,20250629,20250702
ORD-2025-11035,2025-06-29,2025-07-01,CUST-0192,PROD-0023,GEO-0002,709.65,3,0.05,334.78,2,0,20250629,20250701
ORD-2025-11096,2025-06-29,2025-07-01,CUST-0202,PROD-0049,GEO-0025,176.0,8,0.0,67.4,2,0,20250629,20250701
ORD-2025-11704,2025-06-29,2025-07-01,CUST-0320,PROD-0059,GEO-0004,66.0,6,0.0,16.97,2,0,20250629,20250701
ORD-2025-12170,2025-06-29,2025-07-04,CUST-0402,PROD-0005,GEO-0027,2850.0,3,0.0,1036.97,5,0,20250629,20250704
ORD-2025-13679,2025-06-29,2025-06-30,CUST-0683,PROD-0019,GEO-0004,329.0,1,0.0,142.43,1,0,20250629,20250630
ORD-2025-12066,2025-06-30,2025-07-03,CUST-0389,PROD-0052,GEO-0014,64.6,4,0.15,9.09,3,0,20250630,20250703
ORD-2025-12371,2025-06-30,2025-07-03,CUST-0434,PROD-0054,GEO-0006,807.3,3,0.1,368.31,3,0,20250630,20250703
ORD-2025-10646,2025-07-01,2025-07-03,CUST-0125,PROD-0007,GEO-0031,2997.0,3,0.0,1246.58,2,0,20250701,20250703
ORD-2025-11016,2025-07-01,2025-07-03,CUST-0190,PROD-0057,GEO-0024,90.0,2,0.0,44.78,2,0,20250701,20250703
ORD-2025-11710,2025-07-01,2025-07-06,CUST-0323,PROD-0050,GEO-0024,33.6,1,0.2,13.88,5,0,20250701,20250706
ORD-2025-12438,2025-07-01,2025-07-05,CUST-0450,PROD-0037,GEO-0011,630.0,3,0.0,342.17,4,0,20250701,20250705
ORD-2025-12537,2025-07-01,2025-07-06,CUST-0463,PROD-0007,GEO-0020,999.0,1,0.0,415.49,5,0,20250701,20250706
ORD-2025-13404,2025-07-01,2025-07-04,CUST-0626,PROD-0021,GEO-0018,1197.0,3,0.0,608.57,3,0,20250701,20250704
ORD-2025-14454,2025-07-01,2025-07-03,CUST-0848,PROD-0019,GEO-0001,937.65,3,0.05,384.91,2,0,20250701,20250703
ORD-2025-11226,2025-07-02,2025-07-04,CUST-0231,PROD-0058,GEO-0016,26.1,1,0.1,8.52,2,0,20250702,20250704
ORD-2025-11567,2025-07-02,2025-07-04,CUST-0301,PROD-0047,GEO-0016,21.6,1,0.1,6.9,2,0,20250702,20250704
ORD-2025-11967,2025-07-02,2025-07-04,CUST-0371,PROD-0059,GEO-0028,33.0,3,0.0,10.54,2,0,20250702,20250704
ORD-2025-13078,2025-07-02,2025-07-03,CUST-0567,PROD-0004,GEO-0021,2967.3,3,0.1,914.9,1,0,20250702,20250703
ORD-2025-11103,2025-07-03,2025-07-05,CUST-0204,PROD-0039,GEO-0028,256.0,8,0.0,126.09,2,0,20250703,20250705
ORD-2025-11594,2025-07-03,2025-07-05,CUST-0305,PROD-0049,GEO-0007,22.0,1,0.0,7.08,2,0,20250703,20250705
ORD-2025-13080,2025-07-03,2025-07-09,CUST-0567,PROD-0017,GEO-0021,1398.0,2,0.0,627.47,6,0,20250703,20250709
ORD-2025-13153,2025-07-03,2025-07-04,CUST-0585,PROD-0039,GEO-0023,57.6,3,0.4,0.86,1,0,20250703,20250704
ORD-2025-13395,2025-07-03,2025-07-08,CUST-0625,PROD-0029,GEO-0020,287.1,1,0.1,102.82,5,1,20250703,20250708
ORD-2025-11268,2025-07-04,2025-07-08,CUST-0238,PROD-0049,GEO-0031,18.7,1,0.15,6.95,4,0,20250704,20250708
ORD-2025-12525,2025-07-04,2025-07-06,CUST-0462,PROD-0019,GEO-0021,296.1,1,0.1,112.95,2,0,20250704,20250706
ORD-2025-13029,2025-07-04,2025-07-07,CUST-0557,PROD-0008,GEO-0024,1899.0,1,0.0,794.89,3,0,20250704,20250707
ORD-2025-10053,2025-07-05,2025-07-08,CUST-0010,PROD-0034,GEO-0030,123.5,2,0.05,62.11,3,1,20250705,20250708
ORD-2025-10236,2025-07-05,2025-07-06,CUST-0054,PROD-0055,GEO-0001,278.0,2,0.0,135.92,1,0,20250705,20250706
ORD-2025-10498,2025-07-05,2025-07-07,CUST-0097,PROD-0035,GEO-0002,150.0,2,0.0,81.54,2,1,20250705,20250707
ORD-2025-12403,2025-07-05,2025-07-07,CUST-0438,PROD-0025,GEO-0027,551.65,1,0.15,164.65,2,1,20250705,20250707
ORD-2025-12799,2025-07-05,2025-07-07,CUST-0513,PROD-0007,GEO-0032,2997.0,3,0.0,1238.08,2,0,20250705,20250707
ORD-2025-13141,2025-07-05,2025-07-08,CUST-0582,PROD-0001,GEO-0009,799.0,1,0.0,345.73,3,0,20250705,20250708
ORD-2025-14326,2025-07-05,2025-07-07,CUST-0821,PROD-0004,GEO-0017,2198.0,2,0.0,829.82,2,0,20250705,20250707
ORD-2025-10476,2025-07-06,2025-07-08,CUST-0094,PROD-0014,GEO-0001,745.0,5,0.0,446.44,2,0,20250706,20250708
ORD-2025-11223,2025-07-06,2025-07-08,CUST-0231,PROD-0028,GEO-0016,1598.0,2,0.0,684.89,2,1,20250706,20250708
ORD-2025-12091,2025-07-06,2025-07-08,CUST-0392,PROD-0033,GEO-0019,338.0,2,0.0,161.39,2,0,20250706,20250708
ORD-2025-12782,2025-07-06,2025-07-08,CUST-0511,PROD-0042,GEO-0031,98.0,2,0.0,49.2,2,0,20250706,20250708
ORD-2025-13114,2025-07-06,2025-07-09,CUST-0576,PROD-0022,GEO-0013,700.8,4,0.2,296.38,3,0,20250706,20250709
ORD-2025-10148,2025-07-07,2025-07-08,CUST-0033,PROD-0057,GEO-0026,90.0,2,0.0,42.72,1,0,20250707,20250708
ORD-2025-10808,2025-07-07,2025-07-14,CUST-0152,PROD-0047,GEO-0017,108.0,5,0.1,37.55,7,0,20250707,20250714
ORD-2025-11573,2025-07-07,2025-07-09,CUST-0301,PROD-0046,GEO-0016,68.0,2,0.0,32.55,2,0,20250707,20250709
ORD-2025-12078,2025-07-07,2025-07-11,CUST-0390,PROD-0027,GEO-0027,264.1,2,0.05,103.35,4,0,20250707,20250711
ORD-2025-10072,2025-07-08,2025-07-11,CUST-0016,PROD-0042,GEO-0002,68.6,2,0.3,24.32,3,0,20250708,20250711
ORD-2025-10329,2025-07-08,2025-07-10,CUST-0071,PROD-0009,GEO-0009,549.0,1,0.0,225.14,2,0,20250708,20250710
ORD-2025-10771,2025-07-08,2025-07-10,CUST-0147,PROD-0009,GEO-0028,1564.65,3,0.05,588.58,2,0,20250708,20250710
ORD-2025-12962,2025-07-08,2025-07-10,CUST-0544,PROD-0051,GEO-0021,32.4,2,0.1,7.79,2,0,20250708,20250710
ORD-2025-13552,2025-07-08,2025-07-11,CUST-0653,PROD-0052,GEO-0026,90.25,5,0.05,31.77,3,0,20250708,20250711
ORD-2025-14132,2025-07-08,2025-07-12,CUST-0772,PROD-0052,GEO-0032,38.0,2,0.0,15.86,4,0,20250708,20250712
ORD-2025-10204,2025-07-09,2025-07-10,CUST-0046,PROD-0029,GEO-0026,255.2,1,0.2,71.19,1,0,20250709,20250710
ORD-2025-10306,2025-07-09,2025-07-12,CUST-0068,PROD-0053,GEO-0003,34.2,3,0.05,1.95,3,0,20250709,20250712
ORD-2025-11842,2025-07-09,2025-07-10,CUST-0345,PROD-0053,GEO-0030,21.6,2,0.1,0.46,1,0,20250709,20250710
ORD-2025-13243,2025-07-09,2025-07-11,CUST-0597,PROD-0025,GEO-0008,1038.4,2,0.2,269.08,2,0,20250709,20250711
ORD-2025-10597,2025-07-10,2025-07-17,CUST-0117,PROD-0012,GEO-0012,177.0,3,0.0,108.07,7,0,20250710,20250717
ORD-2025-12687,2025-07-10,2025-07-16,CUST-0491,PROD-0056,GEO-0013,217.55,1,0.05,102.25,6,0,20250710,20250716
ORD-2025-12804,2025-07-10,2025-07-11,CUST-0513,PROD-0044,GEO-0032,63.2,1,0.2,26.32,1,0,20250710,20250711
ORD-2025-12958,2025-07-10,2025-07-14,CUST-0543,PROD-0025,GEO-0017,649.0,1,0.0,264.59,4,0,20250710,20250714
ORD-2025-13084,2025-07-10,2025-07-13,CUST-0568,PROD-0060,GEO-0013,14.0,1,0.0,5.56,3,0,20250710,20250713
ORD-2025-13210,2025-07-10,2025-07-12,CUST-0595,PROD-0056,GEO-0013,229.0,1,0.0,113.33,2,0,20250710,20250712
ORD-2025-13633,2025-07-10,2025-07-14,CUST-0671,PROD-0012,GEO-0028,56.05,1,0.05,31.05,4,0,20250710,20250714
ORD-2025-14027,2025-07-10,2025-07-13,CUST-0754,PROD-0034,GEO-0008,117.0,2,0.1,54.22,3,0,20250710,20250713
ORD-2025-14047,2025-07-10,2025-07-12,CUST-0758,PROD-0052,GEO-0030,80.75,5,0.15,14.3,2,0,20250710,20250712
ORD-2025-10657,2025-07-11,2025-07-14,CUST-0126,PROD-0019,GEO-0014,592.2,2,0.1,222.71,3,1,20250711,20250714
ORD-2025-12787,2025-07-11,2025-07-14,CUST-0511,PROD-0004,GEO-0031,4396.0,4,0.0,1652.74,3,0,20250711,20250714
ORD-2025-13048,2025-07-11,2025-07-13,CUST-0563,PROD-0037,GEO-0012,504.0,3,0.2,222.5,2,0,20250711,20250713
ORD-2025-13212,2025-07-11,2025-07-18,CUST-0595,PROD-0004,GEO-0013,824.25,1,0.25,139.82,7,0,20250711,20250718
ORD-2025-13219,2025-07-11,2025-07-14,CUST-0595,PROD-0033,GEO-0013,169.0,1,0.0,80.97,3,0,20250711,20250714
ORD-2025-13290,2025-07-11,2025-07-12,CUST-0608,PROD-0050,GEO-0029,42.0,1,0.0,21.36,1,0,20250711,20250712
ORD-2025-14170,2025-07-11,2025-07-12,CUST-0781,PROD-0047,GEO-0006,24.0,1,0.0,8.77,1,0,20250711,20250712
ORD-2025-10110,2025-07-12,2025-07-17,CUST-0026,PROD-0001,GEO-0024,799.0,1,0.0,342.58,5,0,20250712,20250717
ORD-2025-12620,2025-07-12,2025-07-17,CUST-0478,PROD-0048,GEO-0006,25.2,1,0.1,10.25,5,0,20250712,20250717
ORD-2025-13309,2025-07-12,2025-07-16,CUST-0611,PROD-0060,GEO-0007,22.4,2,0.2,5.11,4,0,20250712,20250716
ORD-2025-14333,2025-07-12,2025-07-19,CUST-0823,PROD-0050,GEO-0011,79.8,2,0.05,40.35,7,0,20250712,20250719
ORD-2025-14478,2025-07-12,2025-07-14,CUST-0850,PROD-0041,GEO-0016,37.05,1,0.05,17.02,2,1,20250712,20250714
ORD-2025-11424,2025-07-13,2025-07-14,CUST-0270,PROD-0012,GEO-0023,59.0,1,0.0,35.84,1,0,20250713,20250714
ORD-2025-13161,2025-07-13,2025-07-17,CUST-0585,PROD-0018,GEO-0023,378.1,2,0.05,146.49,4,0,20250713,20250717
ORD-2025-13301,2025-07-13,2025-07-14,CUST-0609,PROD-0008,GEO-0014,1709.1,1,0.1,606.0,1,0,20250713,20250714
ORD-2025-14375,2025-07-13,2025-07-14,CUST-0833,PROD-0008,GEO-0019,1899.0,1,0.0,792.77,1,0,20250713,20250714
ORD-2025-11754,2025-07-14,2025-07-16,CUST-0330,PROD-0060,GEO-0018,47.6,4,0.15,11.39,2,0,20250714,20250716
ORD-2025-11843,2025-07-14,2025-07-16,CUST-0345,PROD-0055,GEO-0030,139.0,1,0.0,70.91,2,0,20250714,20250716
ORD-2025-11890,2025-07-14,2025-07-16,CUST-0354,PROD-0026,GEO-0005,449.1,1,0.1,162.3,2,0,20250714,20250716
ORD-2025-12275,2025-07-14,2025-07-17,CUST-0418,PROD-0053,GEO-0012,12.0,1,0.0,1.42,3,0,20250714,20250717
ORD-2025-14081,2025-07-14,2025-07-16,CUST-0762,PROD-0003,GEO-0026,798.0,2,0.0,349.88,2,0,20250714,20250716
ORD-2025-10454,2025-07-15,2025-07-18,CUST-0089,PROD-0009,GEO-0024,521.55,1,0.05,196.55,3,0,20250715,20250718
ORD-2025-10762,2025-07-15,2025-07-17,CUST-0146,PROD-0047,GEO-0006,20.4,1,0.15,5.21,2,0,20250715,20250717
ORD-2025-12428,2025-07-15,2025-07-16,CUST-0446,PROD-0010,GEO-0006,1449.0,1,0.0,593.28,1,0,20250715,20250716
ORD-2025-13344,2025-07-15,2025-07-20,CUST-0617,PROD-0018,GEO-0020,169.15,1,0.15,55.17,5,0,20250715,20250720
ORD-2025-13676,2025-07-15,2025-07-18,CUST-0683,PROD-0002,GEO-0004,1798.0,2,0.0,747.62,3,0,20250715,20250718
ORD-2025-14078,2025-07-15,2025-07-16,CUST-0761,PROD-0050,GEO-0018,168.0,4,0.0,79.32,1,0,20250715,20250716
ORD-2025-14227,2025-07-15,2025-07-16,CUST-0796,PROD-0051,GEO-0016,16.2,1,0.1,5.13,1,0,20250715,20250716
ORD-2025-14270,2025-07-15,2025-07-20,CUST-0809,PROD-0049,GEO-0012,22.0,1,0.0,10.52,5,0,20250715,20250720
ORD-2025-10060,2025-07-16,2025-07-21,CUST-0011,PROD-0031,GEO-0002,99.0,1,0.0,48.71,5,0,20250716,20250721
ORD-2025-10389,2025-07-16,2025-07-18,CUST-0081,PROD-0019,GEO-0002,329.0,1,0.0,144.51,2,0,20250716,20250718
ORD-2025-10568,2025-07-16,2025-07-21,CUST-0110,PROD-0024,GEO-0015,299.0,1,0.0,153.32,5,0,20250716,20250721
ORD-2025-11407,2025-07-16,2025-07-19,CUST-0267,PROD-0039,GEO-0021,32.0,1,0.0,16.52,3,0,20250716,20250719
ORD-2025-11560,2025-07-16,2025-07-20,CUST-0300,PROD-0006,GEO-0024,1299.0,1,0.0,545.13,4,0,20250716,20250720
ORD-2025-12145,2025-07-16,2025-07-18,CUST-0400,PROD-0043,GEO-0017,56.05,1,0.05,27.05,2,0,20250716,20250718
ORD-2025-12790,2025-07-16,2025-07-18,CUST-0511,PROD-0036,GEO-0031,98.0,2,0.0,48.04,2,0,20250716,20250718
ORD-2025-12999,2025-07-16,2025-07-18,CUST-0552,PROD-0038,GEO-0024,264.6,2,0.3,65.94,2,0,20250716,20250718
ORD-2025-13186,2025-07-16,2025-07-18,CUST-0590,PROD-0024,GEO-0023,568.1,2,0.05,276.25,2,0,20250716,20250718
ORD-2025-14267,2025-07-16,2025-07-17,CUST-0809,PROD-0014,GEO-0012,894.0,6,0.0,539.69,1,0,20250716,20250717
ORD-2025-11021,2025-07-17,2025-07-19,CUST-0191,PROD-0037,GEO-0001,420.0,2,0.0,228.03,2,0,20250717,20250719
ORD-2025-12586,2025-07-17,2025-07-18,CUST-0471,PROD-0012,GEO-0021,56.05,1,0.05,31.25,1,0,20250717,20250718
ORD-2025-13075,2025-07-17,2025-07-20,CUST-0567,PROD-0056,GEO-0021,435.1,2,0.05,205.64,3,0,20250717,20250720
ORD-2025-13653,2025-07-17,2025-07-19,CUST-0676,PROD-0047,GEO-0004,43.2,2,0.1,13.97,2,0,20250717,20250719
ORD-2025-10963,2025-07-18,2025-07-22,CUST-0177,PROD-0014,GEO-0007,268.2,2,0.1,147.01,4,1,20250718,20250722
ORD-2025-14001,2025-07-18,2025-07-19,CUST-0749,PROD-0011,GEO-0004,109.65,1,0.15,60.33,1,0,20250718,20250719
ORD-2025-14021,2025-07-18,2025-07-19,CUST-0753,PROD-0018,GEO-0008,199.0,1,0.0,82.54,1,0,20250718,20250719
ORD-2025-10420,2025-07-19,2025-07-23,CUST-0086,PROD-0057,GEO-0022,135.0,3,0.0,60.98,4,0,20250719,20250723
ORD-2025-10993,2025-07-19,2025-07-21,CUST-0185,PROD-0032,GEO-0023,271.15,1,0.15,105.71,2,1,20250719,20250721
ORD-2025-11479,2025-07-19,2025-07-20,CUST-0281,PROD-0059,GEO-0001,9.35,1,0.15,-0.04,1,0,20250719,20250720
ORD-2025-12648,2025-07-19,2025-07-21,CUST-0483,PROD-0019,GEO-0027,658.0,2,0.0,288.31,2,0,20250719,20250721
ORD-2025-12982,2025-07-19,2025-07-21,CUST-0549,PROD-0059,GEO-0002,22.0,2,0.0,5.64,2,0,20250719,20250721
ORD-2025-13094,2025-07-19,2025-07-21,CUST-0570,PROD-0014,GEO-0010,424.65,3,0.05,239.86,2,1,20250719,20250721
ORD-2025-14364,2025-07-19,2025-07-23,CUST-0830,PROD-0004,GEO-0002,3132.15,3,0.05,1082.77,4,0,20250719,20250723
ORD-2025-11186,2025-07-20,2025-07-27,CUST-0226,PROD-0010,GEO-0001,1449.0,1,0.0,593.95,7,0,20250720,20250727
ORD-2025-11393,2025-07-20,2025-07-22,CUST-0263,PROD-0010,GEO-0025,1449.0,1,0.0,594.56,2,0,20250720,20250722
ORD-2025-12336,2025-07-20,2025-07-22,CUST-0426,PROD-0031,GEO-0007,94.05,1,0.05,44.54,2,0,20250720,20250722
ORD-2025-12861,2025-07-20,2025-07-23,CUST-0519,PROD-0006,GEO-0019,1299.0,1,0.0,544.54,3,0,20250720,20250723
ORD-2025-14289,2025-07-20,2025-07-27,CUST-0815,PROD-0018,GEO-0021,597.0,3,0.0,256.2,7,0,20250720,20250727
ORD-2025-10003,2025-07-21,2025-07-25,CUST-0001,PROD-0052,GEO-0023,34.2,2,0.1,13.82,4,0,20250721,20250725
ORD-2025-10879,2025-07-21,2025-07-24,CUST-0162,PROD-0005,GEO-0010,950.0,1,0.0,344.29,3,0,20250721,20250724
ORD-2025-11250,2025-07-21,2025-07-23,CUST-0234,PROD-0054,GEO-0030,254.15,1,0.15,110.27,2,0,20250721,20250723
ORD-2025-11525,2025-07-21,2025-07-25,CUST-0291,PROD-0059,GEO-0027,10.45,1,0.05,2.86,4,0,20250721,20250725
ORD-2025-13900,2025-07-21,2025-07-23,CUST-0732,PROD-0054,GEO-0016,299.0,1,0.0,152.03,2,0,20250721,20250723
ORD-2025-10279,2025-07-22,2025-07-25,CUST-0064,PROD-0018,GEO-0027,995.0,5,0.0,426.79,3,0,20250722,20250725
ORD-2025-10876,2025-07-22,2025-07-25,CUST-0162,PROD-0016,GEO-0010,1444.15,1,0.15,537.46,3,0,20250722,20250725
ORD-2025-11137,2025-07-22,2025-07-25,CUST-0210,PROD-0025,GEO-0027,649.0,1,0.0,262.61,3,1,20250722,20250725
ORD-2025-12920,2025-07-22,2025-07-27,CUST-0532,PROD-0027,GEO-0026,528.2,4,0.05,206.0,5,0,20250722,20250727
ORD-2025-11231,2025-07-23,2025-07-25,CUST-0232,PROD-0025,GEO-0023,1298.0,2,0.0,530.04,2,0,20250723,20250725
ORD-2025-11738,2025-07-23,2025-07-24,CUST-0328,PROD-0056,GEO-0021,229.0,1,0.0,115.17,1,0,20250723,20250724
ORD-2025-11887,2025-07-23,2025-07-29,CUST-0354,PROD-0026,GEO-0005,449.1,1,0.1,164.86,6,0,20250723,20250729
ORD-2025-13327,2025-07-23,2025-07-25,CUST-0616,PROD-0002,GEO-0018,899.0,1,0.0,373.81,2,0,20250723,20250725
ORD-2025-13655,2025-07-23,2025-07-27,CUST-0676,PROD-0056,GEO-0004,217.55,1,0.05,102.75,4,0,20250723,20250727
ORD-2025-13834,2025-07-23,2025-07-28,CUST-0711,PROD-0022,GEO-0012,219.0,1,0.0,117.94,5,0,20250723,20250728
ORD-2025-14449,2025-07-23,2025-07-30,CUST-0847,PROD-0053,GEO-0026,11.4,1,0.05,1.79,7,0,20250723,20250730
ORD-2025-10469,2025-07-24,2025-07-27,CUST-0092,PROD-0016,GEO-0032,5097.0,3,0.0,2382.35,3,0,20250724,20250727
ORD-2025-11026,2025-07-24,2025-07-27,CUST-0191,PROD-0019,GEO-0001,296.1,1,0.1,112.46,3,0,20250724,20250727
ORD-2025-11277,2025-07-24,2025-07-30,CUST-0240,PROD-0025,GEO-0029,324.5,1,0.5,-61.93,6,0,20250724,20250730
ORD-2025-12359,2025-07-24,2025-07-28,CUST-0431,PROD-0055,GEO-0013,132.05,1,0.05,62.45,4,0,20250724,20250728
ORD-2025-13299,2025-07-24,2025-07-26,CUST-0609,PROD-0048,GEO-0014,56.0,2,0.0,25.08,2,0,20250724,20250726
ORD-2025-13989,2025-07-24,2025-07-28,CUST-0749,PROD-0044,GEO-0004,158.0,2,0.0,83.14,4,0,20250724,20250728
ORD-2025-11122,2025-07-25,2025-07-28,CUST-0207,PROD-0021,GEO-0008,1356.6,4,0.15,577.08,3,0,20250725,20250728
ORD-2025-11846,2025-07-25,2025-07-26,CUST-0345,PROD-0001,GEO-0030,719.1,1,0.1,262.58,1,0,20250725,20250726
ORD-2025-12823,2025-07-25,2025-08-01,CUST-0516,PROD-0034,GEO-0012,123.5,2,0.05,65.15,7,0,20250725,20250801
ORD-2025-13933,2025-07-25,2025-07-26,CUST-0737,PROD-0007,GEO-0025,1998.0,2,0.0,828.41,1,0,20250725,20250726
ORD-2025-14056,2025-07-25,2025-07-30,CUST-0758,PROD-0033,GEO-0030,456.3,3,0.1,190.14,5,0,20250725,20250730
ORD-2025-14182,2025-07-25,2025-07-27,CUST-0785,PROD-0040,GEO-0024,82.8,3,0.6,-15.52,2,0,20250725,20250727
ORD-2025-10507,2025-07-26,2025-07-31,CUST-0098,PROD-0026,GEO-0017,898.2,3,0.4,47.53,5,0,20250726,20250731
ORD-2025-10651,2025-07-26,2025-07-28,CUST-0126,PROD-0058,GEO-0014,29.0,1,0.0,10.62,2,1,20250726,20250728
ORD-2025-11724,2025-07-26,2025-07-30,CUST-0325,PROD-0031,GEO-0008,198.0,2,0.0,99.72,4,0,20250726,20250730
ORD-2025-10488,2025-07-27,2025-07-30,CUST-0095,PROD-0016,GEO-0017,1614.05,1,0.05,709.84,3,0,20250727,20250730
ORD-2025-12070,2025-07-27,2025-07-29,CUST-0389,PROD-0016,GEO-0014,3398.0,2,0.0,1584.23,2,0,20250727,20250729
ORD-2025-12248,2025-07-27,2025-08-01,CUST-0416,PROD-0034,GEO-0013,325.0,5,0.0,176.05,5,0,20250727,20250801
ORD-2025-10450,2025-07-28,2025-07-30,CUST-0088,PROD-0022,GEO-0006,197.1,1,0.1,96.03,2,0,20250728,20250730
ORD-2025-11315,2025-07-28,2025-07-29,CUST-0246,PROD-0060,GEO-0005,12.6,1,0.1,3.92,1,0,20250728,20250729
ORD-2025-12115,2025-07-28,2025-07-30,CUST-0395,PROD-0009,GEO-0006,549.0,1,0.0,223.66,2,0,20250728,20250730
ORD-2025-10301,2025-07-29,2025-08-02,CUST-0066,PROD-0043,GEO-0016,56.05,1,0.05,27.6,4,0,20250729,20250802
ORD-2025-14303,2025-07-29,2025-08-01,CUST-0816,PROD-0053,GEO-0001,24.0,2,0.0,4.15,3,0,20250729,20250801
ORD-2025-11160,2025-07-30,2025-08-06,CUST-0217,PROD-0010,GEO-0030,4129.65,3,0.05,1569.93,7,0,20250730,20250806
ORD-2025-11821,2025-07-30,2025-08-01,CUST-0342,PROD-0036,GEO-0011,49.0,1,0.0,25.0,2,0,20250730,20250801
ORD-2025-11961,2025-07-30,2025-07-31,CUST-0370,PROD-0056,GEO-0004,652.65,3,0.05,307.67,1,0,20250730,20250731
ORD-2025-12244,2025-07-30,2025-08-04,CUST-0416,PROD-0014,GEO-0013,707.75,5,0.05,406.21,5,0,20250730,20250804
ORD-2025-12443,2025-07-30,2025-07-31,CUST-0451,PROD-0040,GEO-0012,65.55,1,0.05,34.02,1,0,20250730,20250731
ORD-2025-12570,2025-07-30,2025-08-02,CUST-0468,PROD-0023,GEO-0002,236.55,1,0.05,111.5,3,0,20250730,20250802
ORD-2025-13502,2025-07-30,2025-08-02,CUST-0643,PROD-0055,GEO-0027,1390.0,10,0.0,703.52,3,0,20250730,20250802
ORD-2025-14087,2025-07-30,2025-08-01,CUST-0763,PROD-0057,GEO-0003,171.0,4,0.05,86.63,2,0,20250730,20250801
ORD-2025-14235,2025-07-30,2025-08-04,CUST-0797,PROD-0042,GEO-0016,49.0,1,0.0,25.45,5,0,20250730,20250804
ORD-2025-11384,2025-07-31,2025-08-02,CUST-0261,PROD-0014,GEO-0016,298.0,2,0.0,177.13,2,0,20250731,20250802
ORD-2025-12040,2025-07-31,2025-08-03,CUST-0384,PROD-0014,GEO-0001,1132.4,8,0.05,650.14,3,0,20250731,20250803
ORD-2025-12876,2025-07-31,2025-08-03,CUST-0521,PROD-0005,GEO-0001,1805.0,2,0.05,596.58,3,0,20250731,20250803
ORD-2025-14041,2025-07-31,2025-08-03,CUST-0757,PROD-0056,GEO-0012,458.0,2,0.0,229.14,3,0,20250731,20250803
ORD-2025-11513,2025-08-01,2025-08-02,CUST-0289,PROD-0004,GEO-0010,1099.0,1,0.0,412.73,1,0,20250801,20250802
ORD-2025-12597,2025-08-01,2025-08-04,CUST-0472,PROD-0050,GEO-0017,37.8,1,0.1,15.07,3,0,20250801,20250804
ORD-2025-13759,2025-08-01,2025-08-02,CUST-0697,PROD-0042,GEO-0020,49.0,1,0.0,25.16,1,0,20250801,20250802
ORD-2025-11200,2025-08-02,2025-08-06,CUST-0227,PROD-0050,GEO-0015,79.8,2,0.05,37.95,4,0,20250802,20250806
ORD-2025-11309,2025-08-02,2025-08-05,CUST-0245,PROD-0018,GEO-0016,189.05,1,0.05,75.76,3,0,20250802,20250805
ORD-2025-11632,2025-08-02,2025-08-04,CUST-0311,PROD-0014,GEO-0005,298.0,2,0.0,180.14,2,0,20250802,20250804
ORD-2025-12416,2025-08-02,2025-08-04,CUST-0443,PROD-0054,GEO-0030,299.0,1,0.0,154.7,2,0,20250802,20250804
ORD-2025-12603,2025-08-02,2025-08-04,CUST-0473,PROD-0010,GEO-0029,8694.0,6,0.0,3575.91,2,0,20250802,20250804
ORD-2025-13218,2025-08-02,2025-08-03,CUST-0595,PROD-0038,GEO-0013,642.6,4,0.15,248.96,1,0,20250802,20250803
ORD-2025-13555,2025-08-02,2025-08-04,CUST-0653,PROD-0045,GEO-0026,99.0,1,0.1,48.36,2,0,20250802,20250804
ORD-2025-13628,2025-08-02,2025-08-04,CUST-0671,PROD-0017,GEO-0028,2097.0,3,0.0,947.08,2,0,20250802,20250804
ORD-2025-10016,2025-08-03,2025-08-06,CUST-0003,PROD-0028,GEO-0031,759.05,1,0.05,305.58,3,1,20250803,20250806
ORD-2025-10608,2025-08-03,2025-08-09,CUST-0120,PROD-0048,GEO-0024,26.6,1,0.05,11.72,6,0,20250803,20250809
ORD-2025-10778,2025-08-03,2025-08-05,CUST-0148,PROD-0032,GEO-0019,957.0,3,0.0,465.56,2,0,20250803,20250805
ORD-2025-11648,2025-08-03,2025-08-06,CUST-0315,PROD-0041,GEO-0014,35.1,1,0.1,13.38,3,0,20250803,20250806
ORD-2025-11922,2025-08-03,2025-08-06,CUST-0361,PROD-0047,GEO-0010,72.0,3,0.0,35.85,3,0,20250803,20250806
ORD-2025-12119,2025-08-03,2025-08-06,CUST-0396,PROD-0037,GEO-0010,199.5,1,0.05,105.54,3,0,20250803,20250806
ORD-2025-10324,2025-08-04,2025-08-09,CUST-0071,PROD-0009,GEO-0009,521.55,1,0.05,195.24,5,0,20250804,20250809
ORD-2025-10519,2025-08-04,2025-08-06,CUST-0101,PROD-0035,GEO-0015,300.0,4,0.0,154.94,2,0,20250804,20250806
ORD-2025-11166,2025-08-04,2025-08-11,CUST-0219,PROD-0060,GEO-0030,28.0,2,0.0,6.64,7,0,20250804,20250811
ORD-2025-12776,2025-08-04,2025-08-07,CUST-0508,PROD-0045,GEO-0005,330.0,3,0.0,179.21,3,0,20250804,20250807
ORD-2025-13223,2025-08-04,2025-08-05,CUST-0596,PROD-0035,GEO-0015,75.0,1,0.0,38.8,1,0,20250804,20250805
ORD-2025-11089,2025-08-05,2025-08-08,CUST-0201,PROD-0023,GEO-0016,236.55,1,0.05,112.06,3,0,20250805,20250808
ORD-2025-11452,2025-08-05,2025-08-07,CUST-0276,PROD-0045,GEO-0022,110.0,1,0.0,59.47,2,0,20250805,20250807
ORD-2025-11578,2025-08-05,2025-08-07,CUST-0303,PROD-0042,GEO-0027,249.9,6,0.15,101.49,2,0,20250805,20250807
ORD-2025-13674,2025-08-05,2025-08-07,CUST-0682,PROD-0001,GEO-0028,599.25,1,0.25,142.72,2,0,20250805,20250807
ORD-2025-13866,2025-08-05,2025-08-09,CUST-0723,PROD-0058,GEO-0007,55.1,2,0.05,19.37,4,0,20250805,20250809
ORD-2025-10349,2025-08-06,2025-08-08,CUST-0073,PROD-0024,GEO-0029,598.0,2,0.0,308.59,2,0,20250806,20250808
ORD-2025-10409,2025-08-06,2025-08-12,CUST-0083,PROD-0021,GEO-0012,1117.2,4,0.3,335.04,6,0,20250806,20250812
ORD-2025-12407,2025-08-06,2025-08-11,CUST-0440,PROD-0048,GEO-0014,56.0,2,0.0,23.1,5,0,20250806,20250811
ORD-2025-12984,2025-08-06,2025-08-11,CUST-0550,PROD-0027,GEO-0029,278.0,2,0.0,118.54,5,0,20250806,20250811
ORD-2025-14411,2025-08-06,2025-08-08,CUST-0840,PROD-0012,GEO-0009,118.0,2,0.0,71.71,2,0,20250806,20250808
ORD-2025-10299,2025-08-07,2025-08-09,CUST-0065,PROD-0056,GEO-0027,217.55,1,0.05,102.87,2,0,20250807,20250809
ORD-2025-11128,2025-08-07,2025-08-09,CUST-0208,PROD-0017,GEO-0014,1398.0,2,0.0,624.27,2,0,20250807,20250809
ORD-2025-13011,2025-08-07,2025-08-09,CUST-0555,PROD-0005,GEO-0022,1900.0,2,0.0,686.35,2,0,20250807,20250809
ORD-2025-13414,2025-08-07,2025-08-10,CUST-0627,PROD-0015,GEO-0022,84.55,1,0.05,46.53,3,0,20250807,20250810
ORD-2025-13417,2025-08-07,2025-08-11,CUST-0627,PROD-0010,GEO-0022,1231.65,1,0.15,378.08,4,0,20250807,20250811
ORD-2025-13527,2025-08-07,2025-08-09,CUST-0649,PROD-0057,GEO-0027,45.0,1,0.0,21.65,2,0,20250807,20250809
ORD-2025-10471,2025-08-08,2025-08-10,CUST-0093,PROD-0012,GEO-0008,59.0,1,0.0,35.3,2,0,20250808,20250810
ORD-2025-11490,2025-08-08,2025-08-13,CUST-0283,PROD-0009,GEO-0012,521.55,1,0.05,194.6,5,0,20250808,20250813
ORD-2025-12854,2025-08-08,2025-08-10,CUST-0518,PROD-0002,GEO-0032,1708.1,2,0.05,660.45,2,0,20250808,20250810
ORD-2025-11138,2025-08-09,2025-08-12,CUST-0210,PROD-0025,GEO-0027,2076.8,4,0.2,544.43,3,0,20250809,20250812
ORD-2025-11262,2025-08-09,2025-08-10,CUST-0236,PROD-0052,GEO-0031,19.0,1,0.0,7.43,1,0,20250809,20250810
ORD-2025-11461,2025-08-09,2025-08-16,CUST-0276,PROD-0033,GEO-0022,169.0,1,0.0,78.31,7,0,20250809,20250816
ORD-2025-12644,2025-08-09,2025-08-11,CUST-0483,PROD-0036,GEO-0027,98.0,2,0.0,48.17,2,0,20250809,20250811
ORD-2025-13887,2025-08-09,2025-08-12,CUST-0727,PROD-0056,GEO-0029,366.4,2,0.2,133.62,3,0,20250809,20250812
ORD-2025-10957,2025-08-10,2025-08-12,CUST-0176,PROD-0038,GEO-0019,179.55,1,0.05,77.56,2,0,20250810,20250812
ORD-2025-14082,2025-08-10,2025-08-14,CUST-0762,PROD-0057,GEO-0026,135.0,3,0.0,65.63,4,0,20250810,20250814
ORD-2025-14109,2025-08-10,2025-08-12,CUST-0767,PROD-0044,GEO-0003,316.0,4,0.0,170.88,2,0,20250810,20250812
ORD-2025-14180,2025-08-10,2025-08-16,CUST-0785,PROD-0040,GEO-0024,34.5,1,0.5,2.12,6,0,20250810,20250816
ORD-2025-10649,2025-08-11,2025-08-14,CUST-0125,PROD-0015,GEO-0031,89.0,1,0.0,50.02,3,0,20250811,20250814
ORD-2025-11077,2025-08-11,2025-08-14,CUST-0199,PROD-0048,GEO-0013,25.2,1,0.1,10.34,3,0,20250811,20250814
ORD-2025-12010,2025-08-11,2025-08-13,CUST-0381,PROD-0041,GEO-0027,78.0,2,0.0,39.45,2,0,20250811,20250813
ORD-2025-12677,2025-08-11,2025-08-13,CUST-0489,PROD-0053,GEO-0024,22.8,2,0.05,8.25,2,0,20250811,20250813
ORD-2025-12957,2025-08-11,2025-08-14,CUST-0543,PROD-0047,GEO-0017,38.4,2,0.2,14.39,3,0,20250811,20250814
ORD-2025-13450,2025-08-11,2025-08-13,CUST-0638,PROD-0026,GEO-0005,499.0,1,0.0,214.12,2,0,20250811,20250813
ORD-2025-10106,2025-08-12,2025-08-14,CUST-0024,PROD-0034,GEO-0015,123.5,2,0.05,59.92,2,0,20250812,20250814
ORD-2025-11426,2025-08-12,2025-08-15,CUST-0270,PROD-0006,GEO-0023,6495.0,5,0.0,2720.01,3,0,20250812,20250815
ORD-2025-12589,2025-08-12,2025-08-16,CUST-0471,PROD-0011,GEO-0021,516.0,4,0.0,320.75,4,0,20250812,20250816
ORD-2025-13675,2025-08-12,2025-08-14,CUST-0682,PROD-0048,GEO-0028,140.0,5,0.0,52.53,2,0,20250812,20250814
ORD-2025-13785,2025-08-12,2025-08-16,CUST-0704,PROD-0033,GEO-0005,405.6,3,0.2,137.44,4,0,20250812,20250816
ORD-2025-13822,2025-08-12,2025-08-15,CUST-0710,PROD-0048,GEO-0003,28.0,1,0.0,11.08,3,0,20250812,20250815
ORD-2025-10114,2025-08-13,2025-08-14,CUST-0027,PROD-0050,GEO-0008,35.7,1,0.15,14.96,1,0,20250813,20250814
ORD-2025-11167,2025-08-13,2025-08-16,CUST-0220,PROD-0054,GEO-0003,852.15,3,0.05,419.8,3,0,20250813,20250816
ORD-2025-11334,2025-08-13,2025-08-16,CUST-0252,PROD-0018,GEO-0022,199.0,1,0.0,83.54,3,0,20250813,20250816
ORD-2025-11495,2025-08-13,2025-08-14,CUST-0286,PROD-0046,GEO-0004,108.8,4,0.2,36.57,1,0,20250813,20250814
ORD-2025-11888,2025-08-13,2025-08-14,CUST-0354,PROD-0012,GEO-0005,106.2,2,0.1,59.07,1,0,20250813,20250814
ORD-2025-10763,2025-08-14,2025-08-16,CUST-0146,PROD-0018,GEO-0006,189.05,1,0.05,72.41,2,0,20250814,20250816
ORD-2025-12239,2025-08-14,2025-08-18,CUST-0413,PROD-0011,GEO-0004,612.75,5,0.05,360.64,4,0,20250814,20250818
ORD-2025-12762,2025-08-14,2025-08-16,CUST-0504,PROD-0020,GEO-0005,3490.0,10,0.0,1847.74,2,0,20250814,20250816
ORD-2025-12837,2025-08-14,2025-08-17,CUST-0517,PROD-0011,GEO-0010,1161.0,10,0.1,641.39,3,0,20250814,20250817
ORD-2025-13925,2025-08-14,2025-08-16,CUST-0735,PROD-0051,GEO-0012,18.0,1,0.0,6.66,2,0,20250814,20250816
ORD-2025-10115,2025-08-15,2025-08-18,CUST-0027,PROD-0021,GEO-0008,798.0,2,0.0,407.98,3,0,20250815,20250818
ORD-2025-10245,2025-08-15,2025-08-17,CUST-0056,PROD-0035,GEO-0020,71.25,1,0.05,34.49,2,0,20250815,20250817
ORD-2025-11071,2025-08-15,2025-08-16,CUST-0198,PROD-0049,GEO-0024,22.0,1,0.0,7.52,1,0,20250815,20250816
ORD-2025-11657,2025-08-15,2025-08-17,CUST-0316,PROD-0052,GEO-0011,16.15,1,0.15,3.69,2,0,20250815,20250817
ORD-2025-12963,2025-08-15,2025-08-18,CUST-0544,PROD-0018,GEO-0021,378.1,2,0.05,151.58,3,0,20250815,20250818
ORD-2025-13512,2025-08-15,2025-08-17,CUST-0646,PROD-0036,GEO-0006,88.2,2,0.1,36.73,2,0,20250815,20250817
ORD-2025-14097,2025-08-15,2025-08-16,CUST-0764,PROD-0023,GEO-0006,498.0,2,0.0,246.81,1,0,20250815,20250816
ORD-2025-10201,2025-08-16,2025-08-18,CUST-0046,PROD-0034,GEO-0026,130.0,2,0.0,66.66,2,0,20250816,20250818
ORD-2025-10458,2025-08-16,2025-08-19,CUST-0089,PROD-0012,GEO-0024,56.05,1,0.05,33.1,3,0,20250816,20250819
ORD-2025-11770,2025-08-16,2025-08-19,CUST-0334,PROD-0011,GEO-0032,109.65,1,0.15,58.53,3,0,20250816,20250819
ORD-2025-12031,2025-08-16,2025-08-19,CUST-0383,PROD-0039,GEO-0015,64.0,2,0.0,26.32,3,0,20250816,20250819
ORD-2025-12291,2025-08-16,2025-08-18,CUST-0421,PROD-0058,GEO-0023,27.55,1,0.05,9.31,2,0,20250816,20250818
ORD-2025-13448,2025-08-16,2025-08-20,CUST-0637,PROD-0036,GEO-0017,196.0,4,0.0,98.22,4,0,20250816,20250820
ORD-2025-12112,2025-08-17,2025-08-20,CUST-0394,PROD-0007,GEO-0030,1998.0,2,0.0,831.42,3,0,20250817,20250820
ORD-2025-12398,2025-08-17,2025-08-22,CUST-0437,PROD-0006,GEO-0032,1234.05,1,0.05,479.35,5,0,20250817,20250822
ORD-2025-13392,2025-08-17,2025-08-18,CUST-0625,PROD-0001,GEO-0020,2157.3,3,0.1,796.02,1,0,20250817,20250818
ORD-2025-13951,2025-08-17,2025-08-19,CUST-0742,PROD-0046,GEO-0011,20.4,1,0.4,0.61,2,0,20250817,20250819
ORD-2025-10171,2025-08-18,2025-08-19,CUST-0035,PROD-0018,GEO-0006,159.2,1,0.2,43.96,1,0,20250818,20250819
ORD-2025-11494,2025-08-18,2025-08-19,CUST-0286,PROD-0018,GEO-0004,199.0,1,0.0,82.23,1,0,20250818,20250819
ORD-2025-12575,2025-08-18,2025-08-21,CUST-0468,PROD-0037,GEO-0002,357.0,2,0.15,169.85,3,0,20250818,20250821
ORD-2025-12719,2025-08-18,2025-08-19,CUST-0497,PROD-0012,GEO-0025,188.8,4,0.2,98.48,1,0,20250818,20250819
ORD-2025-14002,2025-08-18,2025-08-22,CUST-0749,PROD-0042,GEO-0004,88.2,2,0.1,40.58,4,0,20250818,20250822
ORD-2025-14379,2025-08-18,2025-08-21,CUST-0834,PROD-0055,GEO-0005,139.0,1,0.0,67.92,3,0,20250818,20250821
ORD-2025-14440,2025-08-18,2025-08-19,CUST-0846,PROD-0059,GEO-0031,22.0,2,0.0,0.04,1,0,20250818,20250819
ORD-2025-14465,2025-08-18,2025-08-21,CUST-0849,PROD-0029,GEO-0021,1276.0,4,0.0,535.68,3,0,20250818,20250821
ORD-2025-10863,2025-08-19,2025-08-26,CUST-0161,PROD-0040,GEO-0028,96.6,2,0.3,32.65,7,1,20250819,20250826
ORD-2025-11395,2025-08-19,2025-08-26,CUST-0263,PROD-0060,GEO-0025,14.0,1,0.0,3.54,7,0,20250819,20250826
ORD-2025-14011,2025-08-19,2025-08-20,CUST-0752,PROD-0045,GEO-0023,198.0,3,0.4,45.68,1,0,20250819,20250820
ORD-2025-14044,2025-08-19,2025-08-21,CUST-0758,PROD-0056,GEO-0030,687.0,3,0.0,336.16,2,0,20250819,20250821
ORD-2025-14094,2025-08-19,2025-08-22,CUST-0764,PROD-0030,GEO-0006,91.6,1,0.6,-23.08,3,0,20250819,20250822
ORD-2025-11162,2025-08-20,2025-08-25,CUST-0217,PROD-0049,GEO-0030,39.6,2,0.1,17.31,5,0,20250820,20250825
ORD-2025-11603,2025-08-20,2025-08-24,CUST-0308,PROD-0004,GEO-0019,2198.0,2,0.0,830.9,4,0,20250820,20250824
ORD-2025-11881,2025-08-20,2025-08-22,CUST-0354,PROD-0023,GEO-0005,249.0,1,0.0,124.5,2,0,20250820,20250822
ORD-2025-12893,2025-08-20,2025-08-22,CUST-0525,PROD-0026,GEO-0007,1397.2,4,0.3,262.12,2,0,20250820,20250822
ORD-2025-14111,2025-08-20,2025-08-25,CUST-0767,PROD-0032,GEO-0003,1355.75,5,0.15,525.97,5,0,20250820,20250825
ORD-2025-10364,2025-08-21,2025-08-24,CUST-0077,PROD-0042,GEO-0028,44.1,1,0.1,23.02,3,0,20250821,20250824
ORD-2025-11839,2025-08-21,2025-08-23,CUST-0345,PROD-0025,GEO-0030,1557.6,3,0.2,404.32,2,0,20250821,20250823
ORD-2025-12414,2025-08-21,2025-08-24,CUST-0442,PROD-0038,GEO-0002,189.0,1,0.0,88.2,3,0,20250821,20250824
ORD-2025-12576,2025-08-21,2025-08-25,CUST-0469,PROD-0004,GEO-0028,4945.5,5,0.1,1510.73,4,1,20250821,20250825
ORD-2025-13906,2025-08-21,2025-08-24,CUST-0732,PROD-0041,GEO-0016,70.2,2,0.1,27.52,3,0,20250821,20250824
ORD-2025-11639,2025-08-22,2025-08-23,CUST-0312,PROD-0014,GEO-0019,596.0,4,0.0,360.49,1,0,20250822,20250823
ORD-2025-12598,2025-08-22,2025-08-24,CUST-0473,PROD-0058,GEO-0029,27.55,1,0.05,10.96,2,0,20250822,20250824
ORD-2025-10268,2025-08-23,2025-08-25,CUST-0062,PROD-0045,GEO-0031,220.0,2,0.0,117.88,2,0,20250823,20250825
ORD-2025-10446,2025-08-23,2025-08-27,CUST-0088,PROD-0017,GEO-0006,1398.0,2,0.0,631.33,4,0,20250823,20250827
ORD-2025-11155,2025-08-23,2025-08-25,CUST-0215,PROD-0025,GEO-0006,649.0,1,0.0,264.05,2,0,20250823,20250825
ORD-2025-11285,2025-08-23,2025-08-28,CUST-0240,PROD-0003,GEO-0029,1137.15,3,0.05,458.81,5,1,20250823,20250828
ORD-2025-11364,2025-08-23,2025-08-25,CUST-0257,PROD-0011,GEO-0030,122.55,1,0.05,73.17,2,0,20250823,20250825
ORD-2025-12713,2025-08-23,2025-08-25,CUST-0497,PROD-0055,GEO-0025,278.0,2,0.0,135.12,2,0,20250823,20250825
ORD-2025-13052,2025-08-23,2025-08-26,CUST-0564,PROD-0001,GEO-0015,1598.0,2,0.0,688.75,3,1,20250823,20250826
ORD-2025-10129,2025-08-24,2025-08-26,CUST-0028,PROD-0033,GEO-0016,169.0,1,0.0,79.97,2,0,20250824,20250826
ORD-2025-13001,2025-08-24,2025-08-25,CUST-0553,PROD-0017,GEO-0004,524.25,1,0.25,140.94,1,0,20250824,20250825
ORD-2025-13119,2025-08-24,2025-08-28,CUST-0577,PROD-0060,GEO-0023,25.2,2,0.1,2.31,4,0,20250824,20250828
ORD-2025-10075,2025-08-25,2025-08-27,CUST-0016,PROD-0042,GEO-0002,39.2,1,0.2,15.08,2,0,20250825,20250827
ORD-2025-10162,2025-08-25,2025-08-28,CUST-0035,PROD-0014,GEO-0006,298.0,2,0.0,174.67,3,0,20250825,20250828
ORD-2025-10260,2025-08-25,2025-08-28,CUST-0061,PROD-0051,GEO-0020,90.0,5,0.0,44.55,3,1,20250825,20250828
ORD-2025-11807,2025-08-25,2025-08-26,CUST-0341,PROD-0030,GEO-0017,458.0,2,0.0,229.88,1,0,20250825,20250826
ORD-2025-12550,2025-08-25,2025-08-30,CUST-0465,PROD-0043,GEO-0002,50.15,1,0.15,20.53,5,0,20250825,20250830
ORD-2025-13569,2025-08-25,2025-08-26,CUST-0658,PROD-0042,GEO-0004,49.0,1,0.0,27.0,1,0,20250825,20250826
ORD-2025-14338,2025-08-25,2025-08-26,CUST-0823,PROD-0030,GEO-0011,229.0,1,0.0,113.84,1,0,20250825,20250826
ORD-2025-11061,2025-08-26,2025-08-30,CUST-0196,PROD-0021,GEO-0029,798.0,2,0.0,404.93,4,0,20250826,20250830
ORD-2025-13206,2025-08-26,2025-08-28,CUST-0594,PROD-0021,GEO-0019,399.0,1,0.0,203.99,2,0,20250826,20250828
ORD-2025-14045,2025-08-26,2025-08-30,CUST-0758,PROD-0033,GEO-0030,202.8,2,0.4,20.32,4,0,20250826,20250830
ORD-2025-10637,2025-08-27,2025-08-30,CUST-0125,PROD-0035,GEO-0031,75.0,1,0.0,39.36,3,0,20250827,20250830
ORD-2025-11019,2025-08-27,2025-08-31,CUST-0191,PROD-0027,GEO-0001,132.05,1,0.05,52.48,4,0,20250827,20250831
ORD-2025-11119,2025-08-27,2025-08-30,CUST-0207,PROD-0056,GEO-0008,183.2,1,0.2,68.28,3,0,20250827,20250830
ORD-2025-11929,2025-08-27,2025-09-01,CUST-0362,PROD-0010,GEO-0001,2463.3,2,0.15,755.96,5,0,20250827,20250901
ORD-2025-12332,2025-08-27,2025-08-30,CUST-0426,PROD-0047,GEO-0007,45.6,2,0.05,20.46,3,0,20250827,20250830
ORD-2025-12569,2025-08-27,2025-08-28,CUST-0468,PROD-0007,GEO-0002,799.2,1,0.2,213.9,1,0,20250827,20250828
ORD-2025-13554,2025-08-27,2025-08-28,CUST-0653,PROD-0013,GEO-0026,414.0,6,0.0,262.82,1,0,20250827,20250828
ORD-2025-10472,2025-08-28,2025-08-31,CUST-0093,PROD-0034,GEO-0008,117.0,2,0.1,53.82,3,0,20250828,20250831
ORD-2025-11644,2025-08-28,2025-08-29,CUST-0314,PROD-0052,GEO-0019,34.2,2,0.1,6.2,1,0,20250828,20250829
ORD-2025-12415,2025-08-28,2025-08-29,CUST-0442,PROD-0017,GEO-0002,1188.3,2,0.15,421.65,1,0,20250828,20250829
ORD-2025-12436,2025-08-28,2025-08-31,CUST-0449,PROD-0016,GEO-0011,4842.15,3,0.05,2129.03,3,0,20250828,20250831
ORD-2025-12472,2025-08-28,2025-08-29,CUST-0455,PROD-0040,GEO-0021,65.55,1,0.05,33.8,1,0,20250828,20250829
ORD-2025-12700,2025-08-28,2025-08-30,CUST-0493,PROD-0055,GEO-0011,528.2,4,0.05,252.4,2,0,20250828,20250830
ORD-2025-12791,2025-08-28,2025-08-29,CUST-0511,PROD-0045,GEO-0031,220.0,2,0.0,121.46,1,0,20250828,20250829
ORD-2025-13020,2025-08-28,2025-08-30,CUST-0556,PROD-0050,GEO-0014,71.4,2,0.15,26.91,2,0,20250828,20250830
ORD-2025-13182,2025-08-28,2025-08-29,CUST-0589,PROD-0032,GEO-0032,271.15,1,0.15,104.3,1,0,20250828,20250829
ORD-2025-10320,2025-08-29,2025-08-31,CUST-0070,PROD-0054,GEO-0003,299.0,1,0.0,152.33,2,0,20250829,20250831
ORD-2025-10719,2025-08-29,2025-09-01,CUST-0138,PROD-0037,GEO-0013,189.0,1,0.1,92.85,3,0,20250829,20250901
ORD-2025-11314,2025-08-29,2025-09-03,CUST-0246,PROD-0044,GEO-0005,158.0,2,0.0,86.44,5,0,20250829,20250903
ORD-2025-11798,2025-08-29,2025-09-01,CUST-0338,PROD-0016,GEO-0026,1444.15,1,0.15,538.26,3,0,20250829,20250901
ORD-2025-11827,2025-08-29,2025-09-05,CUST-0343,PROD-0013,GEO-0009,51.75,1,0.25,25.94,7,0,20250829,20250905
ORD-2025-14300,2025-08-29,2025-08-30,CUST-0816,PROD-0031,GEO-0001,297.0,3,0.0,149.01,1,0,20250829,20250830
ORD-2025-10331,2025-08-30,2025-09-02,CUST-0071,PROD-0006,GEO-0009,1299.0,1,0.0,544.71,3,0,20250830,20250902
ORD-2025-12131,2025-08-30,2025-08-31,CUST-0397,PROD-0009,GEO-0016,549.0,1,0.0,224.72,1,0,20250830,20250831
ORD-2025-13455,2025-08-30,2025-09-01,CUST-0638,PROD-0005,GEO-0005,1900.0,2,0.0,691.86,2,0,20250830,20250901
ORD-2025-10714,2025-08-31,2025-09-03,CUST-0138,PROD-0045,GEO-0013,209.0,2,0.05,110.68,3,0,20250831,20250903
ORD-2025-11693,2025-08-31,2025-09-04,CUST-0320,PROD-0027,GEO-0004,55.6,1,0.6,-23.62,4,0,20250831,20250904
ORD-2025-12800,2025-08-31,2025-09-06,CUST-0513,PROD-0038,GEO-0032,170.1,1,0.1,70.58,6,0,20250831,20250906
ORD-2025-14012,2025-08-31,2025-09-01,CUST-0753,PROD-0032,GEO-0008,3190.0,10,0.0,1522.25,1,0,20250831,20250901
ORD-2025-10007,2025-09-01,2025-09-03,CUST-0002,PROD-0060,GEO-0007,14.0,1,0.0,4.71,2,0,20250901,20250903
ORD-2025-11340,2025-09-01,2025-09-04,CUST-0254,PROD-0018,GEO-0016,537.3,3,0.1,195.63,3,0,20250901,20250904
ORD-2025-11437,2025-09-01,2025-09-04,CUST-0273,PROD-0026,GEO-0013,349.3,1,0.3,66.21,3,0,20250901,20250904
ORD-2025-14249,2025-09-01,2025-09-03,CUST-0804,PROD-0053,GEO-0016,12.0,1,0.0,1.4,2,0,20250901,20250903
ORD-2025-11057,2025-09-02,2025-09-06,CUST-0195,PROD-0045,GEO-0010,110.0,1,0.0,60.71,4,0,20250902,20250906
ORD-2025-11429,2025-09-02,2025-09-04,CUST-0270,PROD-0032,GEO-0023,1084.6,4,0.15,429.77,2,0,20250902,20250904
ORD-2025-11803,2025-09-02,2025-09-07,CUST-0340,PROD-0042,GEO-0001,49.0,1,0.0,24.31,5,0,20250902,20250907
ORD-2025-13413,2025-09-02,2025-09-05,CUST-0627,PROD-0004,GEO-0022,5495.0,5,0.0,2076.88,3,0,20250902,20250905
ORD-2025-13843,2025-09-02,2025-09-05,CUST-0715,PROD-0041,GEO-0012,23.4,1,0.4,2.81,3,0,20250902,20250905
ORD-2025-13957,2025-09-02,2025-09-08,CUST-0743,PROD-0001,GEO-0012,799.0,1,0.0,345.91,6,0,20250902,20250908
ORD-2025-14195,2025-09-02,2025-09-04,CUST-0788,PROD-0025,GEO-0026,2336.4,4,0.1,793.25,2,0,20250902,20250904
ORD-2025-10744,2025-09-03,2025-09-04,CUST-0143,PROD-0023,GEO-0018,896.4,4,0.1,394.45,1,0,20250903,20250904
ORD-2025-11410,2025-09-03,2025-09-04,CUST-0267,PROD-0022,GEO-0021,438.0,2,0.0,241.46,1,0,20250903,20250904
ORD-2025-12552,2025-09-03,2025-09-04,CUST-0465,PROD-0051,GEO-0002,64.8,4,0.1,19.69,1,0,20250903,20250904
ORD-2025-14320,2025-09-03,2025-09-04,CUST-0820,PROD-0009,GEO-0011,521.55,1,0.05,196.63,1,0,20250903,20250904
ORD-2025-10464,2025-09-04,2025-09-08,CUST-0090,PROD-0055,GEO-0027,139.0,1,0.0,67.4,4,0,20250904,20250908
ORD-2025-10686,2025-09-04,2025-09-06,CUST-0133,PROD-0053,GEO-0030,48.0,4,0.0,16.71,2,0,20250904,20250906
ORD-2025-11303,2025-09-04,2025-09-05,CUST-0244,PROD-0043,GEO-0020,53.1,1,0.1,24.57,1,0,20250904,20250905
ORD-2025-11321,2025-09-04,2025-09-09,CUST-0249,PROD-0005,GEO-0007,950.0,1,0.0,346.63,5,0,20250904,20250909
ORD-2025-11876,2025-09-04,2025-09-07,CUST-0353,PROD-0053,GEO-0020,10.2,1,0.15,0.99,3,0,20250904,20250907
ORD-2025-12813,2025-09-04,2025-09-06,CUST-0514,PROD-0017,GEO-0026,699.0,1,0.0,315.42,2,0,20250904,20250906
ORD-2025-12951,2025-09-04,2025-09-06,CUST-0541,PROD-0054,GEO-0026,598.0,2,0.0,308.08,2,0,20250904,20250906
ORD-2025-14351,2025-09-04,2025-09-07,CUST-0826,PROD-0035,GEO-0022,300.0,4,0.0,163.83,3,0,20250904,20250907
ORD-2025-10758,2025-09-05,2025-09-08,CUST-0146,PROD-0057,GEO-0006,45.0,1,0.0,21.57,3,0,20250905,20250908
ORD-2025-11073,2025-09-05,2025-09-06,CUST-0199,PROD-0045,GEO-0013,88.0,1,0.2,37.96,1,0,20250905,20250906
ORD-2025-12158,2025-09-05,2025-09-06,CUST-0400,PROD-0003,GEO-0017,1197.0,3,0.0,519.7,1,0,20250905,20250906
ORD-2025-12224,2025-09-05,2025-09-07,CUST-0412,PROD-0056,GEO-0028,687.0,3,0.0,337.35,2,1,20250905,20250907
ORD-2025-12484,2025-09-05,2025-09-07,CUST-0456,PROD-0006,GEO-0032,6495.0,5,0.0,2725.7,2,1,20250905,20250907
ORD-2025-14414,2025-09-05,2025-09-09,CUST-0841,PROD-0007,GEO-0028,899.1,1,0.1,313.48,4,0,20250905,20250909
ORD-2025-10049,2025-09-06,2025-09-09,CUST-0009,PROD-0048,GEO-0032,23.8,1,0.15,9.32,3,0,20250906,20250909
ORD-2025-10272,2025-09-06,2025-09-09,CUST-0062,PROD-0024,GEO-0031,284.05,1,0.05,137.76,3,0,20250906,20250909
ORD-2025-12122,2025-09-06,2025-09-11,CUST-0396,PROD-0001,GEO-0010,759.05,1,0.05,304.91,5,0,20250906,20250911
ORD-2025-13174,2025-09-06,2025-09-11,CUST-0588,PROD-0024,GEO-0012,538.2,2,0.1,245.38,5,0,20250906,20250911
ORD-2025-13786,2025-09-06,2025-09-08,CUST-0704,PROD-0052,GEO-0005,36.1,2,0.05,8.43,2,0,20250906,20250908
ORD-2025-14057,2025-09-06,2025-09-08,CUST-0758,PROD-0021,GEO-0030,1197.0,3,0.0,613.87,2,0,20250906,20250908
ORD-2025-10136,2025-09-07,2025-09-10,CUST-0029,PROD-0015,GEO-0029,178.0,2,0.0,96.49,3,0,20250907,20250910
ORD-2025-10837,2025-09-07,2025-09-11,CUST-0157,PROD-0017,GEO-0002,699.0,1,0.0,312.31,4,0,20250907,20250911
ORD-2025-12035,2025-09-07,2025-09-09,CUST-0384,PROD-0041,GEO-0001,31.2,1,0.2,13.05,2,1,20250907,20250909
ORD-2025-12269,2025-09-07,2025-09-10,CUST-0418,PROD-0009,GEO-0012,1564.65,3,0.05,586.53,3,0,20250907,20250910
ORD-2025-10117,2025-09-08,2025-09-10,CUST-0027,PROD-0031,GEO-0008,198.0,2,0.0,98.81,2,0,20250908,20250910
ORD-2025-10652,2025-09-08,2025-09-10,CUST-0126,PROD-0002,GEO-0014,899.0,1,0.0,373.5,2,1,20250908,20250910
ORD-2025-11311,2025-09-08,2025-09-09,CUST-0245,PROD-0024,GEO-0016,299.0,1,0.0,155.93,1,0,20250908,20250909
ORD-2025-12485,2025-09-08,2025-09-10,CUST-0456,PROD-0043,GEO-0032,168.15,3,0.05,77.46,2,0,20250908,20250910
ORD-2025-13205,2025-09-08,2025-09-11,CUST-0594,PROD-0040,GEO-0019,138.0,2,0.0,74.76,3,0,20250908,20250911
ORD-2025-13478,2025-09-08,2025-09-11,CUST-0641,PROD-0025,GEO-0011,3082.75,5,0.05,1152.85,3,0,20250908,20250911
ORD-2025-14325,2025-09-08,2025-09-11,CUST-0821,PROD-0058,GEO-0017,55.1,2,0.05,19.6,3,0,20250908,20250911
ORD-2025-10509,2025-09-09,2025-09-12,CUST-0098,PROD-0053,GEO-0017,11.4,1,0.05,0.91,3,0,20250909,20250912
ORD-2025-11557,2025-09-09,2025-09-11,CUST-0299,PROD-0024,GEO-0030,284.05,1,0.05,137.93,2,0,20250909,20250911
ORD-2025-13154,2025-09-09,2025-09-14,CUST-0585,PROD-0053,GEO-0023,24.0,2,0.0,6.42,5,0,20250909,20250914
ORD-2025-13189,2025-09-09,2025-09-13,CUST-0590,PROD-0012,GEO-0023,53.1,1,0.1,28.73,4,0,20250909,20250913
ORD-2025-14272,2025-09-09,2025-09-10,CUST-0810,PROD-0035,GEO-0017,285.0,4,0.05,143.33,1,1,20250909,20250910
ORD-2025-14432,2025-09-09,2025-09-12,CUST-0845,PROD-0042,GEO-0027,93.1,2,0.05,44.0,3,0,20250909,20250912
ORD-2025-10356,2025-09-10,2025-09-12,CUST-0075,PROD-0031,GEO-0004,178.2,2,0.1,76.94,2,0,20250910,20250912
ORD-2025-10367,2025-09-10,2025-09-12,CUST-0078,PROD-0004,GEO-0024,10990.0,10,0.0,4149.57,2,0,20250910,20250912
ORD-2025-10900,2025-09-10,2025-09-12,CUST-0165,PROD-0005,GEO-0002,2707.5,3,0.05,897.37,2,0,20250910,20250912
ORD-2025-11574,2025-09-10,2025-09-12,CUST-0302,PROD-0051,GEO-0029,50.4,4,0.3,1.33,2,0,20250910,20250912
ORD-2025-12623,2025-09-10,2025-09-12,CUST-0478,PROD-0026,GEO-0006,848.3,2,0.15,276.51,2,0,20250910,20250912
ORD-2025-10494,2025-09-11,2025-09-15,CUST-0096,PROD-0017,GEO-0024,1887.3,3,0.1,734.12,4,0,20250911,20250915
ORD-2025-10530,2025-09-11,2025-09-14,CUST-0105,PROD-0024,GEO-0018,299.0,1,0.0,155.51,3,0,20250911,20250914
ORD-2025-14119,2025-09-11,2025-09-13,CUST-0768,PROD-0017,GEO-0024,699.0,1,0.0,315.49,2,0,20250911,20250913
ORD-2025-10573,2025-09-12,2025-09-15,CUST-0112,PROD-0059,GEO-0032,10.45,1,0.05,1.35,3,1,20250912,20250915
ORD-2025-11765,2025-09-12,2025-09-14,CUST-0332,PROD-0018,GEO-0007,179.1,1,0.1,62.74,2,1,20250912,20250914
ORD-2025-11468,2025-09-13,2025-09-16,CUST-0277,PROD-0003,GEO-0032,299.25,1,0.25,72.33,3,0,20250913,20250916
ORD-2025-11864,2025-09-13,2025-09-15,CUST-0350,PROD-0042,GEO-0004,49.0,1,0.0,24.95,2,0,20250913,20250915
ORD-2025-13811,2025-09-13,2025-09-17,CUST-0709,PROD-0050,GEO-0006,199.5,5,0.05,102.03,4,0,20250913,20250917
ORD-2025-14226,2025-09-13,2025-09-14,CUST-0795,PROD-0020,GEO-0023,296.65,1,0.15,132.3,1,0,20250913,20250914
ORD-2025-14378,2025-09-13,2025-09-15,CUST-0833,PROD-0047,GEO-0019,22.8,1,0.05,7.89,2,0,20250913,20250915
ORD-2025-10769,2025-09-14,2025-09-15,CUST-0146,PROD-0033,GEO-0006,405.6,4,0.4,39.13,1,0,20250914,20250915
ORD-2025-11114,2025-09-14,2025-09-15,CUST-0207,PROD-0051,GEO-0008,17.1,1,0.05,7.04,1,0,20250914,20250915
ORD-2025-11728,2025-09-14,2025-09-16,CUST-0326,PROD-0038,GEO-0029,359.1,2,0.05,160.09,2,1,20250914,20250916
ORD-2025-13815,2025-09-14,2025-09-15,CUST-0709,PROD-0035,GEO-0006,255.0,4,0.15,114.54,1,0,20250914,20250915
ORD-2025-10532,2025-09-15,2025-09-18,CUST-0105,PROD-0028,GEO-0018,799.0,1,0.0,344.7,3,0,20250915,20250918
ORD-2025-11608,2025-09-15,2025-09-17,CUST-0309,PROD-0054,GEO-0005,598.0,2,0.0,306.95,2,1,20250915,20250917
ORD-2025-12827,2025-09-15,2025-09-16,CUST-0516,PROD-0057,GEO-0012,45.0,1,0.0,21.78,1,0,20250915,20250916
ORD-2025-12976,2025-09-15,2025-09-17,CUST-0548,PROD-0028,GEO-0016,2037.45,3,0.15,670.57,2,0,20250915,20250917
ORD-2025-13021,2025-09-15,2025-09-18,CUST-0556,PROD-0033,GEO-0014,304.2,2,0.1,126.64,3,0,20250915,20250918
ORD-2025-13592,2025-09-15,2025-09-17,CUST-0663,PROD-0034,GEO-0012,123.5,2,0.05,62.35,2,1,20250915,20250917
ORD-2025-13684,2025-09-15,2025-09-21,CUST-0683,PROD-0008,GEO-0004,3798.0,2,0.0,1587.48,6,0,20250915,20250921
ORD-2025-14088,2025-09-15,2025-09-18,CUST-0764,PROD-0029,GEO-0006,319.0,1,0.0,132.73,3,0,20250915,20250918
ORD-2025-10628,2025-09-16,2025-09-19,CUST-0124,PROD-0006,GEO-0029,1299.0,1,0.0,545.67,3,0,20250916,20250919
ORD-2025-11726,2025-09-16,2025-09-20,CUST-0326,PROD-0033,GEO-0029,152.1,1,0.1,60.65,4,1,20250916,20250920
ORD-2025-12402,2025-09-16,2025-09-19,CUST-0438,PROD-0012,GEO-0027,168.15,3,0.05,103.04,3,0,20250916,20250919
ORD-2025-12898,2025-09-16,2025-09-19,CUST-0526,PROD-0046,GEO-0008,34.0,1,0.0,15.48,3,0,20250916,20250919
ORD-2025-12944,2025-09-16,2025-09-21,CUST-0539,PROD-0034,GEO-0025,65.0,1,0.0,33.85,5,0,20250916,20250921
ORD-2025-13086,2025-09-16,2025-09-21,CUST-0568,PROD-0029,GEO-0013,191.4,1,0.4,6.38,5,0,20250916,20250921
ORD-2025-13191,2025-09-16,2025-09-18,CUST-0590,PROD-0016,GEO-0023,3398.0,2,0.0,1591.39,2,1,20250916,20250918
ORD-2025-13475,2025-09-16,2025-09-17,CUST-0640,PROD-0030,GEO-0020,229.0,1,0.0,114.53,1,0,20250916,20250917
ORD-2025-14359,2025-09-16,2025-09-19,CUST-0828,PROD-0050,GEO-0007,42.0,1,0.0,20.69,3,0,20250916,20250919
ORD-2025-10461,2025-09-17,2025-09-20,CUST-0090,PROD-0031,GEO-0027,84.15,1,0.15,34.91,3,0,20250917,20250920
ORD-2025-10919,2025-09-17,2025-09-19,CUST-0168,PROD-0028,GEO-0012,559.3,1,0.3,103.96,2,0,20250917,20250919
ORD-2025-11063,2025-09-17,2025-09-21,CUST-0196,PROD-0028,GEO-0029,1677.9,3,0.3,315.32,4,0,20250917,20250921
ORD-2025-11263,2025-09-17,2025-09-19,CUST-0236,PROD-0055,GEO-0031,264.1,2,0.05,124.31,2,0,20250917,20250919
ORD-2025-13150,2025-09-17,2025-09-21,CUST-0585,PROD-0024,GEO-0023,598.0,2,0.0,305.22,4,0,20250917,20250921
ORD-2025-11150,2025-09-18,2025-09-20,CUST-0215,PROD-0009,GEO-0006,521.55,1,0.05,197.08,2,0,20250918,20250920
ORD-2025-11154,2025-09-18,2025-09-20,CUST-0215,PROD-0052,GEO-0006,19.0,1,0.0,5.02,2,0,20250918,20250920
ORD-2025-11372,2025-09-18,2025-09-21,CUST-0258,PROD-0020,GEO-0024,349.0,1,0.0,183.1,3,0,20250918,20250921
ORD-2025-12526,2025-09-18,2025-09-20,CUST-0462,PROD-0002,GEO-0021,899.0,1,0.0,373.29,2,0,20250918,20250920
ORD-2025-12649,2025-09-18,2025-09-20,CUST-0484,PROD-0034,GEO-0015,130.0,2,0.0,71.02,2,0,20250918,20250920
ORD-2025-13437,2025-09-18,2025-09-19,CUST-0634,PROD-0056,GEO-0013,229.0,1,0.0,115.12,1,0,20250918,20250919
ORD-2025-14060,2025-09-18,2025-09-25,CUST-0759,PROD-0040,GEO-0016,207.0,3,0.0,107.63,7,0,20250918,20250925
ORD-2025-10642,2025-09-19,2025-09-21,CUST-0125,PROD-0015,GEO-0031,178.0,2,0.0,96.73,2,0,20250919,20250921
ORD-2025-10743,2025-09-19,2025-09-21,CUST-0143,PROD-0036,GEO-0018,44.1,1,0.1,18.99,2,0,20250919,20250921
ORD-2025-11886,2025-09-19,2025-09-23,CUST-0354,PROD-0051,GEO-0005,18.0,1,0.0,8.35,4,0,20250919,20250923
ORD-2025-11904,2025-09-19,2025-09-24,CUST-0358,PROD-0020,GEO-0032,331.55,1,0.05,167.8,5,0,20250919,20250924
ORD-2025-12236,2025-09-19,2025-09-22,CUST-0412,PROD-0055,GEO-0028,389.2,4,0.3,108.88,3,0,20250919,20250922
ORD-2025-12442,2025-09-19,2025-09-22,CUST-0451,PROD-0018,GEO-0012,567.15,3,0.05,223.21,3,0,20250919,20250922
ORD-2025-13222,2025-09-19,2025-09-21,CUST-0596,PROD-0040,GEO-0015,372.6,6,0.1,174.11,2,0,20250919,20250921
ORD-2025-13338,2025-09-19,2025-09-21,CUST-0617,PROD-0031,GEO-0020,198.0,2,0.0,99.24,2,0,20250919,20250921
ORD-2025-13763,2025-09-19,2025-09-22,CUST-0699,PROD-0026,GEO-0018,449.1,1,0.1,165.86,3,0,20250919,20250922
ORD-2025-14192,2025-09-19,2025-09-21,CUST-0788,PROD-0049,GEO-0026,20.9,1,0.05,6.42,2,0,20250919,20250921
ORD-2025-14418,2025-09-19,2025-09-23,CUST-0841,PROD-0001,GEO-0028,2397.0,3,0.0,1032.59,4,0,20250919,20250923
ORD-2025-10368,2025-09-20,2025-09-21,CUST-0078,PROD-0028,GEO-0024,799.0,1,0.0,343.75,1,0,20250920,20250921
ORD-2025-10664,2025-09-20,2025-09-22,CUST-0129,PROD-0014,GEO-0018,298.0,2,0.0,179.78,2,0,20250920,20250922
ORD-2025-11146,2025-09-20,2025-09-22,CUST-0213,PROD-0005,GEO-0011,950.0,1,0.0,346.79,2,0,20250920,20250922
ORD-2025-11317,2025-09-20,2025-09-22,CUST-0247,PROD-0015,GEO-0025,267.0,3,0.0,146.84,2,0,20250920,20250922
ORD-2025-12600,2025-09-20,2025-09-22,CUST-0473,PROD-0043,GEO-0029,112.1,2,0.05,57.3,2,0,20250920,20250922
ORD-2025-10351,2025-09-21,2025-09-26,CUST-0073,PROD-0031,GEO-0029,39.6,1,0.6,-11.14,5,0,20250921,20250926
ORD-2025-10845,2025-09-21,2025-09-23,CUST-0158,PROD-0055,GEO-0027,139.0,1,0.0,70.02,2,0,20250921,20250923
ORD-2025-11439,2025-09-21,2025-09-24,CUST-0273,PROD-0026,GEO-0013,1347.3,3,0.1,489.42,3,1,20250921,20250924
ORD-2025-11823,2025-09-21,2025-09-24,CUST-0343,PROD-0027,GEO-0009,111.2,2,0.6,-48.04,3,0,20250921,20250924
ORD-2025-12444,2025-09-21,2025-09-24,CUST-0452,PROD-0045,GEO-0020,110.0,1,0.0,59.08,3,0,20250921,20250924
ORD-2025-13277,2025-09-21,2025-09-23,CUST-0607,PROD-0008,GEO-0026,4557.6,3,0.2,1242.58,2,1,20250921,20250923
ORD-2025-13329,2025-09-21,2025-09-22,CUST-0616,PROD-0022,GEO-0018,208.05,1,0.05,106.42,1,0,20250921,20250922
ORD-2025-14423,2025-09-21,2025-09-28,CUST-0842,PROD-0003,GEO-0001,3032.4,8,0.05,1236.72,7,0,20250921,20250928
ORD-2025-10426,2025-09-22,2025-09-26,CUST-0086,PROD-0026,GEO-0022,399.2,1,0.2,115.27,4,0,20250922,20250926
ORD-2025-10809,2025-09-22,2025-09-24,CUST-0152,PROD-0019,GEO-0017,658.0,2,0.0,287.09,2,1,20250922,20250924
ORD-2025-12437,2025-09-22,2025-09-24,CUST-0449,PROD-0012,GEO-0011,212.4,4,0.1,126.32,2,0,20250922,20250924
ORD-2025-10111,2025-09-23,2025-09-26,CUST-0026,PROD-0037,GEO-0024,210.0,1,0.0,115.58,3,0,20250923,20250926
ORD-2025-10703,2025-09-23,2025-09-27,CUST-0136,PROD-0017,GEO-0018,664.05,1,0.05,279.85,4,0,20250923,20250927
ORD-2025-11324,2025-09-23,2025-09-25,CUST-0250,PROD-0037,GEO-0023,441.0,3,0.3,161.72,2,0,20250923,20250925
ORD-2025-11347,2025-09-23,2025-09-25,CUST-0254,PROD-0051,GEO-0016,15.3,1,0.15,5.46,2,0,20250923,20250925
ORD-2025-11772,2025-09-23,2025-09-25,CUST-0334,PROD-0031,GEO-0032,198.0,2,0.0,101.23,2,0,20250923,20250925
ORD-2025-12226,2025-09-23,2025-09-25,CUST-0412,PROD-0019,GEO-0028,658.0,2,0.0,289.77,2,0,20250923,20250925
ORD-2025-13230,2025-09-23,2025-09-25,CUST-0597,PROD-0009,GEO-0008,1043.1,2,0.05,391.89,2,0,20250923,20250925
ORD-2025-10330,2025-09-24,2025-09-28,CUST-0071,PROD-0002,GEO-0009,899.0,1,0.0,373.53,4,0,20250924,20250928
ORD-2025-10371,2025-09-24,2025-09-27,CUST-0078,PROD-0056,GEO-0024,229.0,1,0.0,113.09,3,0,20250924,20250927
ORD-2025-10713,2025-09-24,2025-09-27,CUST-0138,PROD-0008,GEO-0013,1804.05,1,0.05,700.31,3,0,20250924,20250927
ORD-2025-11570,2025-09-24,2025-09-26,CUST-0301,PROD-0006,GEO-0016,1299.0,1,0.0,545.91,2,0,20250924,20250926
ORD-2025-13495,2025-09-24,2025-09-29,CUST-0643,PROD-0002,GEO-0027,3596.0,4,0.0,1502.69,5,0,20250924,20250929
ORD-2025-13687,2025-09-24,2025-09-28,CUST-0683,PROD-0009,GEO-0004,549.0,1,0.0,225.88,4,0,20250924,20250928
ORD-2025-13826,2025-09-24,2025-09-26,CUST-0711,PROD-0037,GEO-0012,294.0,2,0.3,106.31,2,0,20250924,20250926
ORD-2025-10581,2025-09-25,2025-10-01,CUST-0114,PROD-0012,GEO-0002,59.0,1,0.0,35.37,6,0,20250925,20251001
ORD-2025-10819,2025-09-25,2025-09-28,CUST-0154,PROD-0014,GEO-0020,633.25,5,0.15,326.58,3,0,20250925,20250928
ORD-2025-10853,2025-09-25,2025-09-28,CUST-0160,PROD-0043,GEO-0031,53.1,1,0.1,24.89,3,0,20250925,20250928
ORD-2025-11793,2025-09-25,2025-09-28,CUST-0337,PROD-0040,GEO-0028,62.1,1,0.1,28.81,3,0,20250925,20250928
ORD-2025-12312,2025-09-25,2025-09-27,CUST-0424,PROD-0056,GEO-0014,435.1,2,0.05,206.18,2,0,20250925,20250927
ORD-2025-12610,2025-09-25,2025-09-27,CUST-0475,PROD-0056,GEO-0003,217.55,1,0.05,103.2,2,0,20250925,20250927
ORD-2025-13625,2025-09-25,2025-09-29,CUST-0671,PROD-0025,GEO-0028,2596.0,4,0.0,1059.0,4,0,20250925,20250929
ORD-2025-13820,2025-09-25,2025-09-29,CUST-0710,PROD-0040,GEO-0003,62.1,1,0.1,29.71,4,0,20250925,20250929
ORD-2025-10057,2025-09-26,2025-09-30,CUST-0011,PROD-0049,GEO-0002,19.8,1,0.1,6.07,4,0,20250926,20250930
ORD-2025-13828,2025-09-26,2025-09-29,CUST-0711,PROD-0036,GEO-0012,49.0,1,0.0,24.48,3,0,20250926,20250929
ORD-2025-14065,2025-09-26,2025-09-28,CUST-0759,PROD-0004,GEO-0016,1099.0,1,0.0,414.35,2,1,20250926,20250928
ORD-2025-10034,2025-09-27,2025-09-30,CUST-0007,PROD-0024,GEO-0032,478.4,2,0.2,191.78,3,0,20250927,20250930
ORD-2025-10569,2025-09-27,2025-10-01,CUST-0111,PROD-0048,GEO-0032,79.8,3,0.05,33.34,4,0,20250927,20251001
ORD-2025-10630,2025-09-27,2025-10-01,CUST-0124,PROD-0011,GEO-0029,109.65,1,0.15,59.72,4,0,20250927,20251001
ORD-2025-12901,2025-09-27,2025-09-29,CUST-0527,PROD-0055,GEO-0018,486.5,5,0.3,126.67,2,0,20250927,20250929
ORD-2025-13036,2025-09-27,2025-09-30,CUST-0561,PROD-0060,GEO-0028,56.0,4,0.0,16.79,3,0,20250927,20250930
ORD-2025-13101,2025-09-27,2025-10-01,CUST-0572,PROD-0032,GEO-0013,382.8,2,0.4,52.1,4,0,20250927,20251001
ORD-2025-13139,2025-09-27,2025-10-02,CUST-0582,PROD-0051,GEO-0009,17.1,1,0.05,5.35,5,0,20250927,20251002
ORD-2025-13626,2025-09-27,2025-09-30,CUST-0671,PROD-0021,GEO-0028,2713.2,8,0.15,1162.13,3,0,20250927,20250930
ORD-2025-14421,2025-09-27,2025-09-29,CUST-0842,PROD-0010,GEO-0001,2898.0,2,0.0,1188.63,2,0,20250927,20250929
ORD-2025-10089,2025-09-28,2025-10-02,CUST-0020,PROD-0010,GEO-0003,1304.1,1,0.1,450.81,4,0,20250928,20251002
ORD-2025-10877,2025-09-28,2025-09-29,CUST-0162,PROD-0037,GEO-0010,420.0,2,0.0,229.17,1,0,20250928,20250929
ORD-2025-13997,2025-09-28,2025-09-30,CUST-0749,PROD-0037,GEO-0004,1050.0,5,0.0,581.22,2,0,20250928,20250930
ORD-2025-14022,2025-09-28,2025-09-30,CUST-0753,PROD-0048,GEO-0008,56.0,2,0.0,27.12,2,0,20250928,20250930
ORD-2025-14054,2025-09-28,2025-09-29,CUST-0758,PROD-0013,GEO-0030,58.65,1,0.15,33.46,1,0,20250928,20250929
ORD-2025-14245,2025-09-28,2025-09-30,CUST-0803,PROD-0002,GEO-0002,3596.0,4,0.0,1489.18,2,0,20250928,20250930
ORD-2025-14431,2025-09-28,2025-10-02,CUST-0845,PROD-0033,GEO-0027,118.3,1,0.3,29.71,4,0,20250928,20251002
ORD-2025-10248,2025-09-29,2025-10-01,CUST-0056,PROD-0044,GEO-0020,335.75,5,0.15,141.93,2,1,20250929,20251001
ORD-2025-11241,2025-09-29,2025-09-30,CUST-0233,PROD-0058,GEO-0010,29.0,1,0.0,13.31,1,0,20250929,20250930
ORD-2025-11344,2025-09-29,2025-10-01,CUST-0254,PROD-0042,GEO-0016,98.0,2,0.0,52.91,2,0,20250929,20251001
ORD-2025-12551,2025-09-29,2025-10-01,CUST-0465,PROD-0007,GEO-0002,1998.0,2,0.0,831.7,2,0,20250929,20251001
ORD-2025-13099,2025-09-29,2025-09-30,CUST-0571,PROD-0045,GEO-0013,352.0,4,0.2,157.98,1,0,20250929,20250930
ORD-2025-13408,2025-09-29,2025-09-30,CUST-0627,PROD-0040,GEO-0022,207.0,3,0.0,113.07,1,0,20250929,20250930
ORD-2025-13879,2025-09-29,2025-10-02,CUST-0727,PROD-0010,GEO-0029,1449.0,1,0.0,594.1,3,0,20250929,20251002
ORD-2025-12013,2025-09-30,2025-10-02,CUST-0381,PROD-0032,GEO-0027,255.2,1,0.2,90.68,2,0,20250930,20251002
ORD-2025-12533,2025-09-30,2025-10-04,CUST-0463,PROD-0057,GEO-0020,40.5,1,0.1,17.42,4,0,20250930,20251004
ORD-2025-13025,2025-09-30,2025-10-02,CUST-0557,PROD-0003,GEO-0024,798.0,2,0.0,344.24,2,0,20250930,20251002
ORD-2025-10982,2025-10-01,2025-10-02,CUST-0181,PROD-0022,GEO-0026,219.0,1,0.0,120.29,1,0,20251001,20251002
ORD-2025-11273,2025-10-01,2025-10-06,CUST-0239,PROD-0014,GEO-0029,804.6,6,0.1,451.94,5,0,20251001,20251006
ORD-2025-12228,2025-10-01,2025-10-04,CUST-0412,PROD-0022,GEO-0028,876.0,4,0.0,473.25,3,0,20251001,20251004
ORD-2025-13751,2025-10-01,2025-10-03,CUST-0696,PROD-0043,GEO-0002,59.0,1,0.0,28.62,2,0,20251001,20251003
ORD-2025-14043,2025-10-01,2025-10-06,CUST-0757,PROD-0040,GEO-0012,69.0,1,0.0,36.25,5,0,20251001,20251006
ORD-2025-10243,2025-10-02,2025-10-06,CUST-0055,PROD-0051,GEO-0014,34.2,2,0.05,13.51,4,0,20251002,20251006
ORD-2025-10416,2025-10-02,2025-10-04,CUST-0086,PROD-0013,GEO-0022,131.1,2,0.05,75.64,2,0,20251002,20251004
ORD-2025-10860,2025-10-02,2025-10-04,CUST-0160,PROD-0053,GEO-0031,38.4,4,0.2,-2.73,2,0,20251002,20251004
ORD-2025-10997,2025-10-02,2025-10-05,CUST-0185,PROD-0059,GEO-0023,10.45,1,0.05,2.71,3,0,20251002,20251005
ORD-2025-11983,2025-10-02,2025-10-04,CUST-0374,PROD-0014,GEO-0019,298.0,2,0.0,176.15,2,0,20251002,20251004
ORD-2025-12153,2025-10-02,2025-10-04,CUST-0400,PROD-0037,GEO-0017,178.5,1,0.15,85.18,2,0,20251002,20251004
ORD-2025-12814,2025-10-02,2025-10-07,CUST-0514,PROD-0006,GEO-0026,2598.0,2,0.0,1086.39,5,0,20251002,20251007
ORD-2025-13042,2025-10-02,2025-10-09,CUST-0562,PROD-0028,GEO-0003,1358.3,2,0.15,452.01,7,0,20251002,20251009
ORD-2025-13328,2025-10-02,2025-10-06,CUST-0616,PROD-0021,GEO-0018,379.05,1,0.05,182.25,4,0,20251002,20251006
ORD-2025-13510,2025-10-02,2025-10-06,CUST-0646,PROD-0052,GEO-0006,38.0,2,0.0,11.48,4,0,20251002,20251006
ORD-2025-14234,2025-10-02,2025-10-09,CUST-0797,PROD-0038,GEO-0016,897.75,5,0.05,389.68,7,0,20251002,20251009
ORD-2025-11101,2025-10-03,2025-10-04,CUST-0204,PROD-0045,GEO-0028,198.0,2,0.1,95.98,1,0,20251003,20251004
ORD-2025-11593,2025-10-03,2025-10-07,CUST-0305,PROD-0028,GEO-0007,3196.0,5,0.2,920.32,4,0,20251003,20251007
ORD-2025-12807,2025-10-03,2025-10-05,CUST-0513,PROD-0019,GEO-0032,329.0,1,0.0,144.6,2,0,20251003,20251005
ORD-2025-13347,2025-10-03,2025-10-06,CUST-0617,PROD-0006,GEO-0020,2468.1,2,0.05,955.32,3,0,20251003,20251006
ORD-2025-13491,2025-10-03,2025-10-07,CUST-0642,PROD-0014,GEO-0012,149.0,1,0.0,89.12,4,0,20251003,20251007
ORD-2025-14407,2025-10-03,2025-10-05,CUST-0838,PROD-0050,GEO-0010,42.0,1,0.0,20.56,2,0,20251003,20251005
ORD-2025-10251,2025-10-04,2025-10-07,CUST-0058,PROD-0002,GEO-0021,899.0,1,0.0,372.51,3,0,20251004,20251007
ORD-2025-11624,2025-10-04,2025-10-06,CUST-0311,PROD-0046,GEO-0005,102.0,3,0.0,45.33,2,0,20251004,20251006
ORD-2025-13325,2025-10-04,2025-10-06,CUST-0616,PROD-0051,GEO-0018,36.0,2,0.0,16.43,2,1,20251004,20251006
ORD-2025-14049,2025-10-04,2025-10-07,CUST-0758,PROD-0033,GEO-0030,84.5,1,0.5,-7.35,3,0,20251004,20251007
ORD-2025-10566,2025-10-05,2025-10-06,CUST-0110,PROD-0008,GEO-0015,1899.0,1,0.0,794.6,1,0,20251005,20251006
ORD-2025-10965,2025-10-05,2025-10-08,CUST-0178,PROD-0049,GEO-0012,22.0,1,0.0,8.17,3,0,20251005,20251008
ORD-2025-12106,2025-10-05,2025-10-08,CUST-0394,PROD-0016,GEO-0030,9174.6,6,0.1,3755.91,3,0,20251005,20251008
ORD-2025-12175,2025-10-05,2025-10-10,CUST-0403,PROD-0059,GEO-0013,11.0,1,0.0,0.89,5,1,20251005,20251010
ORD-2025-13963,2025-10-05,2025-10-08,CUST-0744,PROD-0044,GEO-0025,55.3,1,0.3,18.36,3,0,20251005,20251008
ORD-2025-14279,2025-10-05,2025-10-06,CUST-0812,PROD-0057,GEO-0017,40.5,1,0.1,16.9,1,0,20251005,20251006
ORD-2025-11269,2025-10-06,2025-10-08,CUST-0238,PROD-0013,GEO-0031,293.25,5,0.15,167.78,2,0,20251006,20251008
ORD-2025-11855,2025-10-06,2025-10-09,CUST-0348,PROD-0020,GEO-0027,3490.0,10,0.0,1842.86,3,0,20251006,20251009
ORD-2025-12868,2025-10-06,2025-10-10,CUST-0520,PROD-0015,GEO-0029,80.1,1,0.1,38.96,4,0,20251006,20251010
ORD-2025-13300,2025-10-06,2025-10-10,CUST-0609,PROD-0053,GEO-0014,120.0,10,0.0,23.94,4,0,20251006,20251010
ORD-2025-14194,2025-10-06,2025-10-07,CUST-0788,PROD-0006,GEO-0026,1169.1,1,0.1,413.56,1,0,20251006,20251007
ORD-2025-14264,2025-10-06,2025-10-08,CUST-0807,PROD-0058,GEO-0014,27.55,1,0.05,9.13,2,0,20251006,20251008
ORD-2025-14384,2025-10-06,2025-10-08,CUST-0834,PROD-0012,GEO-0005,377.6,8,0.2,187.67,2,0,20251006,20251008
ORD-2025-10093,2025-10-07,2025-10-11,CUST-0021,PROD-0038,GEO-0026,132.3,1,0.3,34.26,4,0,20251007,20251011
ORD-2025-11182,2025-10-07,2025-10-10,CUST-0224,PROD-0043,GEO-0030,112.1,2,0.05,50.6,3,0,20251007,20251010
ORD-2025-12259,2025-10-07,2025-10-10,CUST-0417,PROD-0042,GEO-0023,49.0,1,0.0,25.45,3,0,20251007,20251010
ORD-2025-12388,2025-10-07,2025-10-08,CUST-0436,PROD-0016,GEO-0026,1529.1,1,0.1,624.22,1,0,20251007,20251008
ORD-2025-12796,2025-10-07,2025-10-10,CUST-0513,PROD-0016,GEO-0032,12912.4,8,0.05,5679.76,3,0,20251007,20251010
ORD-2025-13518,2025-10-07,2025-10-08,CUST-0646,PROD-0051,GEO-0006,18.0,1,0.0,7.87,1,0,20251007,20251008
ORD-2025-14138,2025-10-07,2025-10-10,CUST-0774,PROD-0050,GEO-0015,67.2,2,0.2,22.63,3,0,20251007,20251010
ORD-2025-10580,2025-10-08,2025-10-13,CUST-0114,PROD-0057,GEO-0002,81.0,2,0.1,35.73,5,1,20251008,20251013
ORD-2025-10643,2025-10-08,2025-10-09,CUST-0125,PROD-0059,GEO-0031,11.0,1,0.0,3.39,1,0,20251008,20251009
ORD-2025-12517,2025-10-08,2025-10-10,CUST-0461,PROD-0024,GEO-0023,568.1,2,0.05,278.89,2,0,20251008,20251010
ORD-2025-14146,2025-10-08,2025-10-10,CUST-0777,PROD-0013,GEO-0014,138.0,2,0.0,83.4,2,0,20251008,20251010
ORD-2025-14309,2025-10-08,2025-10-11,CUST-0818,PROD-0049,GEO-0016,110.0,5,0.0,53.98,3,0,20251008,20251011
ORD-2025-13914,2025-10-09,2025-10-12,CUST-0734,PROD-0056,GEO-0017,194.65,1,0.15,78.77,3,0,20251009,20251012
ORD-2025-14412,2025-10-09,2025-10-12,CUST-0840,PROD-0041,GEO-0009,109.2,4,0.3,22.48,3,0,20251009,20251012
ORD-2025-11217,2025-10-10,2025-10-16,CUST-0230,PROD-0027,GEO-0021,528.2,4,0.05,212.22,6,0,20251010,20251016
ORD-2025-11511,2025-10-10,2025-10-12,CUST-0289,PROD-0013,GEO-0010,138.0,2,0.0,82.26,2,0,20251010,20251012
ORD-2025-12187,2025-10-10,2025-10-14,CUST-0406,PROD-0022,GEO-0002,219.0,1,0.0,119.67,4,0,20251010,20251014
ORD-2025-13639,2025-10-10,2025-10-12,CUST-0672,PROD-0002,GEO-0010,1708.1,2,0.05,655.53,2,0,20251010,20251012
ORD-2025-13745,2025-10-10,2025-10-13,CUST-0695,PROD-0040,GEO-0012,62.1,1,0.1,27.69,3,0,20251010,20251013
ORD-2025-10181,2025-10-11,2025-10-13,CUST-0037,PROD-0043,GEO-0025,106.2,2,0.1,46.5,2,0,20251011,20251013
ORD-2025-11093,2025-10-11,2025-10-15,CUST-0201,PROD-0014,GEO-0016,447.0,3,0.0,263.12,4,0,20251011,20251015
ORD-2025-11216,2025-10-11,2025-10-14,CUST-0229,PROD-0054,GEO-0018,284.05,1,0.05,140.81,3,0,20251011,20251014
ORD-2025-11221,2025-10-11,2025-10-13,CUST-0231,PROD-0043,GEO-0016,118.0,2,0.0,58.7,2,0,20251011,20251013
ORD-2025-11786,2025-10-11,2025-10-12,CUST-0335,PROD-0037,GEO-0020,210.0,1,0.0,115.83,1,0,20251011,20251012
ORD-2025-12708,2025-10-11,2025-10-18,CUST-0494,PROD-0050,GEO-0002,399.0,10,0.05,173.85,7,0,20251011,20251018
ORD-2025-13111,2025-10-11,2025-10-13,CUST-0576,PROD-0003,GEO-0013,399.0,1,0.0,174.86,2,0,20251011,20251013
ORD-2025-13175,2025-10-11,2025-10-13,CUST-0588,PROD-0012,GEO-0012,236.0,4,0.0,137.91,2,0,20251011,20251013
ORD-2025-13747,2025-10-11,2025-10-14,CUST-0696,PROD-0044,GEO-0002,158.0,2,0.0,85.99,3,0,20251011,20251014
ORD-2025-13801,2025-10-11,2025-10-13,CUST-0708,PROD-0016,GEO-0009,1614.05,1,0.05,708.37,2,0,20251011,20251013
ORD-2025-13829,2025-10-11,2025-10-13,CUST-0711,PROD-0029,GEO-0012,319.0,1,0.0,134.6,2,0,20251011,20251013
ORD-2025-13860,2025-10-11,2025-10-13,CUST-0720,PROD-0005,GEO-0021,950.0,1,0.0,346.69,2,0,20251011,20251013
ORD-2025-10193,2025-10-12,2025-10-13,CUST-0042,PROD-0022,GEO-0006,438.0,2,0.0,238.37,1,0,20251012,20251013
ORD-2025-10756,2025-10-12,2025-10-18,CUST-0146,PROD-0017,GEO-0006,4194.0,6,0.0,1875.72,6,0,20251012,20251018
ORD-2025-12529,2025-10-12,2025-10-16,CUST-0462,PROD-0060,GEO-0021,28.0,2,0.0,6.59,4,0,20251012,20251016
ORD-2025-10622,2025-10-13,2025-10-17,CUST-0123,PROD-0045,GEO-0005,330.0,3,0.0,175.76,4,0,20251013,20251017
ORD-2025-10846,2025-10-13,2025-10-16,CUST-0158,PROD-0026,GEO-0027,598.8,2,0.4,27.45,3,0,20251013,20251016
ORD-2025-10940,2025-10-13,2025-10-15,CUST-0171,PROD-0040,GEO-0025,62.1,1,0.1,28.12,2,0,20251013,20251015
ORD-2025-11156,2025-10-13,2025-10-16,CUST-0215,PROD-0010,GEO-0006,1376.55,1,0.05,520.51,3,1,20251013,20251016
ORD-2025-11744,2025-10-13,2025-10-15,CUST-0330,PROD-0026,GEO-0018,449.1,1,0.1,165.23,2,0,20251013,20251015
ORD-2025-12844,2025-10-13,2025-10-15,CUST-0517,PROD-0028,GEO-0010,399.5,1,0.5,-54.02,2,0,20251013,20251015
ORD-2025-13334,2025-10-13,2025-10-15,CUST-0616,PROD-0040,GEO-0018,55.2,1,0.2,23.98,2,1,20251013,20251015
ORD-2025-13686,2025-10-13,2025-10-15,CUST-0683,PROD-0015,GEO-0004,80.1,1,0.1,38.67,2,0,20251013,20251015
ORD-2025-10631,2025-10-14,2025-10-17,CUST-0124,PROD-0025,GEO-0029,1654.95,3,0.15,495.22,3,0,20251014,20251017
ORD-2025-10875,2025-10-14,2025-10-16,CUST-0162,PROD-0041,GEO-0010,78.0,2,0.0,39.04,2,0,20251014,20251016
ORD-2025-11023,2025-10-14,2025-10-19,CUST-0191,PROD-0040,GEO-0001,117.3,2,0.15,55.02,5,0,20251014,20251019
ORD-2025-11682,2025-10-14,2025-10-16,CUST-0318,PROD-0016,GEO-0014,1699.0,1,0.0,792.89,2,0,20251014,20251016
ORD-2025-12111,2025-10-14,2025-10-19,CUST-0394,PROD-0014,GEO-0030,357.6,3,0.2,176.96,5,0,20251014,20251019
ORD-2025-10295,2025-10-15,2025-10-18,CUST-0065,PROD-0011,GEO-0027,258.0,2,0.0,158.04,3,0,20251015,20251018
ORD-2025-10575,2025-10-15,2025-10-18,CUST-0112,PROD-0033,GEO-0032,1014.0,6,0.0,467.98,3,0,20251015,20251018
ORD-2025-10577,2025-10-15,2025-10-18,CUST-0113,PROD-0034,GEO-0032,55.25,1,0.15,26.06,3,0,20251015,20251018
ORD-2025-10992,2025-10-15,2025-10-18,CUST-0184,PROD-0013,GEO-0022,69.0,1,0.0,40.95,3,0,20251015,20251018
ORD-2025-11052,2025-10-15,2025-10-17,CUST-0194,PROD-0039,GEO-0005,86.4,3,0.1,30.03,2,0,20251015,20251017
ORD-2025-12826,2025-10-15,2025-10-17,CUST-0516,PROD-0058,GEO-0012,27.55,1,0.05,12.11,2,0,20251015,20251017
ORD-2025-13144,2025-10-15,2025-10-17,CUST-0582,PROD-0046,GEO-0009,34.0,1,0.0,16.8,2,0,20251015,20251017
ORD-2025-14274,2025-10-15,2025-10-16,CUST-0810,PROD-0043,GEO-0017,59.0,1,0.0,30.39,1,0,20251015,20251016
ORD-2025-10884,2025-10-16,2025-10-17,CUST-0162,PROD-0058,GEO-0010,78.3,3,0.1,24.22,1,0,20251016,20251017
ORD-2025-11105,2025-10-16,2025-10-19,CUST-0204,PROD-0030,GEO-0028,194.65,1,0.15,78.44,3,0,20251016,20251019
ORD-2025-12439,2025-10-16,2025-10-19,CUST-0451,PROD-0049,GEO-0012,41.8,2,0.05,13.92,3,0,20251016,20251019
ORD-2025-14266,2025-10-16,2025-10-20,CUST-0808,PROD-0011,GEO-0023,258.0,2,0.0,160.1,4,0,20251016,20251020
ORD-2025-14376,2025-10-16,2025-10-20,CUST-0833,PROD-0054,GEO-0019,598.0,2,0.0,311.16,4,0,20251016,20251020
ORD-2025-11331,2025-10-17,2025-10-19,CUST-0252,PROD-0009,GEO-0022,521.55,1,0.05,195.17,2,0,20251017,20251019
ORD-2025-11354,2025-10-17,2025-10-21,CUST-0256,PROD-0029,GEO-0007,606.1,2,0.05,233.2,4,0,20251017,20251021
ORD-2025-11849,2025-10-17,2025-10-18,CUST-0346,PROD-0015,GEO-0007,160.2,2,0.1,80.22,1,0,20251017,20251018
ORD-2025-12410,2025-10-17,2025-10-22,CUST-0441,PROD-0052,GEO-0027,38.0,2,0.0,15.82,5,0,20251017,20251022
ORD-2025-13217,2025-10-17,2025-10-19,CUST-0595,PROD-0011,GEO-0013,245.1,2,0.05,147.68,2,0,20251017,20251019
ORD-2025-11125,2025-10-18,2025-10-20,CUST-0207,PROD-0040,GEO-0008,276.0,4,0.0,139.68,2,0,20251018,20251020
ORD-2025-11411,2025-10-18,2025-10-21,CUST-0267,PROD-0008,GEO-0021,7596.0,4,0.0,3172.02,3,0,20251018,20251021
ORD-2025-11966,2025-10-18,2025-10-20,CUST-0371,PROD-0036,GEO-0028,124.95,3,0.15,51.15,2,0,20251018,20251020
ORD-2025-12859,2025-10-18,2025-10-22,CUST-0518,PROD-0005,GEO-0032,8075.0,10,0.15,2030.37,4,0,20251018,20251022
ORD-2025-13269,2025-10-18,2025-10-23,CUST-0603,PROD-0015,GEO-0002,160.2,2,0.1,77.03,5,0,20251018,20251023
ORD-2025-14089,2025-10-18,2025-10-25,CUST-0764,PROD-0018,GEO-0006,378.1,2,0.05,144.38,7,0,20251018,20251025
ORD-2025-10302,2025-10-19,2025-10-25,CUST-0066,PROD-0005,GEO-0016,2850.0,3,0.0,1037.55,6,0,20251019,20251025
ORD-2025-11208,2025-10-19,2025-10-21,CUST-0229,PROD-0005,GEO-0018,5700.0,6,0.0,2070.04,2,0,20251019,20251021
ORD-2025-11243,2025-10-19,2025-10-22,CUST-0234,PROD-0057,GEO-0030,63.0,2,0.3,13.54,3,0,20251019,20251022
ORD-2025-12264,2025-10-19,2025-10-23,CUST-0417,PROD-0004,GEO-0023,934.15,1,0.15,250.56,4,0,20251019,20251023
ORD-2025-13282,2025-10-19,2025-10-21,CUST-0607,PROD-0054,GEO-0026,598.0,2,0.0,311.82,2,0,20251019,20251021
ORD-2025-13490,2025-10-19,2025-10-22,CUST-0642,PROD-0002,GEO-0012,899.0,1,0.0,373.7,3,0,20251019,20251022
ORD-2025-13833,2025-10-19,2025-10-21,CUST-0711,PROD-0025,GEO-0012,2271.5,5,0.3,351.2,2,0,20251019,20251021
ORD-2025-11540,2025-10-20,2025-10-22,CUST-0294,PROD-0042,GEO-0032,132.3,3,0.1,67.25,2,0,20251020,20251022
ORD-2025-11766,2025-10-20,2025-10-23,CUST-0332,PROD-0010,GEO-0007,1449.0,1,0.0,592.19,3,0,20251020,20251023
ORD-2025-12903,2025-10-20,2025-10-22,CUST-0527,PROD-0001,GEO-0018,3196.0,4,0.0,1368.72,2,1,20251020,20251022
ORD-2025-13224,2025-10-20,2025-10-25,CUST-0596,PROD-0021,GEO-0015,1396.5,5,0.3,413.24,5,0,20251020,20251025
ORD-2025-13460,2025-10-20,2025-10-22,CUST-0639,PROD-0016,GEO-0018,1699.0,1,0.0,795.3,2,0,20251020,20251022
ORD-2025-13651,2025-10-20,2025-10-23,CUST-0676,PROD-0023,GEO-0004,236.55,1,0.05,111.31,3,0,20251020,20251023
ORD-2025-13882,2025-10-20,2025-10-22,CUST-0727,PROD-0052,GEO-0029,19.0,1,0.0,5.79,2,0,20251020,20251022
ORD-2025-14225,2025-10-20,2025-10-21,CUST-0795,PROD-0026,GEO-0023,499.0,1,0.0,212.54,1,0,20251020,20251021
ORD-2025-12056,2025-10-21,2025-10-22,CUST-0386,PROD-0025,GEO-0010,1233.1,2,0.05,460.8,1,0,20251021,20251022
ORD-2025-12333,2025-10-21,2025-10-24,CUST-0426,PROD-0007,GEO-0007,3996.0,5,0.2,1076.69,3,0,20251021,20251024
ORD-2025-13107,2025-10-21,2025-10-24,CUST-0575,PROD-0019,GEO-0019,329.0,1,0.0,145.05,3,0,20251021,20251024
ORD-2025-13564,2025-10-21,2025-10-25,CUST-0657,PROD-0027,GEO-0014,556.0,4,0.0,229.9,4,0,20251021,20251025
ORD-2025-13678,2025-10-21,2025-10-27,CUST-0683,PROD-0026,GEO-0004,399.2,2,0.6,-171.4,6,0,20251021,20251027
ORD-2025-14360,2025-10-21,2025-10-24,CUST-0829,PROD-0012,GEO-0031,177.0,3,0.0,103.74,3,0,20251021,20251024
ORD-2025-10051,2025-10-22,2025-10-23,CUST-0009,PROD-0015,GEO-0032,84.55,1,0.05,43.65,1,0,20251022,20251023
ORD-2025-10342,2025-10-22,2025-10-27,CUST-0073,PROD-0002,GEO-0029,674.25,1,0.25,150.76,5,0,20251022,20251027
ORD-2025-11358,2025-10-22,2025-10-24,CUST-0256,PROD-0016,GEO-0007,1444.15,1,0.15,537.62,2,0,20251022,20251024
ORD-2025-11669,2025-10-22,2025-10-25,CUST-0317,PROD-0025,GEO-0016,616.55,1,0.05,233.02,3,0,20251022,20251025
ORD-2025-12116,2025-10-22,2025-10-25,CUST-0395,PROD-0011,GEO-0006,258.0,2,0.0,158.49,3,0,20251022,20251025
ORD-2025-12468,2025-10-22,2025-10-25,CUST-0454,PROD-0011,GEO-0021,258.0,2,0.0,157.05,3,0,20251022,20251025
ORD-2025-12828,2025-10-22,2025-10-27,CUST-0516,PROD-0056,GEO-0012,641.2,4,0.3,176.22,5,0,20251022,20251027
ORD-2025-13066,2025-10-22,2025-10-24,CUST-0566,PROD-0010,GEO-0022,2608.2,2,0.1,896.94,2,0,20251022,20251024
ORD-2025-13109,2025-10-22,2025-10-23,CUST-0575,PROD-0049,GEO-0019,59.4,3,0.1,21.04,1,0,20251022,20251023
ORD-2025-10868,2025-10-23,2025-10-26,CUST-0161,PROD-0037,GEO-0028,1197.0,6,0.05,625.53,3,0,20251023,20251026
ORD-2025-11304,2025-10-23,2025-10-28,CUST-0244,PROD-0014,GEO-0020,149.0,1,0.0,89.3,5,0,20251023,20251028
ORD-2025-11863,2025-10-23,2025-10-25,CUST-0350,PROD-0014,GEO-0004,566.2,4,0.05,332.12,2,0,20251023,20251025
ORD-2025-11987,2025-10-23,2025-10-25,CUST-0376,PROD-0035,GEO-0007,202.5,3,0.1,93.81,2,0,20251023,20251025
ORD-2025-12273,2025-10-23,2025-10-25,CUST-0418,PROD-0022,GEO-0012,372.3,2,0.15,168.95,2,0,20251023,20251025
ORD-2025-12278,2025-10-23,2025-10-24,CUST-0418,PROD-0052,GEO-0012,15.2,1,0.2,2.5,1,0,20251023,20251024
ORD-2025-12830,2025-10-23,2025-10-26,CUST-0516,PROD-0020,GEO-0012,349.0,1,0.0,182.65,3,0,20251023,20251026
ORD-2025-13128,2025-10-23,2025-10-26,CUST-0579,PROD-0018,GEO-0016,716.4,4,0.1,252.57,3,0,20251023,20251026
ORD-2025-13849,2025-10-23,2025-10-27,CUST-0716,PROD-0047,GEO-0032,72.0,3,0.0,29.94,4,0,20251023,20251027
ORD-2025-14358,2025-10-23,2025-10-25,CUST-0828,PROD-0051,GEO-0007,14.4,1,0.2,3.21,2,0,20251023,20251025
ORD-2025-10452,2025-10-24,2025-10-27,CUST-0089,PROD-0031,GEO-0024,84.15,1,0.15,33.94,3,0,20251024,20251027
ORD-2025-11084,2025-10-24,2025-10-26,CUST-0201,PROD-0002,GEO-0016,2697.0,3,0.0,1119.22,2,0,20251024,20251026
ORD-2025-13188,2025-10-24,2025-10-29,CUST-0590,PROD-0042,GEO-0023,98.0,2,0.0,54.12,5,0,20251024,20251029
ORD-2025-11256,2025-10-25,2025-10-29,CUST-0235,PROD-0010,GEO-0023,1304.1,1,0.1,449.09,4,0,20251025,20251029
ORD-2025-11518,2025-10-25,2025-10-27,CUST-0291,PROD-0015,GEO-0027,75.65,1,0.15,36.58,2,0,20251025,20251027
ORD-2025-13354,2025-10-25,2025-10-28,CUST-0620,PROD-0030,GEO-0020,435.1,2,0.05,209.04,3,0,20251025,20251028
ORD-2025-12618,2025-10-26,2025-10-29,CUST-0477,PROD-0041,GEO-0032,27.3,1,0.3,6.25,3,0,20251026,20251029
ORD-2025-13115,2025-10-26,2025-10-30,CUST-0576,PROD-0025,GEO-0013,454.3,1,0.3,67.65,4,0,20251026,20251030
ORD-2025-13739,2025-10-26,2025-10-28,CUST-0694,PROD-0056,GEO-0019,687.0,3,0.0,341.4,2,0,20251026,20251028
ORD-2025-10023,2025-10-27,2025-10-28,CUST-0004,PROD-0043,GEO-0021,59.0,1,0.0,29.1,1,0,20251027,20251028
ORD-2025-12331,2025-10-27,2025-10-31,CUST-0426,PROD-0016,GEO-0007,8070.25,5,0.05,3536.25,4,0,20251027,20251031
ORD-2025-12502,2025-10-27,2025-10-29,CUST-0459,PROD-0048,GEO-0027,84.0,3,0.0,33.59,2,0,20251027,20251029
ORD-2025-13911,2025-10-27,2025-10-30,CUST-0734,PROD-0011,GEO-0017,258.0,2,0.0,155.7,3,0,20251027,20251030
ORD-2025-10139,2025-10-28,2025-10-30,CUST-0029,PROD-0030,GEO-0029,824.4,4,0.1,359.98,2,0,20251028,20251030
ORD-2025-10949,2025-10-28,2025-11-02,CUST-0174,PROD-0040,GEO-0017,138.0,2,0.0,69.96,5,0,20251028,20251102
ORD-2025-13668,2025-10-28,2025-11-02,CUST-0679,PROD-0048,GEO-0017,16.8,1,0.4,-0.04,5,0,20251028,20251102
ORD-2025-14430,2025-10-28,2025-10-30,CUST-0845,PROD-0006,GEO-0027,1299.0,1,0.0,542.9,2,0,20251028,20251030
ORD-2025-12479,2025-10-29,2025-10-31,CUST-0456,PROD-0014,GEO-0032,119.2,1,0.2,59.53,2,0,20251029,20251031
ORD-2025-13506,2025-10-29,2025-10-31,CUST-0644,PROD-0011,GEO-0030,258.0,2,0.0,159.5,2,0,20251029,20251031
ORD-2025-14114,2025-10-29,2025-10-31,CUST-0767,PROD-0042,GEO-0003,147.0,3,0.0,74.69,2,0,20251029,20251031
ORD-2025-14209,2025-10-29,2025-11-01,CUST-0793,PROD-0015,GEO-0003,267.0,3,0.0,145.95,3,0,20251029,20251101
ORD-2025-14344,2025-10-29,2025-10-31,CUST-0824,PROD-0027,GEO-0012,444.8,4,0.2,117.69,2,0,20251029,20251031
ORD-2025-11159,2025-10-30,2025-11-04,CUST-0217,PROD-0056,GEO-0030,687.0,3,0.0,344.02,5,0,20251030,20251104
ORD-2025-11640,2025-10-30,2025-11-02,CUST-0312,PROD-0008,GEO-0019,3798.0,2,0.0,1588.35,3,0,20251030,20251102
ORD-2025-12127,2025-10-30,2025-11-01,CUST-0397,PROD-0052,GEO-0016,57.0,3,0.0,23.84,2,0,20251030,20251101
ORD-2025-13454,2025-10-30,2025-10-31,CUST-0638,PROD-0008,GEO-0005,1709.1,1,0.1,602.72,1,0,20251030,20251031
ORD-2025-10693,2025-10-31,2025-11-03,CUST-0134,PROD-0002,GEO-0023,899.0,1,0.0,375.12,3,0,20251031,20251103
ORD-2025-12481,2025-10-31,2025-11-03,CUST-0456,PROD-0014,GEO-0032,134.1,1,0.1,73.18,3,0,20251031,20251103
ORD-2025-13091,2025-10-31,2025-11-05,CUST-0570,PROD-0028,GEO-0010,1438.2,2,0.1,526.23,5,0,20251031,20251105
ORD-2025-13333,2025-10-31,2025-11-06,CUST-0616,PROD-0029,GEO-0018,510.4,2,0.2,139.02,6,0,20251031,20251106
ORD-2025-13438,2025-10-31,2025-11-03,CUST-0634,PROD-0011,GEO-0013,219.3,2,0.15,121.58,3,0,20251031,20251103
ORD-2025-10233,2025-11-01,2025-11-04,CUST-0053,PROD-0021,GEO-0011,399.0,1,0.0,205.09,3,0,20251101,20251104
ORD-2025-10242,2025-11-01,2025-11-06,CUST-0055,PROD-0022,GEO-0014,438.0,2,0.0,235.98,5,0,20251101,20251106
ORD-2025-10541,2025-11-01,2025-11-04,CUST-0105,PROD-0024,GEO-0018,1076.4,4,0.1,502.06,3,0,20251101,20251104
ORD-2025-10952,2025-11-01,2025-11-03,CUST-0174,PROD-0041,GEO-0017,37.05,1,0.05,18.64,2,0,20251101,20251103
ORD-2025-11076,2025-11-01,2025-11-03,CUST-0199,PROD-0042,GEO-0013,88.2,2,0.1,44.56,2,0,20251101,20251103
ORD-2025-11169,2025-11-01,2025-11-04,CUST-0220,PROD-0052,GEO-0003,76.0,4,0.0,33.63,3,0,20251101,20251104
ORD-2025-11653,2025-11-01,2025-11-02,CUST-0315,PROD-0041,GEO-0014,165.75,5,0.15,68.7,1,0,20251101,20251102
ORD-2025-12341,2025-11-01,2025-11-03,CUST-0427,PROD-0044,GEO-0005,142.2,2,0.1,66.35,2,0,20251101,20251103
ORD-2025-12856,2025-11-01,2025-11-05,CUST-0518,PROD-0025,GEO-0032,649.0,1,0.0,264.58,4,0,20251101,20251105
ORD-2025-12880,2025-11-01,2025-11-03,CUST-0522,PROD-0056,GEO-0027,229.0,1,0.0,115.18,2,0,20251101,20251103
ORD-2025-14475,2025-11-01,2025-11-03,CUST-0850,PROD-0025,GEO-0016,389.4,1,0.4,5.83,2,0,20251101,20251103
ORD-2025-11588,2025-11-02,2025-11-04,CUST-0305,PROD-0019,GEO-0007,329.0,1,0.0,143.23,2,0,20251102,20251104
ORD-2025-12245,2025-11-02,2025-11-04,CUST-0416,PROD-0005,GEO-0013,950.0,1,0.0,346.03,2,0,20251102,20251104
ORD-2025-12276,2025-11-02,2025-11-06,CUST-0418,PROD-0002,GEO-0012,3596.0,4,0.0,1488.08,4,0,20251102,20251106
ORD-2025-12330,2025-11-02,2025-11-03,CUST-0426,PROD-0040,GEO-0007,310.5,5,0.1,150.82,1,0,20251102,20251103
ORD-2025-12977,2025-11-02,2025-11-04,CUST-0548,PROD-0052,GEO-0016,11.4,1,0.4,0.45,2,0,20251102,20251104
ORD-2025-13358,2025-11-02,2025-11-05,CUST-0621,PROD-0034,GEO-0011,61.75,1,0.05,31.8,3,0,20251102,20251105
ORD-2025-13646,2025-11-02,2025-11-04,CUST-0675,PROD-0016,GEO-0018,5097.0,3,0.0,2387.78,2,0,20251102,20251104
ORD-2025-14163,2025-11-02,2025-11-05,CUST-0779,PROD-0049,GEO-0012,41.8,2,0.05,14.1,3,0,20251102,20251105
ORD-2025-11539,2025-11-03,2025-11-07,CUST-0294,PROD-0054,GEO-0032,269.1,1,0.1,123.9,4,0,20251103,20251107
ORD-2025-12841,2025-11-03,2025-11-08,CUST-0517,PROD-0045,GEO-0010,220.0,2,0.0,120.23,5,0,20251103,20251108
ORD-2025-13026,2025-11-03,2025-11-06,CUST-0557,PROD-0009,GEO-0024,549.0,1,0.0,225.17,3,0,20251103,20251106
ORD-2025-13251,2025-11-03,2025-11-06,CUST-0598,PROD-0037,GEO-0027,630.0,3,0.0,340.67,3,0,20251103,20251106
ORD-2025-13366,2025-11-03,2025-11-04,CUST-0622,PROD-0029,GEO-0021,957.0,5,0.4,38.01,1,0,20251103,20251104
ORD-2025-13787,2025-11-03,2025-11-05,CUST-0704,PROD-0055,GEO-0005,278.0,2,0.0,138.17,2,0,20251103,20251105
ORD-2025-13978,2025-11-03,2025-11-10,CUST-0745,PROD-0032,GEO-0018,303.05,1,0.05,138.94,7,0,20251103,20251110
ORD-2025-14121,2025-11-03,2025-11-05,CUST-0769,PROD-0044,GEO-0027,505.6,8,0.2,214.39,2,0,20251103,20251105
ORD-2025-10288,2025-11-04,2025-11-08,CUST-0065,PROD-0052,GEO-0027,38.0,2,0.0,14.19,4,0,20251104,20251108
ORD-2025-10790,2025-11-04,2025-11-06,CUST-0150,PROD-0026,GEO-0026,499.0,1,0.0,214.06,2,1,20251104,20251106
ORD-2025-11665,2025-11-04,2025-11-06,CUST-0317,PROD-0007,GEO-0016,999.0,1,0.0,412.59,2,0,20251104,20251106
ORD-2025-13049,2025-11-04,2025-11-06,CUST-0563,PROD-0032,GEO-0012,287.1,1,0.1,122.13,2,0,20251104,20251106
ORD-2025-13110,2025-11-04,2025-11-09,CUST-0576,PROD-0024,GEO-0013,269.1,1,0.1,125.6,5,0,20251104,20251109
ORD-2025-13421,2025-11-04,2025-11-06,CUST-0629,PROD-0033,GEO-0014,481.65,3,0.05,208.78,2,0,20251104,20251106
ORD-2025-13557,2025-11-04,2025-11-05,CUST-0653,PROD-0052,GEO-0026,51.3,3,0.1,20.65,1,0,20251104,20251105
ORD-2025-13622,2025-11-04,2025-11-09,CUST-0670,PROD-0023,GEO-0012,211.65,1,0.15,86.11,5,0,20251104,20251109
ORD-2025-13772,2025-11-04,2025-11-07,CUST-0701,PROD-0032,GEO-0014,255.2,1,0.2,91.42,3,0,20251104,20251107
ORD-2025-13893,2025-11-04,2025-11-07,CUST-0731,PROD-0001,GEO-0022,799.0,1,0.0,345.51,3,0,20251104,20251107
ORD-2025-14083,2025-11-04,2025-11-06,CUST-0763,PROD-0058,GEO-0003,82.65,3,0.05,26.63,2,0,20251104,20251106
ORD-2025-14445,2025-11-04,2025-11-08,CUST-0846,PROD-0035,GEO-0031,150.0,2,0.0,80.91,4,0,20251104,20251108
ORD-2025-10336,2025-11-05,2025-11-10,CUST-0072,PROD-0019,GEO-0029,1316.0,4,0.0,570.73,5,0,20251105,20251110
ORD-2025-10745,2025-11-05,2025-11-08,CUST-0144,PROD-0014,GEO-0004,141.55,1,0.05,80.4,3,0,20251105,20251108
ORD-2025-11072,2025-11-05,2025-11-08,CUST-0199,PROD-0045,GEO-0013,110.0,1,0.0,61.2,3,0,20251105,20251108
ORD-2025-11212,2025-11-05,2025-11-08,CUST-0229,PROD-0007,GEO-0018,3596.4,4,0.1,1263.75,3,0,20251105,20251108
ORD-2025-12015,2025-11-05,2025-11-07,CUST-0381,PROD-0052,GEO-0027,190.0,10,0.0,75.39,2,0,20251105,20251107
ORD-2025-12711,2025-11-05,2025-11-06,CUST-0495,PROD-0055,GEO-0015,278.0,2,0.0,135.31,1,0,20251105,20251106
ORD-2025-12714,2025-11-05,2025-11-08,CUST-0497,PROD-0049,GEO-0025,22.0,1,0.0,8.92,3,0,20251105,20251108
ORD-2025-13092,2025-11-05,2025-11-08,CUST-0570,PROD-0043,GEO-0010,118.0,2,0.0,58.06,3,0,20251105,20251108
ORD-2025-13864,2025-11-05,2025-11-07,CUST-0722,PROD-0013,GEO-0017,138.0,2,0.0,87.92,2,0,20251105,20251107
ORD-2025-13883,2025-11-05,2025-11-06,CUST-0727,PROD-0052,GEO-0029,19.0,1,0.0,7.95,1,0,20251105,20251106
ORD-2025-10218,2025-11-06,2025-11-08,CUST-0048,PROD-0051,GEO-0008,36.0,2,0.0,13.73,2,0,20251106,20251108
ORD-2025-10252,2025-11-06,2025-11-09,CUST-0058,PROD-0051,GEO-0021,17.1,1,0.05,5.31,3,0,20251106,20251109
ORD-2025-10523,2025-11-06,2025-11-08,CUST-0103,PROD-0053,GEO-0001,20.4,2,0.15,-1.53,2,0,20251106,20251108
ORD-2025-11853,2025-11-06,2025-11-07,CUST-0348,PROD-0007,GEO-0027,1998.0,2,0.0,830.17,1,0,20251106,20251107
ORD-2025-12071,2025-11-06,2025-11-10,CUST-0389,PROD-0011,GEO-0014,232.2,2,0.1,133.86,4,0,20251106,20251110
ORD-2025-12539,2025-11-06,2025-11-09,CUST-0463,PROD-0037,GEO-0020,630.0,3,0.0,347.0,3,0,20251106,20251109
ORD-2025-12613,2025-11-06,2025-11-08,CUST-0475,PROD-0019,GEO-0003,1316.0,4,0.0,572.89,2,0,20251106,20251108
ORD-2025-10269,2025-11-07,2025-11-10,CUST-0062,PROD-0056,GEO-0031,206.1,1,0.1,89.2,3,0,20251107,20251110
ORD-2025-11858,2025-11-07,2025-11-11,CUST-0349,PROD-0034,GEO-0010,247.0,4,0.05,128.71,4,0,20251107,20251111
ORD-2025-12030,2025-11-07,2025-11-09,CUST-0383,PROD-0006,GEO-0015,1299.0,1,0.0,544.63,2,0,20251107,20251109
ORD-2025-12014,2025-11-08,2025-11-10,CUST-0381,PROD-0009,GEO-0027,549.0,1,0.0,224.21,2,0,20251108,20251110
ORD-2025-12132,2025-11-08,2025-11-11,CUST-0397,PROD-0004,GEO-0016,1099.0,1,0.0,415.89,3,0,20251108,20251111
ORD-2025-12625,2025-11-08,2025-11-10,CUST-0478,PROD-0055,GEO-0006,125.1,1,0.1,54.74,2,0,20251108,20251110
ORD-2025-12629,2025-11-08,2025-11-10,CUST-0480,PROD-0053,GEO-0006,24.0,2,0.0,8.16,2,0,20251108,20251110
ORD-2025-12722,2025-11-08,2025-11-09,CUST-0497,PROD-0042,GEO-0025,147.0,3,0.0,78.58,1,0,20251108,20251109
ORD-2025-12801,2025-11-08,2025-11-11,CUST-0513,PROD-0021,GEO-0032,2394.0,6,0.0,1213.77,3,0,20251108,20251111
ORD-2025-13683,2025-11-08,2025-11-10,CUST-0683,PROD-0021,GEO-0004,399.0,1,0.0,205.06,2,0,20251108,20251110
ORD-2025-14144,2025-11-08,2025-11-11,CUST-0777,PROD-0047,GEO-0014,20.4,1,0.15,7.2,3,0,20251108,20251111
ORD-2025-10563,2025-11-09,2025-11-13,CUST-0109,PROD-0045,GEO-0029,313.5,3,0.05,167.24,4,0,20251109,20251113
ORD-2025-10678,2025-11-09,2025-11-11,CUST-0130,PROD-0038,GEO-0022,510.3,3,0.1,212.54,2,0,20251109,20251111
ORD-2025-11148,2025-11-09,2025-11-11,CUST-0215,PROD-0008,GEO-0006,5412.15,3,0.05,2098.72,2,0,20251109,20251111
ORD-2025-11271,2025-11-09,2025-11-12,CUST-0239,PROD-0034,GEO-0029,39.0,1,0.4,9.67,3,0,20251109,20251112
ORD-2025-11882,2025-11-09,2025-11-15,CUST-0354,PROD-0008,GEO-0005,3608.1,2,0.05,1394.19,6,0,20251109,20251115
ORD-2025-12120,2025-11-09,2025-11-12,CUST-0396,PROD-0006,GEO-0010,1299.0,1,0.0,543.68,3,0,20251109,20251112
ORD-2025-12327,2025-11-09,2025-11-11,CUST-0426,PROD-0025,GEO-0007,454.3,1,0.3,67.92,2,0,20251109,20251111
ORD-2025-12669,2025-11-09,2025-11-10,CUST-0487,PROD-0056,GEO-0021,435.1,2,0.05,206.7,1,0,20251109,20251110
ORD-2025-12717,2025-11-09,2025-11-12,CUST-0497,PROD-0043,GEO-0025,177.0,3,0.0,88.32,3,0,20251109,20251112
ORD-2025-12960,2025-11-09,2025-11-12,CUST-0544,PROD-0023,GEO-0021,224.1,1,0.1,99.44,3,0,20251109,20251112
ORD-2025-13043,2025-11-09,2025-11-11,CUST-0562,PROD-0023,GEO-0003,1992.0,8,0.0,1001.52,2,0,20251109,20251111
ORD-2025-13088,2025-11-09,2025-11-12,CUST-0568,PROD-0033,GEO-0013,709.8,6,0.3,176.33,3,0,20251109,20251112
ORD-2025-10815,2025-11-10,2025-11-13,CUST-0154,PROD-0018,GEO-0020,1134.3,6,0.05,441.52,3,0,20251110,20251113
ORD-2025-11545,2025-11-10,2025-11-11,CUST-0295,PROD-0036,GEO-0005,49.0,1,0.0,25.49,1,0,20251110,20251111
ORD-2025-11746,2025-11-10,2025-11-15,CUST-0330,PROD-0049,GEO-0018,66.0,3,0.0,28.6,5,0,20251110,20251115
ORD-2025-11866,2025-11-10,2025-11-15,CUST-0350,PROD-0024,GEO-0004,299.0,1,0.0,153.79,5,0,20251110,20251115
ORD-2025-12588,2025-11-10,2025-11-12,CUST-0471,PROD-0014,GEO-0021,670.5,5,0.1,367.26,2,0,20251110,20251112
ORD-2025-13040,2025-11-10,2025-11-11,CUST-0561,PROD-0054,GEO-0028,1270.75,5,0.15,545.68,1,0,20251110,20251111
ORD-2025-13943,2025-11-10,2025-11-13,CUST-0738,PROD-0002,GEO-0013,1798.0,2,0.0,746.19,3,0,20251110,20251113
ORD-2025-11047,2025-11-11,2025-11-12,CUST-0193,PROD-0017,GEO-0032,2097.0,3,0.0,943.7,1,0,20251111,20251112
ORD-2025-12453,2025-11-11,2025-11-14,CUST-0453,PROD-0020,GEO-0011,942.3,3,0.1,441.62,3,0,20251111,20251114
ORD-2025-12914,2025-11-11,2025-11-14,CUST-0530,PROD-0053,GEO-0027,12.0,1,0.0,2.07,3,0,20251111,20251114
ORD-2025-10284,2025-11-12,2025-11-16,CUST-0064,PROD-0015,GEO-0027,178.0,2,0.0,95.16,4,0,20251112,20251116
ORD-2025-10970,2025-11-12,2025-11-15,CUST-0180,PROD-0015,GEO-0013,89.0,1,0.0,48.41,3,0,20251112,20251115
ORD-2025-11529,2025-11-12,2025-11-14,CUST-0292,PROD-0021,GEO-0020,399.0,1,0.0,204.61,2,0,20251112,20251114
ORD-2025-11734,2025-11-12,2025-11-14,CUST-0327,PROD-0060,GEO-0019,13.3,1,0.05,4.1,2,0,20251112,20251114
ORD-2025-12174,2025-11-12,2025-11-17,CUST-0403,PROD-0015,GEO-0013,712.0,8,0.0,404.61,5,0,20251112,20251117
ORD-2025-13280,2025-11-12,2025-11-15,CUST-0607,PROD-0017,GEO-0026,1258.2,2,0.1,491.72,3,0,20251112,20251115
ORD-2025-13364,2025-11-12,2025-11-15,CUST-0622,PROD-0021,GEO-0021,359.1,1,0.1,164.68,3,0,20251112,20251115
ORD-2025-13520,2025-11-12,2025-11-14,CUST-0646,PROD-0017,GEO-0006,1398.0,2,0.0,624.97,2,0,20251112,20251114
ORD-2025-14323,2025-11-12,2025-11-16,CUST-0821,PROD-0034,GEO-0017,61.75,1,0.05,29.79,4,0,20251112,20251116
ORD-2025-10323,2025-11-13,2025-11-17,CUST-0071,PROD-0042,GEO-0009,124.95,3,0.15,53.72,4,0,20251113,20251117
ORD-2025-10506,2025-11-13,2025-11-18,CUST-0098,PROD-0043,GEO-0017,56.05,1,0.05,25.15,5,0,20251113,20251118
ORD-2025-10629,2025-11-13,2025-11-16,CUST-0124,PROD-0043,GEO-0029,236.0,4,0.0,127.14,3,0,20251113,20251116
ORD-2025-13291,2025-11-13,2025-11-16,CUST-0608,PROD-0018,GEO-0029,597.0,3,0.0,249.58,3,0,20251113,20251116
ORD-2025-10152,2025-11-14,2025-11-16,CUST-0033,PROD-0038,GEO-0026,189.0,1,0.0,87.93,2,0,20251114,20251116
ORD-2025-10824,2025-11-14,2025-11-18,CUST-0156,PROD-0060,GEO-0018,26.6,2,0.05,6.96,4,0,20251114,20251118
ORD-2025-11139,2025-11-14,2025-11-19,CUST-0210,PROD-0022,GEO-0027,208.05,1,0.05,107.59,5,0,20251114,20251119
ORD-2025-11299,2025-11-14,2025-11-19,CUST-0243,PROD-0027,GEO-0011,278.0,2,0.0,117.54,5,0,20251114,20251119
ORD-2025-11512,2025-11-14,2025-11-16,CUST-0289,PROD-0012,GEO-0010,59.0,1,0.0,34.32,2,0,20251114,20251116
ORD-2025-11661,2025-11-14,2025-11-15,CUST-0317,PROD-0039,GEO-0016,27.2,1,0.15,9.91,1,0,20251114,20251115
ORD-2025-11679,2025-11-14,2025-11-17,CUST-0318,PROD-0043,GEO-0014,159.3,3,0.1,77.55,3,0,20251114,20251117
ORD-2025-13306,2025-11-14,2025-11-16,CUST-0610,PROD-0060,GEO-0029,14.0,1,0.0,2.6,2,0,20251114,20251116
ORD-2025-13844,2025-11-14,2025-11-15,CUST-0715,PROD-0026,GEO-0012,474.05,1,0.05,188.28,1,0,20251114,20251115
ORD-2025-10156,2025-11-15,2025-11-18,CUST-0033,PROD-0032,GEO-0026,638.0,2,0.0,307.12,3,0,20251115,20251118
ORD-2025-10170,2025-11-15,2025-11-20,CUST-0035,PROD-0021,GEO-0006,399.0,1,0.0,203.87,5,0,20251115,20251120
ORD-2025-10500,2025-11-15,2025-11-16,CUST-0097,PROD-0045,GEO-0002,110.0,1,0.0,60.85,1,0,20251115,20251116
ORD-2025-11196,2025-11-15,2025-11-17,CUST-0227,PROD-0035,GEO-0015,150.0,2,0.0,80.56,2,0,20251115,20251117
ORD-2025-12561,2025-11-15,2025-11-20,CUST-0467,PROD-0006,GEO-0001,4936.2,4,0.05,1921.12,5,0,20251115,20251120
ORD-2025-12728,2025-11-15,2025-11-18,CUST-0498,PROD-0011,GEO-0019,245.1,2,0.05,143.0,3,0,20251115,20251118
ORD-2025-12884,2025-11-15,2025-11-16,CUST-0523,PROD-0055,GEO-0007,194.6,2,0.3,58.16,1,0,20251115,20251116
ORD-2025-13126,2025-11-15,2025-11-17,CUST-0578,PROD-0001,GEO-0005,1358.3,2,0.15,447.95,2,0,20251115,20251117
ORD-2025-13313,2025-11-15,2025-11-18,CUST-0612,PROD-0011,GEO-0032,328.95,3,0.15,173.22,3,0,20251115,20251118
ORD-2025-10841,2025-11-16,2025-11-18,CUST-0157,PROD-0003,GEO-0002,2034.9,6,0.15,678.58,2,0,20251116,20251118
ORD-2025-10872,2025-11-16,2025-11-18,CUST-0161,PROD-0007,GEO-0028,1898.1,2,0.05,727.04,2,0,20251116,20251118
ORD-2025-10964,2025-11-16,2025-11-20,CUST-0177,PROD-0055,GEO-0007,278.0,2,0.0,139.19,4,0,20251116,20251120
ORD-2025-11173,2025-11-16,2025-11-18,CUST-0222,PROD-0016,GEO-0002,1614.05,1,0.05,710.39,2,0,20251116,20251118
ORD-2025-11562,2025-11-16,2025-11-21,CUST-0301,PROD-0039,GEO-0016,136.0,5,0.15,46.2,5,0,20251116,20251121
ORD-2025-12704,2025-11-16,2025-11-17,CUST-0494,PROD-0006,GEO-0002,5196.0,4,0.0,2173.24,1,0,20251116,20251117
ORD-2025-12959,2025-11-16,2025-11-19,CUST-0544,PROD-0027,GEO-0021,118.15,1,0.15,37.69,3,0,20251116,20251119
ORD-2025-13476,2025-11-16,2025-11-18,CUST-0640,PROD-0044,GEO-0020,316.0,4,0.0,160.67,2,0,20251116,20251118
ORD-2025-13847,2025-11-16,2025-11-20,CUST-0716,PROD-0038,GEO-0032,359.1,2,0.05,160.02,4,0,20251116,20251120
ORD-2025-10100,2025-11-17,2025-11-19,CUST-0022,PROD-0044,GEO-0022,150.1,2,0.05,75.2,2,0,20251117,20251119
ORD-2025-10748,2025-11-17,2025-11-19,CUST-0144,PROD-0035,GEO-0004,180.0,3,0.2,70.08,2,0,20251117,20251119
ORD-2025-10851,2025-11-17,2025-11-23,CUST-0160,PROD-0027,GEO-0031,132.05,1,0.05,51.98,6,1,20251117,20251123
ORD-2025-11297,2025-11-17,2025-11-18,CUST-0243,PROD-0033,GEO-0011,574.6,4,0.15,209.92,1,0,20251117,20251118
ORD-2025-11900,2025-11-17,2025-11-20,CUST-0358,PROD-0051,GEO-0032,17.1,1,0.05,7.33,3,0,20251117,20251120
ORD-2025-12565,2025-11-17,2025-11-20,CUST-0467,PROD-0015,GEO-0001,253.65,3,0.05,133.98,3,0,20251117,20251120
ORD-2025-13112,2025-11-17,2025-11-19,CUST-0576,PROD-0045,GEO-0013,313.5,3,0.05,166.32,2,0,20251117,20251119
ORD-2025-13407,2025-11-17,2025-11-20,CUST-0626,PROD-0030,GEO-0018,458.0,2,0.0,228.83,3,0,20251117,20251120
ORD-2025-13452,2025-11-17,2025-11-19,CUST-0638,PROD-0043,GEO-0005,47.2,1,0.2,17.06,2,0,20251117,20251119
ORD-2025-14462,2025-11-17,2025-11-18,CUST-0849,PROD-0019,GEO-0021,296.1,1,0.1,111.44,1,0,20251117,20251118
ORD-2025-10654,2025-11-18,2025-11-21,CUST-0126,PROD-0035,GEO-0014,71.25,1,0.05,37.23,3,0,20251118,20251121
ORD-2025-11246,2025-11-18,2025-11-21,CUST-0234,PROD-0060,GEO-0030,13.3,1,0.05,2.11,3,0,20251118,20251121
ORD-2025-11520,2025-11-18,2025-11-21,CUST-0291,PROD-0004,GEO-0027,1099.0,1,0.0,415.14,3,0,20251118,20251121
ORD-2025-11701,2025-11-18,2025-11-20,CUST-0320,PROD-0020,GEO-0004,663.1,2,0.05,335.2,2,0,20251118,20251120
ORD-2025-12705,2025-11-18,2025-11-21,CUST-0494,PROD-0057,GEO-0002,153.0,4,0.15,55.36,3,0,20251118,20251121
ORD-2025-13100,2025-11-18,2025-11-24,CUST-0572,PROD-0059,GEO-0013,66.0,6,0.0,17.09,6,0,20251118,20251124
ORD-2025-13810,2025-11-18,2025-11-24,CUST-0709,PROD-0024,GEO-0006,598.0,2,0.0,307.53,6,1,20251118,20251124
ORD-2025-10073,2025-11-19,2025-11-20,CUST-0016,PROD-0040,GEO-0002,58.65,1,0.15,27.07,1,0,20251119,20251120
ORD-2025-10270,2025-11-19,2025-11-22,CUST-0062,PROD-0055,GEO-0031,132.05,1,0.05,63.47,3,0,20251119,20251122
ORD-2025-10466,2025-11-19,2025-11-21,CUST-0091,PROD-0049,GEO-0019,19.8,1,0.1,7.5,2,0,20251119,20251121
ORD-2025-10923,2025-11-19,2025-11-21,CUST-0169,PROD-0013,GEO-0007,69.0,1,0.0,40.74,2,0,20251119,20251121
ORD-2025-11445,2025-11-19,2025-11-21,CUST-0275,PROD-0021,GEO-0031,279.3,1,0.3,83.71,2,0,20251119,20251121
ORD-2025-11856,2025-11-19,2025-11-21,CUST-0349,PROD-0005,GEO-0010,3610.0,4,0.05,1182.91,2,0,20251119,20251121
ORD-2025-12490,2025-11-19,2025-11-22,CUST-0457,PROD-0022,GEO-0004,219.0,1,0.0,118.46,3,0,20251119,20251122
ORD-2025-13558,2025-11-19,2025-11-20,CUST-0654,PROD-0055,GEO-0026,417.0,3,0.0,209.59,1,0,20251119,20251120
ORD-2025-13868,2025-11-19,2025-11-21,CUST-0723,PROD-0009,GEO-0007,1043.1,2,0.05,395.7,2,0,20251119,20251121
ORD-2025-10967,2025-11-20,2025-11-23,CUST-0179,PROD-0012,GEO-0015,56.05,1,0.05,34.26,3,0,20251120,20251123
ORD-2025-11313,2025-11-20,2025-11-24,CUST-0246,PROD-0048,GEO-0005,100.8,4,0.1,31.58,4,0,20251120,20251124
ORD-2025-11332,2025-11-20,2025-11-23,CUST-0252,PROD-0033,GEO-0022,236.6,2,0.3,53.3,3,0,20251120,20251123
ORD-2025-13293,2025-11-20,2025-11-23,CUST-0608,PROD-0018,GEO-0029,756.2,4,0.05,290.57,3,0,20251120,20251123
ORD-2025-13524,2025-11-20,2025-11-23,CUST-0647,PROD-0020,GEO-0021,1047.0,3,0.0,557.01,3,0,20251120,20251123
ORD-2025-14106,2025-11-20,2025-11-21,CUST-0766,PROD-0048,GEO-0028,26.6,1,0.05,9.88,1,0,20251120,20251121
ORD-2025-10451,2025-11-21,2025-11-25,CUST-0089,PROD-0026,GEO-0024,1746.5,5,0.3,316.34,4,1,20251121,20251125
ORD-2025-10870,2025-11-21,2025-11-23,CUST-0161,PROD-0016,GEO-0028,1699.0,1,0.0,794.49,2,0,20251121,20251123
ORD-2025-10882,2025-11-21,2025-11-24,CUST-0162,PROD-0042,GEO-0010,44.1,1,0.1,22.69,3,0,20251121,20251124
ORD-2025-10935,2025-11-21,2025-11-23,CUST-0170,PROD-0048,GEO-0003,79.8,3,0.05,36.29,2,0,20251121,20251123
ORD-2025-11895,2025-11-21,2025-11-22,CUST-0356,PROD-0030,GEO-0030,458.0,2,0.0,226.46,1,0,20251121,20251122
ORD-2025-12184,2025-11-21,2025-11-25,CUST-0405,PROD-0050,GEO-0027,42.0,1,0.0,19.88,4,0,20251121,20251125
ORD-2025-13254,2025-11-21,2025-11-23,CUST-0598,PROD-0016,GEO-0027,1699.0,1,0.0,792.93,2,0,20251121,20251123
ORD-2025-14179,2025-11-21,2025-11-22,CUST-0785,PROD-0023,GEO-0024,473.1,2,0.05,225.68,1,0,20251121,20251122
ORD-2025-14188,2025-11-21,2025-11-26,CUST-0788,PROD-0021,GEO-0026,1995.0,5,0.0,1029.87,5,0,20251121,20251126
ORD-2025-10636,2025-11-22,2025-11-24,CUST-0124,PROD-0054,GEO-0029,568.1,2,0.05,275.98,2,0,20251122,20251124
ORD-2025-10680,2025-11-22,2025-11-24,CUST-0130,PROD-0005,GEO-0022,950.0,1,0.0,345.77,2,0,20251122,20251124
ORD-2025-10865,2025-11-22,2025-11-24,CUST-0161,PROD-0002,GEO-0028,2562.15,3,0.05,989.85,2,0,20251122,20251124
ORD-2025-11758,2025-11-22,2025-11-24,CUST-0331,PROD-0030,GEO-0004,229.0,1,0.0,113.43,2,0,20251122,20251124
ORD-2025-11918,2025-11-22,2025-11-25,CUST-0360,PROD-0012,GEO-0013,59.0,1,0.0,34.47,3,0,20251122,20251125
ORD-2025-13170,2025-11-22,2025-11-24,CUST-0587,PROD-0007,GEO-0026,1898.1,2,0.05,724.36,2,0,20251122,20251124
ORD-2025-14165,2025-11-22,2025-11-25,CUST-0779,PROD-0028,GEO-0012,7191.0,10,0.1,2650.85,3,0,20251122,20251125
ORD-2025-14438,2025-11-22,2025-11-29,CUST-0846,PROD-0054,GEO-0031,284.05,1,0.05,140.96,7,0,20251122,20251129
ORD-2025-10040,2025-11-23,2025-11-25,CUST-0008,PROD-0054,GEO-0005,299.0,1,0.0,153.67,2,0,20251123,20251125
ORD-2025-10424,2025-11-23,2025-11-24,CUST-0086,PROD-0029,GEO-0022,638.0,2,0.0,271.51,1,1,20251123,20251124
ORD-2025-10435,2025-11-23,2025-11-26,CUST-0087,PROD-0016,GEO-0009,3058.2,2,0.1,1245.68,3,0,20251123,20251126
ORD-2025-10709,2025-11-23,2025-11-26,CUST-0138,PROD-0034,GEO-0013,58.5,1,0.1,28.52,3,0,20251123,20251126
ORD-2025-11716,2025-11-23,2025-11-26,CUST-0324,PROD-0036,GEO-0017,49.0,1,0.0,23.33,3,0,20251123,20251126
ORD-2025-12301,2025-11-23,2025-11-25,CUST-0423,PROD-0029,GEO-0017,382.8,2,0.4,14.0,2,0,20251123,20251125
ORD-2025-13368,2025-11-23,2025-11-26,CUST-0622,PROD-0046,GEO-0021,129.2,4,0.05,50.57,3,0,20251123,20251126
ORD-2025-13607,2025-11-23,2025-11-26,CUST-0666,PROD-0018,GEO-0030,179.1,1,0.1,62.25,3,0,20251123,20251126
ORD-2025-13789,2025-11-23,2025-11-26,CUST-0705,PROD-0037,GEO-0016,598.5,3,0.05,315.02,3,0,20251123,20251126
ORD-2025-14214,2025-11-23,2025-11-24,CUST-0793,PROD-0004,GEO-0003,1099.0,1,0.0,415.47,1,0,20251123,20251124
ORD-2025-10403,2025-11-24,2025-11-26,CUST-0083,PROD-0031,GEO-0012,84.15,1,0.15,32.5,2,0,20251124,20251126
ORD-2025-10598,2025-11-24,2025-11-27,CUST-0117,PROD-0009,GEO-0012,1564.65,3,0.05,592.7,3,0,20251124,20251127
ORD-2025-10842,2025-11-24,2025-11-30,CUST-0158,PROD-0026,GEO-0027,998.0,2,0.0,430.67,6,0,20251124,20251130
ORD-2025-11067,2025-11-24,2025-11-27,CUST-0198,PROD-0057,GEO-0024,81.0,2,0.1,33.29,3,0,20251124,20251127
ORD-2025-11622,2025-11-24,2025-11-29,CUST-0310,PROD-0038,GEO-0029,718.2,4,0.05,322.21,5,0,20251124,20251129
ORD-2025-11732,2025-11-24,2025-11-26,CUST-0327,PROD-0036,GEO-0019,196.0,4,0.0,91.6,2,0,20251124,20251126
ORD-2025-11816,2025-11-24,2025-11-28,CUST-0341,PROD-0051,GEO-0017,34.2,2,0.05,9.56,4,1,20251124,20251128
ORD-2025-12530,2025-11-24,2025-11-26,CUST-0463,PROD-0030,GEO-0020,206.1,1,0.1,92.24,2,0,20251124,20251126
ORD-2025-13519,2025-11-24,2025-11-27,CUST-0646,PROD-0028,GEO-0006,479.4,1,0.4,22.78,3,0,20251124,20251127
ORD-2025-11001,2025-11-25,2025-11-30,CUST-0187,PROD-0042,GEO-0026,147.0,3,0.0,75.72,5,0,20251125,20251130
ORD-2025-11510,2025-11-25,2025-11-29,CUST-0289,PROD-0022,GEO-0010,876.0,4,0.0,475.52,4,0,20251125,20251129
ORD-2025-11740,2025-11-25,2025-11-28,CUST-0329,PROD-0008,GEO-0013,3418.2,2,0.1,1211.56,3,0,20251125,20251128
ORD-2025-12345,2025-11-25,2025-11-27,CUST-0427,PROD-0040,GEO-0005,69.0,1,0.0,34.24,2,1,20251125,20251127
ORD-2025-13231,2025-11-25,2025-11-28,CUST-0597,PROD-0058,GEO-0008,29.0,1,0.0,12.12,3,0,20251125,20251128
ORD-2025-14127,2025-11-25,2025-11-27,CUST-0770,PROD-0032,GEO-0019,223.3,1,0.3,58.52,2,0,20251125,20251127
ORD-2025-14286,2025-11-25,2025-11-27,CUST-0814,PROD-0021,GEO-0026,359.1,1,0.1,163.74,2,0,20251125,20251127
ORD-2025-10441,2025-11-26,2025-11-29,CUST-0087,PROD-0041,GEO-0009,39.0,1,0.0,18.54,3,0,20251126,20251129
ORD-2025-12147,2025-11-26,2025-11-29,CUST-0400,PROD-0033,GEO-0017,160.55,1,0.05,69.42,3,0,20251126,20251129
ORD-2025-12421,2025-11-26,2025-11-28,CUST-0443,PROD-0045,GEO-0030,220.0,2,0.0,121.35,2,0,20251126,20251128
ORD-2025-12707,2025-11-26,2025-12-03,CUST-0494,PROD-0055,GEO-0002,556.0,4,0.0,278.93,7,0,20251126,20251203
ORD-2025-12780,2025-11-26,2025-12-01,CUST-0511,PROD-0059,GEO-0031,11.0,1,0.0,3.7,5,0,20251126,20251201
ORD-2025-13831,2025-11-26,2025-11-29,CUST-0711,PROD-0020,GEO-0012,698.0,2,0.0,367.56,3,0,20251126,20251129
ORD-2025-14013,2025-11-26,2025-11-28,CUST-0753,PROD-0054,GEO-0008,508.3,2,0.15,217.03,2,0,20251126,20251128
ORD-2025-14435,2025-11-26,2025-11-28,CUST-0845,PROD-0021,GEO-0027,798.0,2,0.0,411.66,2,0,20251126,20251128
ORD-2025-10540,2025-11-27,2025-11-29,CUST-0105,PROD-0051,GEO-0018,18.0,1,0.0,6.59,2,0,20251127,20251129
ORD-2025-10689,2025-11-27,2025-11-28,CUST-0133,PROD-0017,GEO-0030,2796.0,4,0.0,1251.84,1,0,20251127,20251128
ORD-2025-12755,2025-11-27,2025-11-28,CUST-0503,PROD-0050,GEO-0002,113.4,3,0.1,44.77,1,0,20251127,20251128
ORD-2025-12897,2025-11-27,2025-11-29,CUST-0525,PROD-0033,GEO-0007,152.1,1,0.1,63.66,2,0,20251127,20251129
ORD-2025-14231,2025-11-27,2025-11-29,CUST-0796,PROD-0046,GEO-0016,61.2,2,0.1,24.88,2,0,20251127,20251129
ORD-2025-11422,2025-11-28,2025-12-02,CUST-0270,PROD-0005,GEO-0023,4845.0,6,0.15,1205.54,4,0,20251128,20251202
ORD-2025-11857,2025-11-28,2025-12-01,CUST-0349,PROD-0014,GEO-0010,596.0,4,0.0,355.94,3,0,20251128,20251201
ORD-2025-11965,2025-11-28,2025-11-30,CUST-0370,PROD-0058,GEO-0004,27.55,1,0.05,10.19,2,0,20251128,20251130
ORD-2025-12591,2025-11-28,2025-11-30,CUST-0471,PROD-0028,GEO-0021,799.0,1,0.0,345.27,2,0,20251128,20251130
ORD-2025-13180,2025-11-28,2025-12-02,CUST-0589,PROD-0006,GEO-0032,1234.05,1,0.05,480.51,4,0,20251128,20251202
ORD-2025-13345,2025-11-28,2025-11-29,CUST-0617,PROD-0033,GEO-0020,135.2,1,0.2,45.06,1,0,20251128,20251129
ORD-2025-13511,2025-11-28,2025-12-01,CUST-0646,PROD-0056,GEO-0006,206.1,1,0.1,90.39,3,0,20251128,20251201
ORD-2025-14217,2025-11-28,2025-12-03,CUST-0794,PROD-0007,GEO-0008,999.0,1,0.0,415.61,5,0,20251128,20251203
ORD-2025-10724,2025-11-29,2025-11-30,CUST-0140,PROD-0048,GEO-0006,25.2,1,0.1,8.77,1,0,20251129,20251130
ORD-2025-11163,2025-11-29,2025-12-06,CUST-0217,PROD-0010,GEO-0030,7245.0,5,0.0,2966.79,7,0,20251129,20251206
ORD-2025-11564,2025-11-29,2025-12-01,CUST-0301,PROD-0009,GEO-0016,1317.6,3,0.2,345.22,2,0,20251129,20251201
ORD-2025-12764,2025-11-29,2025-12-01,CUST-0505,PROD-0035,GEO-0017,71.25,1,0.05,37.66,2,0,20251129,20251201
ORD-2025-13232,2025-11-29,2025-12-04,CUST-0597,PROD-0032,GEO-0008,638.0,2,0.0,311.68,5,0,20251129,20251204
ORD-2025-13733,2025-11-29,2025-12-01,CUST-0693,PROD-0048,GEO-0004,212.8,8,0.05,83.99,2,0,20251129,20251201
ORD-2025-14198,2025-11-29,2025-12-01,CUST-0788,PROD-0052,GEO-0026,19.0,1,0.0,6.49,2,0,20251129,20251201
ORD-2025-14426,2025-11-29,2025-12-01,CUST-0843,PROD-0011,GEO-0018,122.55,1,0.05,72.68,2,0,20251129,20251201
ORD-2025-10076,2025-11-30,2025-12-06,CUST-0016,PROD-0027,GEO-0002,97.3,1,0.3,18.8,6,0,20251130,20251206
ORD-2025-11762,2025-11-30,2025-12-04,CUST-0332,PROD-0056,GEO-0007,229.0,1,0.0,113.82,4,0,20251130,20251204
ORD-2025-11763,2025-11-30,2025-12-02,CUST-0332,PROD-0003,GEO-0007,1995.0,5,0.0,863.05,2,0,20251130,20251202
ORD-2025-12009,2025-11-30,2025-12-04,CUST-0381,PROD-0030,GEO-0027,160.3,1,0.3,45.33,4,0,20251130,20251204
ORD-2025-12173,2025-11-30,2025-12-03,CUST-0403,PROD-0034,GEO-0013,104.0,2,0.2,44.59,3,0,20251130,20251203
ORD-2025-10032,2025-12-01,2025-12-02,CUST-0006,PROD-0049,GEO-0029,44.0,2,0.0,19.04,1,0,20251201,20251202
ORD-2025-10548,2025-12-01,2025-12-06,CUST-0106,PROD-0009,GEO-0018,1098.0,2,0.0,444.02,5,0,20251201,20251206
ORD-2025-12242,2025-12-01,2025-12-06,CUST-0416,PROD-0060,GEO-0013,14.0,1,0.0,3.39,5,0,20251201,20251206
ORD-2025-12695,2025-12-01,2025-12-03,CUST-0492,PROD-0022,GEO-0011,1314.0,6,0.0,711.08,2,0,20251201,20251203
ORD-2025-12753,2025-12-01,2025-12-05,CUST-0502,PROD-0039,GEO-0012,32.0,1,0.0,13.37,4,0,20251201,20251205
ORD-2025-12952,2025-12-01,2025-12-04,CUST-0541,PROD-0011,GEO-0026,129.0,1,0.0,80.17,3,0,20251201,20251204
ORD-2025-13083,2025-12-01,2025-12-05,CUST-0567,PROD-0002,GEO-0021,2427.3,3,0.1,852.66,4,0,20251201,20251205
ORD-2025-14196,2025-12-01,2025-12-08,CUST-0788,PROD-0038,GEO-0026,340.2,2,0.1,140.0,7,0,20251201,20251208
ORD-2025-10788,2025-12-02,2025-12-04,CUST-0150,PROD-0021,GEO-0026,798.0,2,0.0,408.82,2,0,20251202,20251204
ORD-2025-10943,2025-12-02,2025-12-03,CUST-0172,PROD-0046,GEO-0028,28.9,1,0.15,10.67,1,0,20251202,20251203
ORD-2025-12400,2025-12-02,2025-12-04,CUST-0438,PROD-0041,GEO-0027,27.3,1,0.3,5.34,2,0,20251202,20251204
ORD-2025-12657,2025-12-02,2025-12-04,CUST-0485,PROD-0034,GEO-0001,130.0,2,0.0,70.98,2,0,20251202,20251204
ORD-2025-13006,2025-12-02,2025-12-03,CUST-0553,PROD-0049,GEO-0004,22.0,1,0.0,8.12,1,0,20251202,20251203
ORD-2025-13762,2025-12-02,2025-12-05,CUST-0699,PROD-0039,GEO-0018,19.2,1,0.4,2.27,3,0,20251202,20251205
ORD-2025-11939,2025-12-03,2025-12-04,CUST-0364,PROD-0013,GEO-0028,327.75,5,0.05,199.2,1,0,20251203,20251204
ORD-2025-12036,2025-12-03,2025-12-04,CUST-0384,PROD-0058,GEO-0001,58.0,2,0.0,22.82,1,0,20251203,20251204
ORD-2025-12041,2025-12-03,2025-12-10,CUST-0384,PROD-0051,GEO-0001,17.1,1,0.05,5.28,7,0,20251203,20251210
ORD-2025-13060,2025-12-03,2025-12-05,CUST-0565,PROD-0018,GEO-0007,756.2,4,0.05,296.7,2,0,20251203,20251205
ORD-2025-13862,2025-12-03,2025-12-09,CUST-0721,PROD-0034,GEO-0032,52.0,1,0.2,23.8,6,0,20251203,20251209
ORD-2025-14275,2025-12-03,2025-12-05,CUST-0810,PROD-0005,GEO-0017,1900.0,2,0.0,690.98,2,0,20251203,20251205
ORD-2025-10606,2025-12-04,2025-12-08,CUST-0120,PROD-0033,GEO-0024,160.55,1,0.05,70.86,4,0,20251204,20251208
ORD-2025-10660,2025-12-04,2025-12-06,CUST-0128,PROD-0023,GEO-0032,236.55,1,0.05,113.29,2,0,20251204,20251206
ORD-2025-10779,2025-12-04,2025-12-06,CUST-0149,PROD-0059,GEO-0030,9.9,1,0.1,-0.48,2,0,20251204,20251206
ORD-2025-11592,2025-12-04,2025-12-10,CUST-0305,PROD-0044,GEO-0007,110.6,2,0.3,34.95,6,0,20251204,20251210
ORD-2025-12745,2025-12-04,2025-12-08,CUST-0499,PROD-0028,GEO-0028,479.4,1,0.4,23.03,4,0,20251204,20251208
ORD-2025-12993,2025-12-04,2025-12-09,CUST-0551,PROD-0013,GEO-0021,69.0,1,0.0,41.67,5,0,20251204,20251209
ORD-2025-13690,2025-12-04,2025-12-09,CUST-0683,PROD-0021,GEO-0004,758.1,2,0.05,365.11,5,0,20251204,20251209
ORD-2025-13953,2025-12-04,2025-12-07,CUST-0742,PROD-0027,GEO-0011,111.2,2,0.6,-44.88,3,1,20251204,20251207
ORD-2025-14469,2025-12-04,2025-12-08,CUST-0849,PROD-0039,GEO-0021,22.4,1,0.3,6.6,4,0,20251204,20251208
ORD-2025-10189,2025-12-05,2025-12-11,CUST-0040,PROD-0009,GEO-0013,521.55,1,0.05,196.89,6,0,20251205,20251211
ORD-2025-11394,2025-12-05,2025-12-09,CUST-0263,PROD-0009,GEO-0025,549.0,1,0.0,222.23,4,0,20251205,20251209
ORD-2025-11633,2025-12-05,2025-12-08,CUST-0311,PROD-0044,GEO-0005,237.0,3,0.0,122.14,3,0,20251205,20251208
ORD-2025-11999,2025-12-05,2025-12-06,CUST-0378,PROD-0021,GEO-0005,319.2,1,0.2,123.49,1,0,20251205,20251206
ORD-2025-12021,2025-12-05,2025-12-10,CUST-0381,PROD-0055,GEO-0027,396.15,3,0.05,186.99,5,0,20251205,20251210
ORD-2025-12095,2025-12-05,2025-12-08,CUST-0392,PROD-0019,GEO-0019,296.1,1,0.1,112.17,3,0,20251205,20251208
ORD-2025-13127,2025-12-05,2025-12-08,CUST-0578,PROD-0005,GEO-0005,1805.0,2,0.05,594.77,3,0,20251205,20251208
ORD-2025-13722,2025-12-05,2025-12-09,CUST-0692,PROD-0041,GEO-0009,35.1,1,0.1,14.54,4,0,20251205,20251209
ORD-2025-10772,2025-12-06,2025-12-11,CUST-0147,PROD-0038,GEO-0028,302.4,2,0.2,102.77,5,0,20251206,20251211
ORD-2025-11144,2025-12-06,2025-12-10,CUST-0211,PROD-0055,GEO-0032,139.0,1,0.0,70.81,4,0,20251206,20251210
ORD-2025-11255,2025-12-06,2025-12-07,CUST-0234,PROD-0059,GEO-0030,22.0,2,0.0,5.66,1,0,20251206,20251207
ORD-2025-11819,2025-12-06,2025-12-09,CUST-0342,PROD-0008,GEO-0011,1899.0,1,0.0,793.45,3,0,20251206,20251209
ORD-2025-11862,2025-12-06,2025-12-08,CUST-0350,PROD-0005,GEO-0004,1710.0,2,0.1,502.07,2,0,20251206,20251208
ORD-2025-11979,2025-12-06,2025-12-11,CUST-0373,PROD-0042,GEO-0014,294.0,6,0.0,147.68,5,0,20251206,20251211
ORD-2025-14261,2025-12-06,2025-12-08,CUST-0807,PROD-0028,GEO-0014,1358.3,2,0.15,448.61,2,0,20251206,20251208
ORD-2025-10849,2025-12-07,2025-12-10,CUST-0159,PROD-0001,GEO-0011,1438.2,2,0.1,524.88,3,0,20251207,20251210
ORD-2025-11463,2025-12-07,2025-12-11,CUST-0277,PROD-0055,GEO-0032,556.0,4,0.0,268.89,4,0,20251207,20251211
ORD-2025-11572,2025-12-07,2025-12-09,CUST-0301,PROD-0029,GEO-0016,223.3,1,0.3,39.34,2,0,20251207,20251209
ORD-2025-11764,2025-12-07,2025-12-08,CUST-0332,PROD-0018,GEO-0007,597.0,3,0.0,257.32,1,0,20251207,20251208
ORD-2025-11989,2025-12-07,2025-12-09,CUST-0376,PROD-0031,GEO-0007,94.05,1,0.05,43.7,2,1,20251207,20251209
ORD-2025-12555,2025-12-07,2025-12-09,CUST-0467,PROD-0012,GEO-0001,59.0,1,0.0,37.01,2,0,20251207,20251209
ORD-2025-12564,2025-12-07,2025-12-09,CUST-0467,PROD-0004,GEO-0001,1099.0,1,0.0,414.76,2,0,20251207,20251209
ORD-2025-12604,2025-12-07,2025-12-10,CUST-0473,PROD-0038,GEO-0029,718.2,4,0.05,310.77,3,0,20251207,20251210
ORD-2025-10062,2025-12-08,2025-12-12,CUST-0013,PROD-0035,GEO-0004,318.75,5,0.15,146.33,4,0,20251208,20251212
ORD-2025-10337,2025-12-08,2025-12-10,CUST-0072,PROD-0048,GEO-0029,252.0,10,0.1,105.95,2,0,20251208,20251210
ORD-2025-11149,2025-12-08,2025-12-12,CUST-0215,PROD-0033,GEO-0006,456.3,3,0.1,181.56,4,1,20251208,20251212
ORD-2025-11559,2025-12-08,2025-12-10,CUST-0300,PROD-0039,GEO-0024,28.8,1,0.1,13.28,2,0,20251208,20251210
ORD-2025-11667,2025-12-08,2025-12-11,CUST-0317,PROD-0059,GEO-0016,39.6,4,0.1,2.99,3,1,20251208,20251211
ORD-2025-14050,2025-12-08,2025-12-09,CUST-0758,PROD-0001,GEO-0030,799.0,1,0.0,343.19,1,0,20251208,20251209
ORD-2025-11069,2025-12-09,2025-12-11,CUST-0198,PROD-0005,GEO-0024,1900.0,2,0.0,689.8,2,0,20251209,20251211
ORD-2025-11091,2025-12-09,2025-12-10,CUST-0201,PROD-0060,GEO-0016,13.3,1,0.05,2.29,1,0,20251209,20251210
ORD-2025-11296,2025-12-09,2025-12-12,CUST-0242,PROD-0010,GEO-0018,2898.0,2,0.0,1188.93,3,0,20251209,20251212
ORD-2025-12986,2025-12-09,2025-12-13,CUST-0550,PROD-0024,GEO-0029,239.2,1,0.2,93.39,4,0,20251209,20251213
ORD-2025-13528,2025-12-09,2025-12-13,CUST-0649,PROD-0008,GEO-0027,7596.0,4,0.0,3176.78,4,0,20251209,20251213
ORD-2025-13553,2025-12-09,2025-12-11,CUST-0653,PROD-0005,GEO-0026,1900.0,2,0.0,686.39,2,0,20251209,20251211
ORD-2025-13867,2025-12-09,2025-12-11,CUST-0723,PROD-0030,GEO-0007,229.0,1,0.0,114.68,2,0,20251209,20251211
ORD-2025-13993,2025-12-09,2025-12-13,CUST-0749,PROD-0040,GEO-0004,58.65,1,0.15,27.29,4,0,20251209,20251213
ORD-2025-14401,2025-12-09,2025-12-11,CUST-0838,PROD-0040,GEO-0010,62.1,1,0.1,30.58,2,0,20251209,20251211
ORD-2025-10315,2025-12-10,2025-12-12,CUST-0069,PROD-0028,GEO-0005,1598.0,2,0.0,689.78,2,0,20251210,20251212
ORD-2025-10917,2025-12-10,2025-12-12,CUST-0168,PROD-0057,GEO-0012,162.0,4,0.1,67.59,2,0,20251210,20251212
ORD-2025-11524,2025-12-10,2025-12-13,CUST-0291,PROD-0049,GEO-0027,22.0,1,0.0,9.8,3,0,20251210,20251213
ORD-2025-10285,2025-12-11,2025-12-18,CUST-0064,PROD-0032,GEO-0027,606.1,2,0.05,275.92,7,0,20251211,20251218
ORD-2025-10624,2025-12-11,2025-12-13,CUST-0124,PROD-0007,GEO-0029,3396.6,4,0.15,1052.31,2,0,20251211,20251213
ORD-2025-10806,2025-12-11,2025-12-13,CUST-0151,PROD-0049,GEO-0026,20.9,1,0.05,9.41,2,0,20251211,20251213
ORD-2025-10836,2025-12-11,2025-12-14,CUST-0156,PROD-0014,GEO-0018,1490.0,10,0.0,884.16,3,0,20251211,20251214
ORD-2025-10881,2025-12-11,2025-12-14,CUST-0162,PROD-0019,GEO-0010,888.3,3,0.1,330.6,3,0,20251211,20251214
ORD-2025-11498,2025-12-11,2025-12-13,CUST-0286,PROD-0004,GEO-0004,2198.0,2,0.0,830.91,2,0,20251211,20251213
ORD-2025-12747,2025-12-11,2025-12-12,CUST-0499,PROD-0048,GEO-0028,79.8,3,0.05,32.48,1,0,20251211,20251212
ORD-2025-13002,2025-12-11,2025-12-18,CUST-0553,PROD-0029,GEO-0004,1276.0,4,0.0,530.43,7,0,20251211,20251218
ORD-2025-13003,2025-12-11,2025-12-13,CUST-0553,PROD-0006,GEO-0004,4676.4,4,0.1,1661.28,2,1,20251211,20251213
ORD-2025-13236,2025-12-11,2025-12-13,CUST-0597,PROD-0036,GEO-0008,83.3,2,0.15,35.95,2,0,20251211,20251213
ORD-2025-14174,2025-12-11,2025-12-15,CUST-0781,PROD-0035,GEO-0006,150.0,2,0.0,80.0,4,0,20251211,20251215
ORD-2025-10182,2025-12-12,2025-12-13,CUST-0037,PROD-0029,GEO-0025,159.5,1,0.5,-23.78,1,0,20251212,20251213
ORD-2025-10392,2025-12-12,2025-12-15,CUST-0081,PROD-0058,GEO-0002,29.0,1,0.0,10.66,3,0,20251212,20251215
ORD-2025-10766,2025-12-12,2025-12-15,CUST-0146,PROD-0043,GEO-0006,59.0,1,0.0,30.85,3,0,20251212,20251215
ORD-2025-12577,2025-12-12,2025-12-14,CUST-0469,PROD-0043,GEO-0028,177.0,3,0.0,84.4,2,0,20251212,20251214
ORD-2025-12671,2025-12-12,2025-12-13,CUST-0487,PROD-0017,GEO-0021,1258.2,2,0.1,491.46,1,0,20251212,20251213
ORD-2025-12882,2025-12-12,2025-12-14,CUST-0522,PROD-0004,GEO-0027,3297.0,3,0.0,1243.84,2,0,20251212,20251214
ORD-2025-13390,2025-12-12,2025-12-14,CUST-0625,PROD-0059,GEO-0020,11.0,1,0.0,3.28,2,0,20251212,20251214
ORD-2025-13591,2025-12-12,2025-12-14,CUST-0662,PROD-0003,GEO-0027,379.05,1,0.05,152.42,2,1,20251212,20251214
ORD-2025-14283,2025-12-12,2025-12-15,CUST-0813,PROD-0005,GEO-0032,902.5,1,0.05,298.51,3,0,20251212,20251215
ORD-2025-14397,2025-12-12,2025-12-17,CUST-0837,PROD-0050,GEO-0016,42.0,1,0.0,20.06,5,0,20251212,20251217
ORD-2025-10258,2025-12-13,2025-12-17,CUST-0060,PROD-0047,GEO-0012,96.0,4,0.0,36.97,4,0,20251213,20251217
ORD-2025-10381,2025-12-13,2025-12-14,CUST-0080,PROD-0024,GEO-0002,284.05,1,0.05,140.55,1,0,20251213,20251214
ORD-2025-10609,2025-12-13,2025-12-16,CUST-0121,PROD-0026,GEO-0007,1497.0,3,0.0,638.36,3,0,20251213,20251216
ORD-2025-10749,2025-12-13,2025-12-17,CUST-0145,PROD-0060,GEO-0015,42.0,3,0.0,16.69,4,0,20251213,20251217
ORD-2025-11544,2025-12-13,2025-12-19,CUST-0295,PROD-0020,GEO-0005,1256.4,4,0.1,588.47,6,0,20251213,20251219
ORD-2025-11676,2025-12-13,2025-12-14,CUST-0318,PROD-0045,GEO-0014,297.0,3,0.1,152.25,1,0,20251213,20251214
ORD-2025-12532,2025-12-13,2025-12-17,CUST-0463,PROD-0011,GEO-0020,258.0,2,0.0,157.08,4,0,20251213,20251217
ORD-2025-12777,2025-12-13,2025-12-16,CUST-0509,PROD-0012,GEO-0020,295.0,5,0.0,188.76,3,0,20251213,20251216
ORD-2025-10460,2025-12-14,2025-12-16,CUST-0089,PROD-0011,GEO-0024,1032.0,8,0.0,634.61,2,0,20251214,20251216
ORD-2025-10584,2025-12-14,2025-12-19,CUST-0114,PROD-0006,GEO-0002,2598.0,2,0.0,1085.48,5,0,20251214,20251219
ORD-2025-10694,2025-12-14,2025-12-16,CUST-0134,PROD-0048,GEO-0023,56.0,2,0.0,26.35,2,0,20251214,20251216
ORD-2025-11680,2025-12-14,2025-12-16,CUST-0318,PROD-0028,GEO-0014,2796.5,5,0.3,527.95,2,0,20251214,20251216
ORD-2025-11891,2025-12-14,2025-12-15,CUST-0354,PROD-0058,GEO-0005,29.0,1,0.0,11.52,1,0,20251214,20251215
ORD-2025-11993,2025-12-14,2025-12-16,CUST-0377,PROD-0021,GEO-0029,359.1,1,0.1,165.74,2,0,20251214,20251216
ORD-2025-12305,2025-12-14,2025-12-15,CUST-0423,PROD-0036,GEO-0017,49.0,1,0.0,25.83,1,0,20251214,20251215
ORD-2025-12352,2025-12-14,2025-12-17,CUST-0429,PROD-0045,GEO-0019,220.0,2,0.0,120.96,3,0,20251214,20251217
ORD-2025-13998,2025-12-14,2025-12-19,CUST-0749,PROD-0044,GEO-0004,142.2,3,0.4,26.56,5,0,20251214,20251219
ORD-2025-14416,2025-12-14,2025-12-16,CUST-0841,PROD-0052,GEO-0028,19.0,1,0.0,6.76,2,0,20251214,20251216
ORD-2025-10352,2025-12-15,2025-12-16,CUST-0073,PROD-0007,GEO-0029,1998.0,2,0.0,828.28,1,0,20251215,20251216
ORD-2025-11011,2025-12-15,2025-12-18,CUST-0189,PROD-0021,GEO-0013,359.1,1,0.1,164.46,3,0,20251215,20251218
ORD-2025-12824,2025-12-15,2025-12-16,CUST-0516,PROD-0018,GEO-0012,169.15,1,0.15,52.45,1,0,20251215,20251216
ORD-2025-10479,2025-12-16,2025-12-21,CUST-0095,PROD-0037,GEO-0017,147.0,1,0.3,51.6,5,0,20251216,20251221
ORD-2025-10989,2025-12-16,2025-12-21,CUST-0183,PROD-0060,GEO-0021,23.8,2,0.15,1.53,5,0,20251216,20251221
ORD-2025-11951,2025-12-16,2025-12-22,CUST-0367,PROD-0005,GEO-0007,1900.0,2,0.0,689.77,6,0,20251216,20251222
ORD-2025-12048,2025-12-16,2025-12-17,CUST-0385,PROD-0009,GEO-0016,549.0,1,0.0,223.82,1,0,20251216,20251217
ORD-2025-12392,2025-12-16,2025-12-18,CUST-0437,PROD-0002,GEO-0032,1798.0,2,0.0,748.17,2,0,20251216,20251218
ORD-2025-12899,2025-12-16,2025-12-17,CUST-0526,PROD-0020,GEO-0008,349.0,1,0.0,185.21,1,0,20251216,20251217
ORD-2025-13000,2025-12-16,2025-12-20,CUST-0552,PROD-0045,GEO-0024,550.0,5,0.0,302.03,4,0,20251216,20251220
ORD-2025-13045,2025-12-16,2025-12-18,CUST-0562,PROD-0017,GEO-0003,699.0,1,0.0,314.44,2,0,20251216,20251218
ORD-2025-13256,2025-12-16,2025-12-19,CUST-0598,PROD-0044,GEO-0027,79.0,1,0.0,43.73,3,0,20251216,20251219
ORD-2025-13323,2025-12-16,2025-12-21,CUST-0615,PROD-0049,GEO-0006,20.9,1,0.05,6.89,5,0,20251216,20251221
ORD-2025-13695,2025-12-16,2025-12-18,CUST-0685,PROD-0052,GEO-0028,16.15,1,0.15,2.99,2,1,20251216,20251218
ORD-2025-14133,2025-12-16,2025-12-18,CUST-0773,PROD-0052,GEO-0029,18.05,1,0.05,7.65,2,0,20251216,20251218
ORD-2025-14352,2025-12-16,2025-12-17,CUST-0826,PROD-0004,GEO-0022,1099.0,1,0.0,413.49,1,0,20251216,20251217
ORD-2025-11356,2025-12-17,2025-12-20,CUST-0256,PROD-0020,GEO-0007,1396.0,5,0.2,561.65,3,0,20251217,20251220
ORD-2025-12771,2025-12-17,2025-12-19,CUST-0507,PROD-0026,GEO-0024,499.0,1,0.0,213.8,2,0,20251217,20251219
ORD-2025-12840,2025-12-17,2025-12-20,CUST-0517,PROD-0019,GEO-0010,329.0,1,0.0,142.51,3,0,20251217,20251220
ORD-2025-13401,2025-12-17,2025-12-21,CUST-0626,PROD-0027,GEO-0018,500.4,4,0.1,173.39,4,0,20251217,20251221
ORD-2025-13886,2025-12-17,2025-12-19,CUST-0727,PROD-0043,GEO-0029,59.0,1,0.0,30.12,2,0,20251217,20251219
ORD-2025-10055,2025-12-18,2025-12-21,CUST-0010,PROD-0059,GEO-0030,11.0,1,0.0,0.68,3,0,20251218,20251221
ORD-2025-10525,2025-12-18,2025-12-19,CUST-0104,PROD-0049,GEO-0010,56.1,3,0.15,22.45,1,0,20251218,20251219
ORD-2025-11044,2025-12-18,2025-12-20,CUST-0192,PROD-0041,GEO-0002,35.1,1,0.1,13.8,2,0,20251218,20251220
ORD-2025-11541,2025-12-18,2025-12-21,CUST-0294,PROD-0037,GEO-0032,210.0,1,0.0,116.55,3,0,20251218,20251221
ORD-2025-12697,2025-12-18,2025-12-21,CUST-0492,PROD-0031,GEO-0011,277.2,4,0.3,77.8,3,0,20251218,20251221
ORD-2025-12783,2025-12-18,2025-12-20,CUST-0511,PROD-0027,GEO-0031,139.0,1,0.0,58.76,2,0,20251218,20251220
ORD-2025-13070,2025-12-18,2025-12-20,CUST-0566,PROD-0015,GEO-0022,178.0,2,0.0,94.98,2,0,20251218,20251220
ORD-2025-10098,2025-12-19,2025-12-22,CUST-0022,PROD-0029,GEO-0022,303.05,1,0.05,118.58,3,0,20251219,20251222
ORD-2025-10515,2025-12-19,2025-12-21,CUST-0100,PROD-0059,GEO-0008,29.7,3,0.1,4.12,2,0,20251219,20251221
ORD-2025-11127,2025-12-19,2025-12-21,CUST-0208,PROD-0042,GEO-0014,147.0,3,0.0,79.3,2,0,20251219,20251221
ORD-2025-11865,2025-12-19,2025-12-21,CUST-0350,PROD-0039,GEO-0004,28.8,1,0.1,12.11,2,0,20251219,20251221
ORD-2025-12001,2025-12-19,2025-12-24,CUST-0378,PROD-0058,GEO-0005,29.0,1,0.0,13.75,5,0,20251219,20251224
ORD-2025-12487,2025-12-19,2025-12-24,CUST-0456,PROD-0034,GEO-0032,234.0,4,0.1,107.58,5,0,20251219,20251224
ORD-2025-12608,2025-12-19,2025-12-24,CUST-0474,PROD-0016,GEO-0021,3398.0,2,0.0,1586.77,5,0,20251219,20251224
ORD-2025-13073,2025-12-19,2025-12-24,CUST-0566,PROD-0052,GEO-0022,54.15,3,0.05,18.65,5,0,20251219,20251224
ORD-2025-10360,2025-12-20,2025-12-22,CUST-0076,PROD-0016,GEO-0029,1614.05,1,0.05,707.71,2,0,20251220,20251222
ORD-2025-10612,2025-12-20,2025-12-22,CUST-0122,PROD-0020,GEO-0004,349.0,1,0.0,184.87,2,0,20251220,20251222
ORD-2025-11558,2025-12-20,2025-12-22,CUST-0300,PROD-0013,GEO-0024,131.1,2,0.05,79.59,2,0,20251220,20251222
ORD-2025-11903,2025-12-20,2025-12-23,CUST-0358,PROD-0012,GEO-0032,59.0,1,0.0,34.98,3,0,20251220,20251223
ORD-2025-12103,2025-12-20,2025-12-21,CUST-0394,PROD-0001,GEO-0030,679.15,1,0.15,222.56,1,0,20251220,20251221
ORD-2025-13082,2025-12-20,2025-12-22,CUST-0567,PROD-0046,GEO-0021,161.5,5,0.05,72.29,2,0,20251220,20251222
ORD-2025-13440,2025-12-20,2025-12-21,CUST-0635,PROD-0039,GEO-0016,30.4,1,0.05,14.07,1,0,20251220,20251221
ORD-2025-13601,2025-12-20,2025-12-22,CUST-0666,PROD-0018,GEO-0030,597.0,3,0.0,253.93,2,0,20251220,20251222
ORD-2025-13647,2025-12-20,2025-12-22,CUST-0675,PROD-0009,GEO-0018,1098.0,2,0.0,447.51,2,0,20251220,20251222
ORD-2025-14466,2025-12-20,2025-12-22,CUST-0849,PROD-0011,GEO-0021,348.3,3,0.1,192.43,2,0,20251220,20251222
ORD-2025-10180,2025-12-21,2025-12-23,CUST-0037,PROD-0053,GEO-0025,24.0,2,0.0,2.16,2,1,20251221,20251223
ORD-2025-11412,2025-12-21,2025-12-25,CUST-0268,PROD-0041,GEO-0001,66.3,2,0.15,27.78,4,0,20251221,20251225
ORD-2025-11921,2025-12-21,2025-12-23,CUST-0361,PROD-0054,GEO-0010,897.0,3,0.0,461.19,2,0,20251221,20251223
ORD-2025-14280,2025-12-21,2025-12-22,CUST-0812,PROD-0023,GEO-0017,896.4,4,0.1,401.43,1,0,20251221,20251222
ORD-2025-14385,2025-12-21,2025-12-22,CUST-0834,PROD-0048,GEO-0005,106.4,4,0.05,34.83,1,0,20251221,20251222
ORD-2025-10995,2025-12-22,2025-12-25,CUST-0185,PROD-0012,GEO-0023,112.1,2,0.05,65.83,3,0,20251222,20251225
ORD-2025-13742,2025-12-22,2025-12-24,CUST-0695,PROD-0041,GEO-0012,62.4,2,0.2,19.96,2,0,20251222,20251224
ORD-2025-13825,2025-12-22,2025-12-25,CUST-0711,PROD-0048,GEO-0012,26.6,1,0.05,9.23,3,1,20251222,20251225
ORD-2025-14035,2025-12-22,2025-12-25,CUST-0756,PROD-0028,GEO-0015,3595.5,5,0.1,1329.59,3,0,20251222,20251225
ORD-2025-14211,2025-12-22,2025-12-24,CUST-0793,PROD-0050,GEO-0003,37.8,1,0.1,17.75,2,0,20251222,20251224
ORD-2025-10820,2025-12-23,2025-12-26,CUST-0155,PROD-0012,GEO-0011,59.0,1,0.0,36.14,3,0,20251223,20251226
ORD-2025-11134,2025-12-23,2025-12-28,CUST-0209,PROD-0023,GEO-0027,747.0,3,0.0,371.36,5,0,20251223,20251228
ORD-2025-11244,2025-12-23,2025-12-25,CUST-0234,PROD-0039,GEO-0030,54.4,2,0.15,16.77,2,0,20251223,20251225
ORD-2025-12126,2025-12-23,2025-12-25,CUST-0397,PROD-0009,GEO-0016,549.0,1,0.0,225.79,2,0,20251223,20251225
ORD-2025-13041,2025-12-23,2025-12-25,CUST-0562,PROD-0051,GEO-0003,18.0,1,0.0,5.6,2,0,20251223,20251225
ORD-2025-13385,2025-12-23,2025-12-26,CUST-0625,PROD-0009,GEO-0020,1098.0,2,0.0,446.34,3,0,20251223,20251226
ORD-2025-13682,2025-12-23,2025-12-27,CUST-0683,PROD-0010,GEO-0004,4129.65,3,0.05,1560.86,4,0,20251223,20251227
ORD-2025-14017,2025-12-23,2025-12-27,CUST-0753,PROD-0046,GEO-0008,81.6,4,0.4,13.08,4,0,20251223,20251227
ORD-2025-10419,2025-12-24,2025-12-29,CUST-0086,PROD-0028,GEO-0022,2157.3,3,0.1,796.84,5,0,20251224,20251229
ORD-2025-11418,2025-12-24,2025-12-31,CUST-0268,PROD-0029,GEO-0001,957.0,3,0.0,398.13,7,0,20251224,20251231
ORD-2025-11447,2025-12-24,2025-12-25,CUST-0275,PROD-0034,GEO-0031,390.0,6,0.0,220.87,1,0,20251224,20251225
ORD-2025-11500,2025-12-24,2025-12-25,CUST-0286,PROD-0027,GEO-0004,83.4,1,0.4,3.23,1,0,20251224,20251225
ORD-2025-11550,2025-12-24,2025-12-25,CUST-0296,PROD-0017,GEO-0017,699.0,1,0.0,312.06,1,0,20251224,20251225
ORD-2025-13023,2025-12-24,2025-12-27,CUST-0556,PROD-0049,GEO-0014,22.0,1,0.0,10.82,3,0,20251224,20251227
ORD-2025-13706,2025-12-24,2025-12-26,CUST-0689,PROD-0001,GEO-0029,3196.0,4,0.0,1380.08,2,0,20251224,20251226
ORD-2025-10220,2025-12-25,2025-12-30,CUST-0049,PROD-0035,GEO-0013,71.25,1,0.05,34.55,5,0,20251225,20251230
ORD-2025-10653,2025-12-25,2025-12-27,CUST-0126,PROD-0059,GEO-0014,22.0,2,0.0,5.61,2,0,20251225,20251227
ORD-2025-10695,2025-12-25,2025-12-31,CUST-0134,PROD-0057,GEO-0023,85.5,2,0.05,36.2,6,0,20251225,20251231
ORD-2025-10899,2025-12-25,2025-12-28,CUST-0165,PROD-0008,GEO-0002,9684.9,6,0.15,3055.2,3,0,20251225,20251228
ORD-2025-11791,2025-12-25,2025-12-28,CUST-0337,PROD-0056,GEO-0028,183.2,1,0.2,70.19,3,0,20251225,20251228
ORD-2025-12725,2025-12-25,2025-12-27,CUST-0497,PROD-0048,GEO-0025,126.0,5,0.1,44.44,2,0,20251225,20251227
ORD-2025-13584,2025-12-25,2025-12-27,CUST-0661,PROD-0030,GEO-0018,206.1,1,0.1,89.13,2,0,20251225,20251227
ORD-2025-14164,2025-12-25,2025-12-30,CUST-0779,PROD-0010,GEO-0012,1449.0,1,0.0,594.61,5,0,20251225,20251230
ORD-2025-10866,2025-12-26,2025-12-28,CUST-0161,PROD-0046,GEO-0028,34.0,1,0.0,15.85,2,1,20251226,20251228
ORD-2025-12154,2025-12-26,2025-12-29,CUST-0400,PROD-0006,GEO-0017,2598.0,2,0.0,1086.62,3,0,20251226,20251229
ORD-2025-12527,2025-12-26,2025-12-30,CUST-0462,PROD-0018,GEO-0021,398.0,2,0.0,168.54,4,0,20251226,20251230
ORD-2025-10880,2025-12-27,2025-12-28,CUST-0162,PROD-0027,GEO-0010,417.0,5,0.4,16.25,1,0,20251227,20251228
ORD-2025-11055,2025-12-27,2025-12-28,CUST-0195,PROD-0019,GEO-0010,329.0,1,0.0,143.25,1,0,20251227,20251228
ORD-2025-11218,2025-12-27,2025-12-28,CUST-0230,PROD-0038,GEO-0021,179.55,1,0.05,81.04,1,1,20251227,20251228
ORD-2025-11828,2025-12-27,2026-01-02,CUST-0343,PROD-0006,GEO-0009,1299.0,1,0.0,542.25,6,1,20251227,20260102
ORD-2025-11835,2025-12-27,2025-12-29,CUST-0345,PROD-0008,GEO-0030,3798.0,2,0.0,1585.3,2,0,20251227,20251229
ORD-2025-12348,2025-12-27,2025-12-28,CUST-0427,PROD-0051,GEO-0005,17.1,1,0.05,7.92,1,0,20251227,20251228
ORD-2025-12913,2025-12-27,2025-12-29,CUST-0529,PROD-0020,GEO-0029,628.2,2,0.1,299.92,2,0,20251227,20251229
ORD-2025-13424,2025-12-27,2025-12-28,CUST-0630,PROD-0026,GEO-0003,998.0,2,0.0,428.25,1,0,20251227,20251228
ORD-2025-14200,2025-12-27,2025-12-30,CUST-0789,PROD-0008,GEO-0014,1899.0,1,0.0,795.7,3,0,20251227,20251230
ORD-2025-10455,2025-12-28,2025-12-30,CUST-0089,PROD-0044,GEO-0024,213.3,3,0.1,100.01,2,0,20251228,20251230
ORD-2025-11388,2025-12-28,2025-12-31,CUST-0261,PROD-0034,GEO-0016,156.0,3,0.2,69.62,3,1,20251228,20251231
ORD-2025-11782,2025-12-28,2026-01-02,CUST-0334,PROD-0053,GEO-0032,22.8,2,0.05,5.99,5,0,20251228,20260102
ORD-2025-12142,2025-12-28,2025-12-30,CUST-0399,PROD-0038,GEO-0005,302.4,2,0.2,103.14,2,0,20251228,20251230
ORD-2025-13342,2025-12-28,2025-12-31,CUST-0617,PROD-0012,GEO-0020,59.0,1,0.0,37.92,3,0,20251228,20251231
ORD-2025-14000,2025-12-28,2026-01-01,CUST-0749,PROD-0047,GEO-0004,24.0,1,0.0,8.84,4,0,20251228,20260101
ORD-2025-14422,2025-12-28,2025-12-31,CUST-0842,PROD-0009,GEO-0001,933.3,2,0.15,285.4,3,1,20251228,20251231
ORD-2025-10333,2025-12-29,2026-01-04,CUST-0071,PROD-0039,GEO-0009,67.2,3,0.3,22.14,6,1,20251229,20260104
ORD-2025-11272,2025-12-29,2026-01-01,CUST-0239,PROD-0044,GEO-0029,158.0,2,0.0,82.51,3,0,20251229,20260101
ORD-2025-11571,2025-12-29,2025-12-31,CUST-0301,PROD-0006,GEO-0016,3897.0,3,0.0,1633.21,2,0,20251229,20251231
ORD-2025-12006,2025-12-29,2025-12-30,CUST-0380,PROD-0035,GEO-0025,150.0,2,0.0,82.27,1,0,20251229,20251230
ORD-2025-12077,2025-12-29,2025-12-31,CUST-0389,PROD-0052,GEO-0014,54.15,3,0.05,18.77,2,0,20251229,20251231
ORD-2025-12138,2025-12-29,2025-12-31,CUST-0397,PROD-0031,GEO-0016,282.15,3,0.05,128.13,2,0,20251229,20251231
ORD-2025-12150,2025-12-29,2026-01-01,CUST-0400,PROD-0008,GEO-0017,1899.0,1,0.0,794.86,3,0,20251229,20260101
ORD-2025-12168,2025-12-29,2025-12-31,CUST-0402,PROD-0025,GEO-0027,584.1,1,0.1,198.68,2,0,20251229,20251231
ORD-2025-12211,2025-12-30,2026-01-02,CUST-0409,PROD-0038,GEO-0029,1323.0,10,0.3,337.29,3,0,20251230,20260102
ORD-2025-12334,2025-12-30,2025-12-31,CUST-0426,PROD-0033,GEO-0007,101.4,1,0.4,10.77,1,1,20251230,20251231
ORD-2025-13089,2025-12-30,2026-01-01,CUST-0568,PROD-0056,GEO-0013,229.0,1,0.0,113.29,2,0,20251230,20260101
ORD-2025-13670,2025-12-30,2026-01-03,CUST-0679,PROD-0054,GEO-0017,418.6,2,0.3,127.26,4,0,20251230,20260103
ORD-2025-13773,2025-12-30,2026-01-01,CUST-0701,PROD-0011,GEO-0014,122.55,1,0.05,71.15,2,0,20251230,20260101
ORD-2025-10511,2025-12-31,2026-01-05,CUST-0099,PROD-0047,GEO-0006,22.8,1,0.05,7.95,5,0,20251231,20260105
ORD-2025-11252,2025-12-31,2026-01-04,CUST-0234,PROD-0050,GEO-0030,37.8,1,0.1,18.7,4,0,20251231,20260104
ORD-2025-11845,2025-12-31,2026-01-02,CUST-0345,PROD-0051,GEO-0030,16.2,1,0.1,3.46,2,0,20251231,20260102
ORD-2025-12020,2025-12-31,2026-01-05,CUST-0381,PROD-0006,GEO-0027,3312.45,3,0.15,1045.8,5,1,20251231,20260105
ORD-2025-12152,2025-12-31,2026-01-02,CUST-0400,PROD-0049,GEO-0017,17.6,1,0.2,5.83,2,0,20251231,20260102
ORD-2025-12622,2025-12-31,2026-01-04,CUST-0478,PROD-0046,GEO-0006,34.0,1,0.0,13.25,4,0,20251231,20260104
ORD-2025-12929,2025-12-31,2026-01-04,CUST-0536,PROD-0042,GEO-0013,465.5,10,0.05,239.11,4,0,20251231,20260104
ORD-2025-13076,2025-12-31,2026-01-02,CUST-0567,PROD-0045,GEO-0021,792.0,8,0.1,379.17,2,1,20251231,20260102
ORD-2025-13156,2025-12-31,2026-01-02,CUST-0585,PROD-0013,GEO-0023,58.65,1,0.15,29.78,2,0,20251231,20260102
ORD-2025-13335,2025-12-31,2026-01-02,CUST-0616,PROD-0028,GEO-0018,799.0,1,0.0,344.21,2,0,20251231,20260102
ORD-2025-13663,2025-12-31,2026-01-03,CUST-0679,PROD-0004,GEO-0017,3297.0,3,0.0,1242.53,3,0,20251231,20260103
ORD-2025-14051,2025-12-31,2026-01-06,CUST-0758,PROD-0032,GEO-0030,1212.2,4,0.05,551.16,6,0,20251231,20260106
ORD-2026-10357,2026-01-01,2026-01-04,CUST-0075,PROD-0045,GEO-0004,187.0,2,0.15,90.3,3,1,20260101,20260104
ORD-2026-11108,2026-01-01,2026-01-03,CUST-0205,PROD-0022,GEO-0032,832.2,4,0.05,432.31,2,0,20260101,20260103
ORD-2026-11352,2026-01-01,2026-01-04,CUST-0255,PROD-0009,GEO-0030,1647.0,3,0.0,673.67,3,0,20260101,20260104
ORD-2026-10345,2026-01-02,2026-01-06,CUST-0073,PROD-0052,GEO-0029,38.0,2,0.0,17.56,4,0,20260102,20260106
ORD-2026-14437,2026-01-02,2026-01-06,CUST-0846,PROD-0020,GEO-0031,663.1,2,0.05,332.4,4,0,20260102,20260106
ORD-2026-10395,2026-01-03,2026-01-06,CUST-0082,PROD-0013,GEO-0023,345.0,5,0.0,204.85,3,0,20260103,20260106
ORD-2026-12784,2026-01-03,2026-01-05,CUST-0511,PROD-0048,GEO-0031,26.6,1,0.05,12.38,2,0,20260103,20260105
ORD-2026-13616,2026-01-03,2026-01-05,CUST-0669,PROD-0026,GEO-0015,499.0,1,0.0,213.78,2,0,20260103,20260105
ORD-2026-14292,2026-01-03,2026-01-08,CUST-0816,PROD-0052,GEO-0001,51.3,3,0.1,15.79,5,0,20260103,20260108
ORD-2026-11152,2026-01-04,2026-01-06,CUST-0215,PROD-0034,GEO-0006,175.5,3,0.1,86.76,2,0,20260104,20260106
ORD-2026-11389,2026-01-04,2026-01-06,CUST-0261,PROD-0013,GEO-0016,69.0,1,0.0,41.86,2,0,20260104,20260106
ORD-2026-11508,2026-01-04,2026-01-09,CUST-0288,PROD-0047,GEO-0020,72.0,3,0.0,32.01,5,0,20260104,20260109
ORD-2026-12679,2026-01-04,2026-01-10,CUST-0489,PROD-0039,GEO-0024,32.0,1,0.0,14.1,6,0,20260104,20260110
ORD-2026-11629,2026-01-05,2026-01-06,CUST-0311,PROD-0046,GEO-0005,34.0,1,0.0,15.96,1,0,20260105,20260106
ORD-2026-11320,2026-01-06,2026-01-08,CUST-0248,PROD-0007,GEO-0016,999.0,1,0.0,412.29,2,0,20260106,20260108
ORD-2026-13237,2026-01-06,2026-01-08,CUST-0597,PROD-0013,GEO-0008,393.3,6,0.05,224.65,2,0,20260106,20260108
ORD-2026-13604,2026-01-06,2026-01-11,CUST-0666,PROD-0048,GEO-0030,28.0,1,0.0,10.78,5,0,20260106,20260111
ORD-2026-11312,2026-01-07,2026-01-10,CUST-0246,PROD-0029,GEO-0005,1020.8,4,0.2,276.59,3,0,20260107,20260110
ORD-2026-11446,2026-01-07,2026-01-09,CUST-0275,PROD-0004,GEO-0031,1099.0,1,0.0,415.9,2,0,20260107,20260109
ORD-2026-11663,2026-01-07,2026-01-09,CUST-0317,PROD-0043,GEO-0016,177.0,3,0.0,91.1,2,0,20260107,20260109
ORD-2026-13145,2026-01-07,2026-01-09,CUST-0583,PROD-0024,GEO-0031,598.0,2,0.0,309.47,2,0,20260107,20260109
ORD-2026-13346,2026-01-07,2026-01-09,CUST-0617,PROD-0016,GEO-0020,1699.0,1,0.0,792.03,2,0,20260107,20260109
ORD-2026-13669,2026-01-07,2026-01-11,CUST-0679,PROD-0059,GEO-0017,19.8,2,0.1,-0.7,4,0,20260107,20260111
ORD-2026-11039,2026-01-08,2026-01-11,CUST-0192,PROD-0013,GEO-0002,234.6,4,0.15,131.63,3,0,20260108,20260111
ORD-2026-11889,2026-01-08,2026-01-15,CUST-0354,PROD-0007,GEO-0005,1998.0,2,0.0,828.43,7,0,20260108,20260115
ORD-2026-12052,2026-01-08,2026-01-13,CUST-0385,PROD-0035,GEO-0016,75.0,1,0.0,39.52,5,0,20260108,20260113
ORD-2026-12559,2026-01-08,2026-01-13,CUST-0467,PROD-0025,GEO-0001,908.6,2,0.3,136.95,5,0,20260108,20260113
ORD-2026-13244,2026-01-08,2026-01-11,CUST-0597,PROD-0053,GEO-0008,12.0,1,0.0,3.56,3,0,20260108,20260111
ORD-2026-14160,2026-01-08,2026-01-09,CUST-0779,PROD-0030,GEO-0012,389.3,2,0.15,156.46,1,0,20260108,20260109
ORD-2026-10282,2026-01-09,2026-01-11,CUST-0064,PROD-0008,GEO-0027,5697.0,3,0.0,2382.41,2,0,20260109,20260111
ORD-2026-12169,2026-01-10,2026-01-16,CUST-0402,PROD-0043,GEO-0027,472.0,8,0.0,237.52,6,1,20260110,20260116
ORD-2026-12412,2026-01-10,2026-01-14,CUST-0441,PROD-0026,GEO-0027,474.05,1,0.05,190.55,4,0,20260110,20260114
ORD-2026-13416,2026-01-10,2026-01-13,CUST-0627,PROD-0022,GEO-0022,657.0,3,0.0,356.15,3,0,20260110,20260113
ORD-2026-13818,2026-01-10,2026-01-13,CUST-0710,PROD-0002,GEO-0003,2697.0,3,0.0,1120.15,3,0,20260110,20260113
ORD-2026-14158,2026-01-10,2026-01-15,CUST-0779,PROD-0052,GEO-0012,38.0,2,0.0,11.06,5,0,20260110,20260115
ORD-2026-10457,2026-01-11,2026-01-13,CUST-0089,PROD-0035,GEO-0024,71.25,1,0.05,36.93,2,0,20260111,20260113
ORD-2026-11194,2026-01-11,2026-01-15,CUST-0227,PROD-0047,GEO-0015,68.4,3,0.05,28.73,4,0,20260111,20260115
ORD-2026-11730,2026-01-11,2026-01-14,CUST-0326,PROD-0035,GEO-0029,135.0,2,0.1,66.68,3,0,20260111,20260114
ORD-2026-12995,2026-01-11,2026-01-15,CUST-0551,PROD-0056,GEO-0021,320.6,2,0.3,91.73,4,0,20260111,20260115
ORD-2026-11729,2026-01-12,2026-01-15,CUST-0326,PROD-0038,GEO-0029,453.6,3,0.2,158.25,3,0,20260112,20260115
ORD-2026-12970,2026-01-12,2026-01-15,CUST-0546,PROD-0058,GEO-0004,29.0,1,0.0,13.64,3,0,20260112,20260115
ORD-2026-13087,2026-01-12,2026-01-13,CUST-0568,PROD-0028,GEO-0013,719.1,1,0.1,262.24,1,1,20260112,20260113
ORD-2026-13096,2026-01-12,2026-01-18,CUST-0570,PROD-0016,GEO-0010,1614.05,1,0.05,708.68,6,0,20260112,20260118
ORD-2026-13522,2026-01-12,2026-01-13,CUST-0646,PROD-0015,GEO-0006,240.3,3,0.1,121.97,1,0,20260112,20260113
ORD-2026-14413,2026-01-12,2026-01-17,CUST-0840,PROD-0043,GEO-0009,59.0,1,0.0,31.01,5,0,20260112,20260117
ORD-2026-10459,2026-01-13,2026-01-15,CUST-0089,PROD-0043,GEO-0024,112.1,2,0.05,55.15,2,1,20260113,20260115
ORD-2026-10671,2026-01-13,2026-01-15,CUST-0129,PROD-0053,GEO-0018,12.0,1,0.0,3.71,2,0,20260113,20260115
ORD-2026-10760,2026-01-13,2026-01-16,CUST-0146,PROD-0048,GEO-0006,53.2,2,0.05,22.45,3,0,20260113,20260116
ORD-2026-10843,2026-01-13,2026-01-19,CUST-0158,PROD-0049,GEO-0027,19.8,1,0.1,5.65,6,0,20260113,20260119
ORD-2026-12233,2026-01-13,2026-01-16,CUST-0412,PROD-0030,GEO-0028,229.0,1,0.0,113.56,3,0,20260113,20260116
ORD-2026-12477,2026-01-13,2026-01-14,CUST-0456,PROD-0058,GEO-0032,27.55,1,0.05,11.13,1,0,20260113,20260114
ORD-2026-13095,2026-01-13,2026-01-15,CUST-0570,PROD-0039,GEO-0010,96.0,3,0.0,48.05,2,0,20260113,20260115
ORD-2026-13118,2026-01-13,2026-01-19,CUST-0577,PROD-0057,GEO-0023,108.0,3,0.2,35.38,6,0,20260113,20260119
ORD-2026-14023,2026-01-13,2026-01-15,CUST-0753,PROD-0007,GEO-0008,2997.0,3,0.0,1238.67,2,0,20260113,20260115
ORD-2026-14040,2026-01-13,2026-01-15,CUST-0757,PROD-0050,GEO-0012,37.8,1,0.1,15.61,2,0,20260113,20260115
ORD-2026-10946,2026-01-14,2026-01-19,CUST-0173,PROD-0034,GEO-0028,65.0,1,0.0,34.28,5,0,20260114,20260119
ORD-2026-11117,2026-01-14,2026-01-18,CUST-0207,PROD-0031,GEO-0008,79.2,2,0.6,-21.33,4,0,20260114,20260118
ORD-2026-12072,2026-01-14,2026-01-15,CUST-0389,PROD-0026,GEO-0014,424.15,1,0.15,138.52,1,0,20260114,20260115
ORD-2026-12107,2026-01-14,2026-01-19,CUST-0394,PROD-0002,GEO-0030,1708.1,2,0.05,659.02,5,0,20260114,20260119
ORD-2026-12325,2026-01-14,2026-01-15,CUST-0426,PROD-0031,GEO-0007,118.8,2,0.4,20.05,1,0,20260114,20260115
ORD-2026-13169,2026-01-14,2026-01-17,CUST-0587,PROD-0055,GEO-0026,278.0,2,0.0,141.13,3,0,20260114,20260117
ORD-2026-13983,2026-01-14,2026-01-16,CUST-0747,PROD-0046,GEO-0022,136.0,4,0.0,52.01,2,1,20260114,20260116
ORD-2026-12839,2026-01-15,2026-01-18,CUST-0517,PROD-0056,GEO-0010,206.1,1,0.1,89.43,3,0,20260115,20260118
ORD-2026-12932,2026-01-15,2026-01-16,CUST-0536,PROD-0052,GEO-0013,51.3,3,0.1,20.88,1,0,20260115,20260116
ORD-2026-13122,2026-01-15,2026-01-17,CUST-0578,PROD-0041,GEO-0005,105.3,3,0.1,48.52,2,0,20260115,20260117
ORD-2026-11316,2026-01-17,2026-01-20,CUST-0246,PROD-0006,GEO-0005,2598.0,2,0.0,1084.03,3,0,20260117,20260120
ORD-2026-13532,2026-01-17,2026-01-20,CUST-0649,PROD-0006,GEO-0027,1299.0,1,0.0,544.07,3,0,20260117,20260120
ORD-2026-14205,2026-01-17,2026-01-18,CUST-0791,PROD-0021,GEO-0011,379.05,1,0.05,183.59,1,0,20260117,20260118
ORD-2026-10120,2026-01-18,2026-01-20,CUST-0028,PROD-0023,GEO-0016,498.0,2,0.0,249.56,2,0,20260118,20260120
ORD-2026-13602,2026-01-18,2026-01-20,CUST-0666,PROD-0035,GEO-0030,71.25,1,0.05,35.03,2,0,20260118,20260120
ORD-2026-10341,2026-01-19,2026-01-26,CUST-0073,PROD-0001,GEO-0029,1518.1,2,0.05,608.77,7,0,20260119,20260126
ORD-2026-10576,2026-01-19,2026-01-21,CUST-0113,PROD-0011,GEO-0032,245.1,2,0.05,149.03,2,0,20260119,20260121
ORD-2026-10944,2026-01-19,2026-01-23,CUST-0172,PROD-0057,GEO-0028,450.0,10,0.0,206.4,4,0,20260119,20260123
ORD-2026-11555,2026-01-20,2026-01-24,CUST-0298,PROD-0008,GEO-0010,1899.0,1,0.0,795.78,4,0,20260120,20260124
ORD-2026-11059,2026-01-21,2026-01-24,CUST-0195,PROD-0030,GEO-0010,274.8,2,0.4,41.13,3,0,20260121,20260124
ORD-2026-13162,2026-01-21,2026-01-25,CUST-0585,PROD-0058,GEO-0023,29.0,1,0.0,13.42,4,0,20260121,20260125
ORD-2026-10418,2026-01-22,2026-01-28,CUST-0086,PROD-0044,GEO-0022,158.0,2,0.0,83.52,6,0,20260122,20260128
ORD-2026-12772,2026-01-23,2026-01-26,CUST-0507,PROD-0049,GEO-0024,56.1,3,0.15,19.2,3,1,20260123,20260126
ORD-2026-13235,2026-01-23,2026-01-30,CUST-0597,PROD-0028,GEO-0008,1198.5,3,0.5,-169.01,7,0,20260123,20260130
ORD-2026-14031,2026-01-23,2026-01-28,CUST-0756,PROD-0039,GEO-0015,67.2,3,0.3,17.5,5,1,20260123,20260128
ORD-2026-14317,2026-01-23,2026-01-27,CUST-0820,PROD-0039,GEO-0011,64.0,2,0.0,33.67,4,0,20260123,20260127
ORD-2026-14353,2026-01-23,2026-01-25,CUST-0826,PROD-0022,GEO-0022,219.0,1,0.0,120.52,2,0,20260123,20260125
ORD-2026-13551,2026-01-24,2026-01-26,CUST-0653,PROD-0059,GEO-0026,19.8,2,0.1,5.29,2,1,20260124,20260126
ORD-2026-12354,2026-01-25,2026-01-27,CUST-0430,PROD-0001,GEO-0016,1598.0,2,0.0,689.85,2,0,20260125,20260127
ORD-2026-10972,2026-01-26,2026-01-28,CUST-0180,PROD-0034,GEO-0013,123.5,2,0.05,60.39,2,0,20260126,20260128
ORD-2026-11280,2026-01-26,2026-01-29,CUST-0240,PROD-0027,GEO-0029,333.6,4,0.4,10.72,3,0,20260126,20260129
ORD-2026-11942,2026-01-26,2026-01-27,CUST-0365,PROD-0046,GEO-0006,64.6,2,0.05,22.97,1,0,20260126,20260127
ORD-2026-12399,2026-01-26,2026-01-28,CUST-0438,PROD-0023,GEO-0027,236.55,1,0.05,110.72,2,0,20260126,20260128
ORD-2026-13081,2026-01-26,2026-01-28,CUST-0567,PROD-0054,GEO-0021,299.0,1,0.0,154.99,2,0,20260126,20260128
ORD-2026-10068,2026-01-27,2026-01-29,CUST-0016,PROD-0025,GEO-0002,454.3,1,0.3,68.35,2,0,20260127,20260129
ORD-2026-10733,2026-01-27,2026-01-30,CUST-0141,PROD-0035,GEO-0018,150.0,2,0.0,80.23,3,0,20260127,20260130
ORD-2026-11476,2026-01-27,2026-01-29,CUST-0279,PROD-0034,GEO-0015,61.75,1,0.05,33.34,2,0,20260127,20260129
ORD-2026-12337,2026-01-27,2026-01-30,CUST-0426,PROD-0019,GEO-0007,625.1,2,0.05,254.07,3,0,20260127,20260130
ORD-2026-12822,2026-01-27,2026-01-31,CUST-0516,PROD-0012,GEO-0012,53.1,1,0.1,28.74,4,0,20260127,20260131
ORD-2026-14210,2026-01-27,2026-01-29,CUST-0793,PROD-0033,GEO-0003,540.8,4,0.2,188.05,2,0,20260127,20260129
ORD-2026-10927,2026-01-28,2026-01-31,CUST-0170,PROD-0025,GEO-0003,2596.0,4,0.0,1048.57,3,0,20260128,20260131
ORD-2026-12198,2026-01-28,2026-01-31,CUST-0406,PROD-0058,GEO-0002,29.0,1,0.0,11.95,3,0,20260128,20260131
ORD-2026-12785,2026-01-28,2026-01-31,CUST-0511,PROD-0035,GEO-0031,270.0,4,0.1,123.75,3,0,20260128,20260131
ORD-2026-10594,2026-01-29,2026-01-31,CUST-0116,PROD-0058,GEO-0015,58.0,2,0.0,21.46,2,0,20260129,20260131
ORD-2026-12961,2026-01-29,2026-01-31,CUST-0544,PROD-0033,GEO-0021,338.0,2,0.0,160.8,2,0,20260129,20260131
ORD-2026-13315,2026-01-29,2026-02-01,CUST-0612,PROD-0057,GEO-0032,81.0,2,0.1,37.93,3,0,20260129,20260201
ORD-2026-10614,2026-01-30,2026-02-03,CUST-0122,PROD-0010,GEO-0004,1304.1,1,0.1,449.19,4,0,20260130,20260203
ORD-2026-12171,2026-01-30,2026-01-31,CUST-0403,PROD-0036,GEO-0013,49.0,1,0.0,25.33,1,0,20260130,20260131
ORD-2026-14005,2026-01-30,2026-02-04,CUST-0750,PROD-0051,GEO-0007,18.0,1,0.0,6.52,5,0,20260130,20260204
ORD-2026-14223,2026-01-30,2026-02-05,CUST-0795,PROD-0003,GEO-0023,359.1,1,0.1,135.01,6,0,20260130,20260205
ORD-2026-10004,2026-01-31,2026-02-03,CUST-0002,PROD-0013,GEO-0007,124.2,2,0.1,67.24,3,0,20260131,20260203
ORD-2026-11017,2026-01-31,2026-02-02,CUST-0190,PROD-0057,GEO-0024,40.5,1,0.1,17.72,2,0,20260131,20260202
ORD-2026-11198,2026-01-31,2026-02-02,CUST-0227,PROD-0007,GEO-0015,2997.0,3,0.0,1236.03,2,0,20260131,20260202
ORD-2026-11381,2026-01-31,2026-02-02,CUST-0260,PROD-0023,GEO-0031,747.0,3,0.0,375.48,2,0,20260131,20260202
ORD-2026-11969,2026-01-31,2026-02-07,CUST-0371,PROD-0026,GEO-0028,499.0,1,0.0,215.73,7,0,20260131,20260207
ORD-2026-11988,2026-01-31,2026-02-03,CUST-0376,PROD-0040,GEO-0007,65.55,1,0.05,32.14,3,0,20260131,20260203
ORD-2026-13630,2026-01-31,2026-02-02,CUST-0671,PROD-0029,GEO-0028,287.1,1,0.1,103.16,2,0,20260131,20260202
ORD-2026-10031,2026-02-01,2026-02-03,CUST-0006,PROD-0037,GEO-0029,945.0,5,0.1,460.65,2,0,20260201,20260203
ORD-2026-10141,2026-02-01,2026-02-03,CUST-0030,PROD-0057,GEO-0008,27.0,1,0.4,3.93,2,0,20260201,20260203
ORD-2026-10297,2026-02-01,2026-02-02,CUST-0065,PROD-0023,GEO-0027,2490.0,10,0.0,1257.74,1,0,20260201,20260202
ORD-2026-12121,2026-02-01,2026-02-03,CUST-0396,PROD-0051,GEO-0010,34.2,2,0.05,12.47,2,0,20260201,20260203
ORD-2026-13050,2026-02-01,2026-02-05,CUST-0563,PROD-0028,GEO-0012,559.3,1,0.3,105.07,4,0,20260201,20260205
ORD-2026-12793,2026-02-02,2026-02-04,CUST-0513,PROD-0001,GEO-0032,719.1,1,0.1,265.8,2,0,20260202,20260204
ORD-2026-10942,2026-02-03,2026-02-07,CUST-0172,PROD-0028,GEO-0028,799.0,2,0.5,-108.01,4,0,20260203,20260207
ORD-2026-11741,2026-02-03,2026-02-06,CUST-0329,PROD-0031,GEO-0013,84.15,1,0.15,34.89,3,0,20260203,20260206
ORD-2026-12894,2026-02-03,2026-02-05,CUST-0525,PROD-0016,GEO-0007,1699.0,1,0.0,793.92,2,0,20260203,20260205
ORD-2026-13462,2026-02-03,2026-02-06,CUST-0639,PROD-0017,GEO-0018,629.1,1,0.1,245.13,3,0,20260203,20260206
ORD-2026-10281,2026-02-04,2026-02-07,CUST-0064,PROD-0029,GEO-0027,638.0,2,0.0,265.32,3,0,20260204,20260207
ORD-2026-10692,2026-02-04,2026-02-06,CUST-0134,PROD-0046,GEO-0023,32.3,1,0.05,12.64,2,0,20260204,20260206
ORD-2026-10334,2026-02-05,2026-02-10,CUST-0072,PROD-0003,GEO-0029,798.0,2,0.0,347.97,5,0,20260205,20260210
ORD-2026-10346,2026-02-05,2026-02-07,CUST-0073,PROD-0012,GEO-0029,53.1,1,0.1,30.5,2,0,20260205,20260207
ORD-2026-11220,2026-02-05,2026-02-07,CUST-0230,PROD-0008,GEO-0021,5697.0,3,0.0,2386.72,2,0,20260205,20260207
ORD-2026-10151,2026-02-06,2026-02-11,CUST-0033,PROD-0004,GEO-0026,824.25,1,0.25,140.6,5,0,20260206,20260211
ORD-2026-10348,2026-02-06,2026-02-09,CUST-0073,PROD-0054,GEO-0029,299.0,1,0.0,154.22,3,0,20260206,20260209
ORD-2026-12314,2026-02-06,2026-02-08,CUST-0424,PROD-0047,GEO-0014,22.8,1,0.05,9.45,2,0,20260206,20260208
ORD-2026-13103,2026-02-06,2026-02-09,CUST-0573,PROD-0049,GEO-0010,44.0,2,0.0,14.55,3,0,20260206,20260209
ORD-2026-13850,2026-02-06,2026-02-08,CUST-0717,PROD-0028,GEO-0010,2716.6,4,0.15,901.25,2,0,20260206,20260208
ORD-2026-10063,2026-02-07,2026-02-11,CUST-0014,PROD-0033,GEO-0020,169.0,1,0.0,78.69,4,0,20260207,20260211
ORD-2026-10205,2026-02-07,2026-02-12,CUST-0046,PROD-0043,GEO-0026,236.0,4,0.0,118.41,5,0,20260207,20260212
ORD-2026-10425,2026-02-07,2026-02-08,CUST-0086,PROD-0059,GEO-0022,33.0,3,0.0,4.67,1,0,20260207,20260208
ORD-2026-11561,2026-02-07,2026-02-10,CUST-0301,PROD-0007,GEO-0016,1798.2,2,0.1,627.11,3,0,20260207,20260210
ORD-2026-12788,2026-02-07,2026-02-10,CUST-0511,PROD-0018,GEO-0031,398.0,2,0.0,167.46,3,0,20260207,20260210
ORD-2026-13047,2026-02-07,2026-02-09,CUST-0563,PROD-0053,GEO-0012,22.8,2,0.05,5.82,2,0,20260207,20260209
ORD-2026-13629,2026-02-07,2026-02-10,CUST-0671,PROD-0002,GEO-0028,854.05,1,0.05,330.95,3,0,20260207,20260210
ORD-2026-13662,2026-02-07,2026-02-10,CUST-0679,PROD-0007,GEO-0017,2997.0,3,0.0,1236.01,3,0,20260207,20260210
ORD-2026-10332,2026-02-08,2026-02-10,CUST-0071,PROD-0028,GEO-0009,2277.15,3,0.05,917.01,2,0,20260208,20260210
ORD-2026-12355,2026-02-08,2026-02-11,CUST-0430,PROD-0035,GEO-0016,225.0,3,0.0,123.84,3,0,20260208,20260211
ORD-2026-14446,2026-02-08,2026-02-10,CUST-0846,PROD-0043,GEO-0031,118.0,2,0.0,59.06,2,0,20260208,20260210
ORD-2026-11062,2026-02-09,2026-02-14,CUST-0196,PROD-0039,GEO-0029,25.6,1,0.2,7.66,5,0,20260209,20260214
ORD-2026-13451,2026-02-09,2026-02-10,CUST-0638,PROD-0026,GEO-0005,474.05,1,0.05,187.8,1,0,20260209,20260210
ORD-2026-14278,2026-02-09,2026-02-11,CUST-0812,PROD-0027,GEO-0017,139.0,1,0.0,59.09,2,0,20260209,20260211
ORD-2026-13891,2026-02-10,2026-02-15,CUST-0730,PROD-0060,GEO-0008,14.0,1,0.0,3.04,5,0,20260210,20260215
ORD-2026-14337,2026-02-10,2026-02-12,CUST-0823,PROD-0026,GEO-0011,249.5,1,0.5,-36.71,2,0,20260210,20260212
ORD-2026-11018,2026-02-11,2026-02-14,CUST-0190,PROD-0009,GEO-0024,1647.0,3,0.0,675.4,3,0,20260211,20260214
ORD-2026-13298,2026-02-11,2026-02-13,CUST-0609,PROD-0019,GEO-0014,987.0,3,0.0,437.9,2,0,20260211,20260213
ORD-2026-12954,2026-02-12,2026-02-14,CUST-0541,PROD-0045,GEO-0026,110.0,1,0.0,61.62,2,0,20260212,20260214
ORD-2026-12580,2026-02-13,2026-02-18,CUST-0470,PROD-0026,GEO-0004,848.3,2,0.15,280.77,5,0,20260213,20260218
ORD-2026-13666,2026-02-13,2026-02-15,CUST-0679,PROD-0056,GEO-0017,2290.0,10,0.0,1143.09,2,0,20260213,20260215
ORD-2026-11075,2026-02-14,2026-02-16,CUST-0199,PROD-0039,GEO-0013,32.0,1,0.0,13.41,2,0,20260214,20260216
ORD-2026-12104,2026-02-14,2026-02-17,CUST-0394,PROD-0005,GEO-0030,1615.0,2,0.15,401.87,3,0,20260214,20260217
ORD-2026-12991,2026-02-14,2026-02-15,CUST-0551,PROD-0025,GEO-0021,908.6,2,0.3,135.05,1,0,20260214,20260215
ORD-2026-13372,2026-02-14,2026-02-16,CUST-0623,PROD-0047,GEO-0029,57.6,3,0.2,21.02,2,0,20260214,20260216
ORD-2026-11322,2026-02-15,2026-02-18,CUST-0249,PROD-0017,GEO-0007,1118.4,2,0.2,351.03,3,0,20260215,20260218
ORD-2026-11581,2026-02-15,2026-02-17,CUST-0304,PROD-0035,GEO-0032,60.0,1,0.2,25.53,2,0,20260215,20260217
ORD-2026-13005,2026-02-15,2026-02-20,CUST-0553,PROD-0009,GEO-0004,2635.2,6,0.2,687.9,5,0,20260215,20260220
ORD-2026-13051,2026-02-15,2026-02-17,CUST-0563,PROD-0050,GEO-0012,119.7,3,0.05,51.18,2,0,20260215,20260217
ORD-2026-10462,2026-02-16,2026-02-17,CUST-0090,PROD-0010,GEO-0027,1304.1,1,0.1,448.68,1,0,20260216,20260217
ORD-2026-11151,2026-02-16,2026-02-18,CUST-0215,PROD-0008,GEO-0006,5697.0,3,0.0,2380.73,2,0,20260216,20260218
ORD-2026-11634,2026-02-16,2026-02-19,CUST-0311,PROD-0010,GEO-0005,2898.0,2,0.0,1185.97,3,0,20260216,20260219
ORD-2026-11955,2026-02-16,2026-02-21,CUST-0368,PROD-0017,GEO-0017,699.0,1,0.0,312.79,5,0,20260216,20260221
ORD-2026-12851,2026-02-16,2026-02-22,CUST-0518,PROD-0018,GEO-0032,338.3,2,0.15,110.18,6,0,20260216,20260222
ORD-2026-10869,2026-02-17,2026-02-21,CUST-0161,PROD-0029,GEO-0028,638.0,2,0.0,267.0,4,0,20260217,20260221
ORD-2026-11501,2026-02-18,2026-02-20,CUST-0286,PROD-0004,GEO-0004,2802.45,3,0.15,745.75,2,0,20260218,20260220
ORD-2026-13755,2026-02-18,2026-02-21,CUST-0697,PROD-0042,GEO-0020,83.3,2,0.15,34.57,3,0,20260218,20260221
ORD-2026-10009,2026-02-19,2026-02-22,CUST-0003,PROD-0026,GEO-0031,499.0,1,0.0,215.15,3,0,20260219,20260222
ORD-2026-10177,2026-02-19,2026-02-21,CUST-0036,PROD-0012,GEO-0010,112.1,2,0.05,63.79,2,0,20260219,20260221
ORD-2026-10267,2026-02-19,2026-02-23,CUST-0062,PROD-0010,GEO-0031,1159.2,1,0.2,302.86,4,0,20260219,20260223
ORD-2026-11392,2026-02-19,2026-02-24,CUST-0262,PROD-0046,GEO-0023,64.6,2,0.05,29.57,5,0,20260219,20260224
ORD-2026-11536,2026-02-19,2026-02-22,CUST-0293,PROD-0012,GEO-0030,56.05,1,0.05,32.68,3,0,20260219,20260222
ORD-2026-11635,2026-02-19,2026-02-22,CUST-0311,PROD-0032,GEO-0005,303.05,1,0.05,138.19,3,0,20260219,20260222
ORD-2026-12139,2026-02-19,2026-02-21,CUST-0397,PROD-0026,GEO-0016,474.05,1,0.05,187.66,2,0,20260219,20260221
ORD-2026-10043,2026-02-20,2026-02-23,CUST-0009,PROD-0053,GEO-0032,9.6,1,0.2,-0.11,3,0,20260220,20260223
ORD-2026-10861,2026-02-20,2026-02-23,CUST-0161,PROD-0047,GEO-0028,38.4,2,0.2,11.34,3,0,20260220,20260223
ORD-2026-11350,2026-02-20,2026-02-21,CUST-0254,PROD-0040,GEO-0016,48.3,1,0.3,14.51,1,0,20260220,20260221
ORD-2026-11552,2026-02-20,2026-02-23,CUST-0298,PROD-0053,GEO-0010,21.6,2,0.1,3.84,3,0,20260220,20260223
ORD-2026-12401,2026-02-20,2026-02-25,CUST-0438,PROD-0012,GEO-0027,59.0,1,0.0,34.39,5,1,20260220,20260225
ORD-2026-13881,2026-02-20,2026-02-23,CUST-0727,PROD-0039,GEO-0029,128.0,4,0.0,54.54,3,0,20260220,20260223
ORD-2026-14061,2026-02-20,2026-02-23,CUST-0759,PROD-0053,GEO-0016,12.0,1,0.0,1.13,3,0,20260220,20260223
ORD-2026-10453,2026-02-21,2026-02-22,CUST-0089,PROD-0055,GEO-0024,125.1,1,0.1,54.31,1,0,20260221,20260222
ORD-2026-10496,2026-02-21,2026-02-24,CUST-0096,PROD-0044,GEO-0024,79.0,1,0.0,41.69,3,0,20260221,20260224
ORD-2026-10521,2026-02-21,2026-02-28,CUST-0101,PROD-0046,GEO-0015,64.6,2,0.05,28.87,7,0,20260221,20260228
ORD-2026-10896,2026-02-21,2026-02-23,CUST-0165,PROD-0037,GEO-0002,210.0,1,0.0,113.38,2,0,20260221,20260223
ORD-2026-11563,2026-02-21,2026-02-25,CUST-0301,PROD-0006,GEO-0016,2468.1,2,0.05,959.06,4,0,20260221,20260225
ORD-2026-13814,2026-02-21,2026-02-27,CUST-0709,PROD-0019,GEO-0006,329.0,1,0.0,142.7,6,0,20260221,20260227
ORD-2026-13858,2026-02-21,2026-02-22,CUST-0719,PROD-0056,GEO-0016,1087.75,5,0.05,510.65,1,0,20260221,20260222
ORD-2026-13952,2026-02-21,2026-02-28,CUST-0742,PROD-0003,GEO-0011,2394.0,6,0.0,1033.76,7,0,20260221,20260228
ORD-2026-10121,2026-02-22,2026-02-26,CUST-0028,PROD-0013,GEO-0016,138.0,2,0.0,82.17,4,0,20260222,20260226
ORD-2026-11329,2026-02-22,2026-02-25,CUST-0251,PROD-0030,GEO-0019,343.5,3,0.5,-2.19,3,0,20260222,20260225
ORD-2026-14361,2026-02-22,2026-02-24,CUST-0829,PROD-0056,GEO-0031,687.0,3,0.0,342.65,2,1,20260222,20260224
ORD-2026-10677,2026-02-23,2026-03-01,CUST-0130,PROD-0004,GEO-0022,1044.05,1,0.05,359.18,6,0,20260223,20260301
ORD-2026-11074,2026-02-23,2026-02-26,CUST-0199,PROD-0059,GEO-0013,20.9,2,0.05,4.77,3,0,20260223,20260226
ORD-2026-11505,2026-02-23,2026-02-26,CUST-0287,PROD-0042,GEO-0029,46.55,1,0.05,22.41,3,0,20260223,20260226
ORD-2026-13056,2026-02-23,2026-02-27,CUST-0565,PROD-0052,GEO-0007,36.1,2,0.05,15.38,4,0,20260223,20260227
ORD-2026-14112,2026-02-23,2026-02-25,CUST-0767,PROD-0021,GEO-0003,359.1,1,0.1,163.98,2,0,20260223,20260225
ORD-2026-14242,2026-02-23,2026-03-01,CUST-0801,PROD-0040,GEO-0007,62.1,1,0.1,30.46,6,0,20260223,20260301
ORD-2026-14395,2026-02-23,2026-02-28,CUST-0837,PROD-0010,GEO-0016,1376.55,1,0.05,523.25,5,0,20260223,20260228
ORD-2026-12151,2026-02-24,2026-02-26,CUST-0400,PROD-0018,GEO-0017,567.15,3,0.05,216.25,2,0,20260224,20260226
ORD-2026-12223,2026-02-24,2026-02-25,CUST-0411,PROD-0050,GEO-0001,35.7,1,0.15,13.44,1,0,20260224,20260225
ORD-2026-12748,2026-02-24,2026-02-27,CUST-0500,PROD-0049,GEO-0018,22.0,1,0.0,10.43,3,0,20260224,20260227
ORD-2026-13322,2026-02-24,2026-02-25,CUST-0615,PROD-0035,GEO-0006,225.0,3,0.0,125.29,1,0,20260224,20260225
ORD-2026-10215,2026-02-25,2026-02-28,CUST-0048,PROD-0022,GEO-0008,208.05,1,0.05,106.98,3,1,20260225,20260228
ORD-2026-10468,2026-02-25,2026-02-27,CUST-0091,PROD-0003,GEO-0019,399.0,1,0.0,172.33,2,0,20260225,20260227
ORD-2026-10641,2026-02-25,2026-02-27,CUST-0125,PROD-0031,GEO-0031,470.25,5,0.05,214.37,2,0,20260225,20260227
ORD-2026-11033,2026-02-25,2026-02-28,CUST-0192,PROD-0009,GEO-0002,1866.6,4,0.15,574.43,3,0,20260225,20260228
ORD-2026-11209,2026-02-25,2026-03-04,CUST-0229,PROD-0021,GEO-0018,399.0,1,0.0,205.45,7,1,20260225,20260304
ORD-2026-11305,2026-02-25,2026-02-27,CUST-0244,PROD-0060,GEO-0020,42.0,3,0.0,15.7,2,0,20260225,20260227
ORD-2026-11514,2026-02-25,2026-02-27,CUST-0289,PROD-0040,GEO-0010,69.0,1,0.0,34.16,2,0,20260225,20260227
ORD-2026-11595,2026-02-25,2026-02-28,CUST-0305,PROD-0017,GEO-0007,6990.0,10,0.0,3120.38,3,0,20260225,20260228
ORD-2026-13880,2026-02-25,2026-02-27,CUST-0727,PROD-0048,GEO-0029,28.0,1,0.0,13.56,2,0,20260225,20260227
ORD-2026-10054,2026-02-26,2026-02-28,CUST-0010,PROD-0018,GEO-0030,597.0,3,0.0,253.26,2,1,20260226,20260228
ORD-2026-12193,2026-02-26,2026-03-03,CUST-0406,PROD-0034,GEO-0002,123.5,2,0.05,67.38,5,0,20260226,20260303
ORD-2026-12449,2026-02-26,2026-03-01,CUST-0453,PROD-0051,GEO-0011,34.2,2,0.05,9.49,3,0,20260226,20260301
ORD-2026-12635,2026-02-26,2026-03-04,CUST-0481,PROD-0060,GEO-0031,42.0,3,0.0,9.44,6,0,20260226,20260304
ORD-2026-10647,2026-02-27,2026-03-01,CUST-0125,PROD-0006,GEO-0031,1299.0,1,0.0,543.48,2,0,20260227,20260301
ORD-2026-12795,2026-02-27,2026-03-06,CUST-0513,PROD-0056,GEO-0032,458.0,2,0.0,231.49,7,0,20260227,20260306
ORD-2026-13013,2026-02-27,2026-03-01,CUST-0555,PROD-0059,GEO-0022,11.0,1,0.0,0.16,2,0,20260227,20260301
ORD-2026-13116,2026-02-27,2026-03-03,CUST-0577,PROD-0019,GEO-0023,838.95,3,0.15,281.63,4,1,20260227,20260303
ORD-2026-13245,2026-02-27,2026-02-28,CUST-0598,PROD-0053,GEO-0027,36.0,3,0.0,14.59,1,0,20260227,20260228
ORD-2026-11714,2026-02-28,2026-03-03,CUST-0323,PROD-0026,GEO-0024,499.0,1,0.0,215.63,3,0,20260228,20260303
ORD-2026-11722,2026-02-28,2026-03-02,CUST-0324,PROD-0032,GEO-0017,638.0,2,0.0,310.44,2,1,20260228,20260302
ORD-2026-12860,2026-02-28,2026-03-03,CUST-0518,PROD-0038,GEO-0032,359.1,2,0.05,155.41,3,0,20260228,20260303
ORD-2026-10681,2026-03-01,2026-03-02,CUST-0131,PROD-0030,GEO-0009,229.0,1,0.0,113.35,1,0,20260301,20260302
ORD-2026-11140,2026-03-01,2026-03-05,CUST-0211,PROD-0014,GEO-0032,149.0,1,0.0,89.9,4,1,20260301,20260305
ORD-2026-11274,2026-03-01,2026-03-04,CUST-0239,PROD-0026,GEO-0029,1047.9,3,0.3,189.23,3,0,20260301,20260304
ORD-2026-12716,2026-03-01,2026-03-04,CUST-0497,PROD-0034,GEO-0025,61.75,1,0.05,31.83,3,0,20260301,20260304
ORD-2026-13389,2026-03-01,2026-03-03,CUST-0625,PROD-0008,GEO-0020,3798.0,2,0.0,1584.11,2,0,20260301,20260303
ORD-2026-14461,2026-03-01,2026-03-04,CUST-0849,PROD-0006,GEO-0021,3897.0,3,0.0,1632.23,3,0,20260301,20260304
ORD-2026-10679,2026-03-02,2026-03-04,CUST-0130,PROD-0033,GEO-0022,169.0,1,0.0,77.33,2,0,20260302,20260304
ORD-2026-11493,2026-03-02,2026-03-05,CUST-0286,PROD-0052,GEO-0004,54.15,3,0.05,20.79,3,0,20260302,20260305
ORD-2026-11553,2026-03-02,2026-03-07,CUST-0298,PROD-0038,GEO-0010,510.3,3,0.1,214.87,5,0,20260302,20260307
ORD-2026-11646,2026-03-02,2026-03-06,CUST-0314,PROD-0043,GEO-0019,224.2,4,0.05,103.78,4,0,20260302,20260306
ORD-2026-11745,2026-03-02,2026-03-04,CUST-0330,PROD-0023,GEO-0018,236.55,1,0.05,110.73,2,0,20260302,20260304
ORD-2026-12039,2026-03-02,2026-03-04,CUST-0384,PROD-0005,GEO-0001,950.0,1,0.0,345.74,2,0,20260302,20260304
ORD-2026-12049,2026-03-02,2026-03-04,CUST-0385,PROD-0004,GEO-0016,1099.0,1,0.0,413.07,2,0,20260302,20260304
ORD-2026-13533,2026-03-02,2026-03-03,CUST-0650,PROD-0023,GEO-0021,498.0,2,0.0,244.92,1,0,20260302,20260303
ORD-2026-13672,2026-03-02,2026-03-05,CUST-0680,PROD-0013,GEO-0016,207.0,3,0.0,124.38,3,0,20260302,20260305
ORD-2026-13968,2026-03-02,2026-03-05,CUST-0745,PROD-0048,GEO-0018,58.8,3,0.3,15.69,3,0,20260302,20260305
ORD-2026-14377,2026-03-02,2026-03-05,CUST-0833,PROD-0044,GEO-0019,79.0,1,0.0,41.48,3,0,20260302,20260305
ORD-2026-10025,2026-03-03,2026-03-06,CUST-0005,PROD-0052,GEO-0008,19.0,1,0.0,8.98,3,0,20260303,20260306
ORD-2026-10508,2026-03-03,2026-03-06,CUST-0098,PROD-0053,GEO-0017,11.4,1,0.05,1.66,3,0,20260303,20260306
ORD-2026-12353,2026-03-03,2026-03-05,CUST-0429,PROD-0031,GEO-0019,99.0,1,0.0,49.59,2,0,20260303,20260305
ORD-2026-12673,2026-03-03,2026-03-06,CUST-0489,PROD-0050,GEO-0024,42.0,1,0.0,22.82,3,0,20260303,20260306
ORD-2026-12905,2026-03-03,2026-03-04,CUST-0527,PROD-0055,GEO-0018,375.3,3,0.1,162.38,1,0,20260303,20260304
ORD-2026-13660,2026-03-03,2026-03-08,CUST-0678,PROD-0008,GEO-0002,9495.0,5,0.0,3963.82,5,0,20260303,20260308
ORD-2026-10064,2026-03-04,2026-03-06,CUST-0014,PROD-0056,GEO-0020,458.0,2,0.0,224.19,2,0,20260304,20260306
ORD-2026-14224,2026-03-04,2026-03-09,CUST-0795,PROD-0024,GEO-0023,508.3,2,0.15,214.72,5,0,20260304,20260309
ORD-2026-11413,2026-03-05,2026-03-09,CUST-0268,PROD-0003,GEO-0001,379.05,1,0.05,155.9,4,0,20260305,20260309
ORD-2026-13262,2026-03-05,2026-03-08,CUST-0600,PROD-0032,GEO-0014,223.3,1,0.3,57.46,3,0,20260305,20260308
ORD-2026-10303,2026-03-06,2026-03-09,CUST-0067,PROD-0006,GEO-0031,3702.15,3,0.05,1436.05,3,0,20260306,20260309
ORD-2026-10991,2026-03-06,2026-03-09,CUST-0184,PROD-0043,GEO-0022,94.4,2,0.2,35.9,3,0,20260306,20260309
ORD-2026-11434,2026-03-06,2026-03-08,CUST-0273,PROD-0031,GEO-0013,39.6,1,0.6,-10.51,2,0,20260306,20260308
ORD-2026-11515,2026-03-06,2026-03-11,CUST-0290,PROD-0058,GEO-0001,87.0,3,0.0,36.08,5,0,20260306,20260311
ORD-2026-10206,2026-03-07,2026-03-10,CUST-0047,PROD-0058,GEO-0020,49.3,2,0.15,17.82,3,0,20260307,20260310
ORD-2026-13106,2026-03-07,2026-03-10,CUST-0574,PROD-0022,GEO-0002,197.1,1,0.1,97.92,3,0,20260307,20260310
ORD-2026-11121,2026-03-08,2026-03-13,CUST-0207,PROD-0010,GEO-0008,4347.0,3,0.0,1784.67,5,0,20260308,20260313
ORD-2026-12326,2026-03-08,2026-03-09,CUST-0426,PROD-0049,GEO-0007,20.9,1,0.05,7.72,1,0,20260308,20260309
ORD-2026-13019,2026-03-08,2026-03-09,CUST-0556,PROD-0003,GEO-0014,1137.15,3,0.05,466.34,1,0,20260308,20260309
ORD-2026-13534,2026-03-08,2026-03-10,CUST-0650,PROD-0030,GEO-0021,217.55,1,0.05,101.21,2,0,20260308,20260310
ORD-2026-11338,2026-03-09,2026-03-12,CUST-0252,PROD-0044,GEO-0022,158.0,2,0.0,82.62,3,1,20260309,20260312
ORD-2026-11306,2026-03-10,2026-03-13,CUST-0244,PROD-0050,GEO-0020,39.9,1,0.05,18.4,3,0,20260310,20260313
ORD-2026-12324,2026-03-10,2026-03-12,CUST-0426,PROD-0015,GEO-0007,169.1,2,0.05,87.68,2,0,20260310,20260312
ORD-2026-12528,2026-03-10,2026-03-13,CUST-0462,PROD-0026,GEO-0021,1996.0,4,0.0,852.01,3,0,20260310,20260313
ORD-2026-12834,2026-03-10,2026-03-12,CUST-0517,PROD-0028,GEO-0010,559.3,1,0.3,105.98,2,0,20260310,20260312
ORD-2026-13039,2026-03-10,2026-03-11,CUST-0561,PROD-0044,GEO-0028,474.0,6,0.0,246.79,1,0,20260310,20260311
ORD-2026-13465,2026-03-10,2026-03-12,CUST-0639,PROD-0010,GEO-0018,2898.0,2,0.0,1184.16,2,0,20260310,20260312
ORD-2026-13771,2026-03-10,2026-03-11,CUST-0701,PROD-0050,GEO-0014,168.0,4,0.0,77.15,1,0,20260310,20260311
ORD-2026-10169,2026-03-11,2026-03-13,CUST-0035,PROD-0003,GEO-0006,359.1,1,0.1,133.12,2,0,20260311,20260313
ORD-2026-10696,2026-03-11,2026-03-16,CUST-0134,PROD-0023,GEO-0023,996.0,4,0.0,497.32,5,0,20260311,20260316
ORD-2026-11213,2026-03-11,2026-03-13,CUST-0229,PROD-0048,GEO-0018,28.0,1,0.0,10.2,2,0,20260311,20260313
ORD-2026-12172,2026-03-11,2026-03-12,CUST-0403,PROD-0009,GEO-0013,1098.0,2,0.0,446.23,1,0,20260311,20260312
ORD-2026-10873,2026-03-12,2026-03-14,CUST-0161,PROD-0049,GEO-0028,37.4,2,0.15,11.8,2,0,20260312,20260314
ORD-2026-11124,2026-03-12,2026-03-18,CUST-0207,PROD-0013,GEO-0008,207.0,3,0.0,127.06,6,0,20260312,20260318
ORD-2026-11761,2026-03-13,2026-03-15,CUST-0332,PROD-0015,GEO-0007,253.65,3,0.05,132.18,2,0,20260313,20260315
ORD-2026-13550,2026-03-13,2026-03-19,CUST-0652,PROD-0054,GEO-0021,1794.0,6,0.0,915.77,6,0,20260313,20260319
ORD-2026-13463,2026-03-14,2026-03-17,CUST-0639,PROD-0052,GEO-0018,34.2,2,0.1,11.91,3,0,20260314,20260317
ORD-2026-14175,2026-03-14,2026-03-20,CUST-0782,PROD-0019,GEO-0018,329.0,1,0.0,142.41,6,0,20260314,20260320
ORD-2026-10742,2026-03-15,2026-03-17,CUST-0142,PROD-0035,GEO-0025,67.5,1,0.1,31.25,2,0,20260315,20260317
ORD-2026-11757,2026-03-15,2026-03-17,CUST-0331,PROD-0021,GEO-0004,1197.0,3,0.0,607.73,2,0,20260315,20260317
ORD-2026-13645,2026-03-15,2026-03-16,CUST-0674,PROD-0036,GEO-0007,49.0,1,0.0,24.25,1,0,20260315,20260316
ORD-2026-14311,2026-03-15,2026-03-18,CUST-0819,PROD-0033,GEO-0032,169.0,1,0.0,77.96,3,0,20260315,20260318
ORD-2026-11158,2026-03-16,2026-03-17,CUST-0216,PROD-0004,GEO-0005,1099.0,1,0.0,413.44,1,0,20260316,20260317
ORD-2026-11549,2026-03-16,2026-03-21,CUST-0296,PROD-0045,GEO-0017,440.0,4,0.0,236.51,5,0,20260316,20260321
ORD-2026-12148,2026-03-16,2026-03-18,CUST-0400,PROD-0032,GEO-0017,861.3,3,0.1,367.75,2,0,20260316,20260318
ORD-2026-14058,2026-03-16,2026-03-18,CUST-0759,PROD-0024,GEO-0016,1196.0,4,0.0,618.73,2,0,20260316,20260318
ORD-2026-11153,2026-03-18,2026-03-21,CUST-0215,PROD-0046,GEO-0006,102.0,3,0.0,47.98,3,0,20260318,20260321
ORD-2026-11516,2026-03-18,2026-03-20,CUST-0290,PROD-0006,GEO-0001,12990.0,10,0.0,5439.7,2,0,20260318,20260320
ORD-2026-11977,2026-03-18,2026-03-21,CUST-0373,PROD-0057,GEO-0014,42.75,1,0.05,20.29,3,0,20260318,20260321
ORD-2026-10587,2026-03-19,2026-03-23,CUST-0114,PROD-0001,GEO-0002,1598.0,2,0.0,691.83,4,0,20260319,20260323
ORD-2026-10690,2026-03-19,2026-03-24,CUST-0133,PROD-0031,GEO-0030,69.3,1,0.3,19.03,5,0,20260319,20260324
ORD-2026-11193,2026-03-19,2026-03-20,CUST-0227,PROD-0004,GEO-0015,4945.5,5,0.1,1525.03,1,0,20260319,20260320
ORD-2026-11261,2026-03-19,2026-03-26,CUST-0236,PROD-0050,GEO-0031,79.8,2,0.05,34.29,7,0,20260319,20260326
ORD-2026-12365,2026-03-19,2026-03-22,CUST-0433,PROD-0031,GEO-0003,495.0,5,0.0,243.98,3,0,20260319,20260322
ORD-2026-13286,2026-03-19,2026-03-20,CUST-0608,PROD-0053,GEO-0029,32.4,3,0.1,7.43,1,0,20260319,20260320
ORD-2026-13339,2026-03-19,2026-03-23,CUST-0617,PROD-0012,GEO-0020,401.2,8,0.15,204.31,4,0,20260319,20260323
ORD-2026-11123,2026-03-20,2026-03-22,CUST-0207,PROD-0045,GEO-0008,220.0,2,0.0,119.86,2,0,20260320,20260322
ORD-2026-12806,2026-03-20,2026-03-24,CUST-0513,PROD-0029,GEO-0032,909.15,3,0.05,351.03,4,0,20260320,20260324
ORD-2026-13367,2026-03-20,2026-03-22,CUST-0622,PROD-0026,GEO-0021,1497.0,5,0.4,73.36,2,0,20260320,20260322
ORD-2026-14228,2026-03-20,2026-03-22,CUST-0796,PROD-0007,GEO-0016,1698.3,2,0.15,532.14,2,0,20260320,20260322
ORD-2026-10005,2026-03-21,2026-03-24,CUST-0002,PROD-0048,GEO-0007,50.4,2,0.1,14.69,3,0,20260321,20260324
ORD-2026-10463,2026-03-21,2026-03-24,CUST-0090,PROD-0048,GEO-0027,26.6,1,0.05,8.92,3,1,20260321,20260324
ORD-2026-11177,2026-03-21,2026-03-24,CUST-0224,PROD-0040,GEO-0030,207.0,3,0.0,106.65,3,0,20260321,20260324
ORD-2026-11652,2026-03-21,2026-03-26,CUST-0315,PROD-0040,GEO-0014,41.4,1,0.4,6.5,5,0,20260321,20260326
ORD-2026-12483,2026-03-21,2026-03-23,CUST-0456,PROD-0037,GEO-0032,441.0,3,0.3,159.2,2,1,20260321,20260323
ORD-2026-12693,2026-03-21,2026-03-28,CUST-0492,PROD-0014,GEO-0011,804.6,6,0.1,438.28,7,0,20260321,20260328
ORD-2026-14028,2026-03-21,2026-03-25,CUST-0755,PROD-0012,GEO-0023,59.0,1,0.0,35.53,4,0,20260321,20260325
ORD-2026-14342,2026-03-21,2026-03-25,CUST-0824,PROD-0042,GEO-0012,139.65,3,0.05,66.88,4,0,20260321,20260325
ORD-2026-14434,2026-03-21,2026-03-24,CUST-0845,PROD-0039,GEO-0027,64.0,2,0.0,27.68,3,0,20260321,20260324
ORD-2026-11259,2026-03-22,2026-03-24,CUST-0235,PROD-0052,GEO-0023,19.0,1,0.0,7.71,2,0,20260322,20260324
ORD-2026-11660,2026-03-22,2026-03-24,CUST-0317,PROD-0059,GEO-0016,11.0,1,0.0,2.33,2,0,20260322,20260324
ORD-2026-12794,2026-03-22,2026-03-24,CUST-0513,PROD-0046,GEO-0032,32.3,1,0.05,12.12,2,0,20260322,20260324
ORD-2026-11885,2026-03-23,2026-03-24,CUST-0354,PROD-0035,GEO-0005,71.25,1,0.05,35.29,1,0,20260323,20260324
ORD-2026-13238,2026-03-23,2026-03-24,CUST-0597,PROD-0057,GEO-0008,288.0,8,0.2,111.23,1,0,20260323,20260324
ORD-2026-10768,2026-03-24,2026-03-26,CUST-0146,PROD-0027,GEO-0006,118.15,1,0.15,36.43,2,0,20260324,20260326
ORD-2026-13824,2026-03-24,2026-03-26,CUST-0711,PROD-0038,GEO-0012,604.8,4,0.2,212.51,2,1,20260324,20260326
ORD-2026-11225,2026-03-25,2026-03-27,CUST-0231,PROD-0020,GEO-0016,698.0,2,0.0,366.49,2,0,20260325,20260327
ORD-2026-12458,2026-03-25,2026-03-29,CUST-0454,PROD-0049,GEO-0021,56.1,3,0.15,14.27,4,0,20260325,20260329
ORD-2026-13295,2026-03-25,2026-03-28,CUST-0609,PROD-0033,GEO-0014,321.1,2,0.05,137.69,3,0,20260325,20260328
ORD-2026-13598,2026-03-25,2026-03-28,CUST-0665,PROD-0013,GEO-0011,138.0,2,0.0,87.46,3,0,20260325,20260328
ORD-2026-10481,2026-03-26,2026-03-29,CUST-0095,PROD-0048,GEO-0017,26.6,1,0.05,8.65,3,0,20260326,20260329
ORD-2026-11219,2026-03-26,2026-03-29,CUST-0230,PROD-0015,GEO-0021,845.5,10,0.05,436.25,3,0,20260326,20260329
ORD-2026-12609,2026-03-26,2026-03-28,CUST-0474,PROD-0049,GEO-0021,22.0,1,0.0,9.78,2,0,20260326,20260328
ORD-2026-12741,2026-03-26,2026-03-28,CUST-0499,PROD-0023,GEO-0028,1120.5,5,0.1,486.41,2,0,20260326,20260328
ORD-2026-13412,2026-03-26,2026-03-29,CUST-0627,PROD-0035,GEO-0022,337.5,5,0.1,159.37,3,0,20260326,20260329
ORD-2026-13561,2026-03-26,2026-03-28,CUST-0655,PROD-0023,GEO-0012,199.2,1,0.2,75.53,2,0,20260326,20260328
ORD-2026-13680,2026-03-26,2026-03-28,CUST-0683,PROD-0040,GEO-0004,55.2,1,0.2,23.77,2,0,20260326,20260328
ORD-2026-14464,2026-03-26,2026-03-28,CUST-0849,PROD-0037,GEO-0021,840.0,4,0.0,465.27,2,0,20260326,20260328
ORD-2026-11029,2026-03-27,2026-03-29,CUST-0191,PROD-0006,GEO-0001,5196.0,4,0.0,2181.84,2,1,20260327,20260329
ORD-2026-13270,2026-03-27,2026-03-29,CUST-0604,PROD-0030,GEO-0024,435.1,2,0.05,208.66,2,0,20260327,20260329
ORD-2026-14091,2026-03-27,2026-04-01,CUST-0764,PROD-0034,GEO-0006,52.0,1,0.2,22.99,5,0,20260327,20260401
ORD-2026-10008,2026-03-28,2026-04-01,CUST-0002,PROD-0036,GEO-0007,44.1,1,0.1,19.83,4,0,20260328,20260401
ORD-2026-11349,2026-03-28,2026-03-30,CUST-0254,PROD-0047,GEO-0016,68.4,3,0.05,29.54,2,0,20260328,20260330
ORD-2026-11671,2026-03-28,2026-03-30,CUST-0317,PROD-0021,GEO-0016,837.9,3,0.3,251.25,2,0,20260328,20260330
ORD-2026-13242,2026-03-28,2026-03-30,CUST-0597,PROD-0001,GEO-0008,2277.15,3,0.05,908.86,2,0,20260328,20260330
ORD-2026-11464,2026-03-29,2026-04-01,CUST-0277,PROD-0049,GEO-0032,46.2,3,0.3,5.01,3,0,20260329,20260401
ORD-2026-11533,2026-03-29,2026-04-01,CUST-0292,PROD-0023,GEO-0020,236.55,1,0.05,109.71,3,0,20260329,20260401
ORD-2026-12125,2026-03-29,2026-03-30,CUST-0396,PROD-0052,GEO-0010,17.1,1,0.1,6.79,1,0,20260329,20260330
ORD-2026-12703,2026-03-29,2026-04-02,CUST-0493,PROD-0028,GEO-0011,799.0,1,0.0,343.66,4,0,20260329,20260402
ORD-2026-13388,2026-03-29,2026-03-31,CUST-0625,PROD-0013,GEO-0020,58.65,1,0.15,31.39,2,0,20260329,20260331
ORD-2026-11086,2026-03-30,2026-04-03,CUST-0201,PROD-0018,GEO-0016,567.15,3,0.05,225.72,4,0,20260330,20260403
ORD-2026-11568,2026-03-30,2026-04-02,CUST-0301,PROD-0058,GEO-0016,52.2,3,0.4,-1.46,3,0,20260330,20260402
ORD-2026-12779,2026-03-30,2026-03-31,CUST-0511,PROD-0014,GEO-0031,298.0,2,0.0,179.53,1,0,20260330,20260331
ORD-2026-13568,2026-03-30,2026-03-31,CUST-0658,PROD-0001,GEO-0004,2277.15,3,0.05,913.03,1,0,20260330,20260331
ORD-2026-10655,2026-03-31,2026-04-01,CUST-0126,PROD-0033,GEO-0014,507.0,3,0.0,238.62,1,0,20260331,20260401
ORD-2026-11737,2026-03-31,2026-04-05,CUST-0328,PROD-0022,GEO-0021,350.4,2,0.2,154.22,5,0,20260331,20260405
ORD-2026-13348,2026-03-31,2026-04-05,CUST-0617,PROD-0059,GEO-0020,10.45,1,0.05,1.49,5,0,20260331,20260405
ORD-2026-10417,2026-04-01,2026-04-03,CUST-0086,PROD-0037,GEO-0022,672.0,4,0.2,288.34,2,0,20260401,20260403
ORD-2026-10687,2026-04-01,2026-04-02,CUST-0133,PROD-0012,GEO-0030,112.1,2,0.05,66.29,1,0,20260401,20260402
ORD-2026-10874,2026-04-01,2026-04-06,CUST-0162,PROD-0025,GEO-0010,1168.2,2,0.1,398.85,5,0,20260401,20260406
ORD-2026-11070,2026-04-01,2026-04-05,CUST-0198,PROD-0056,GEO-0024,229.0,1,0.0,113.42,4,0,20260401,20260405
ORD-2026-13284,2026-04-01,2026-04-03,CUST-0608,PROD-0033,GEO-0029,507.0,3,0.0,238.59,2,0,20260401,20260403
ORD-2026-13356,2026-04-01,2026-04-03,CUST-0621,PROD-0017,GEO-0011,1398.0,2,0.0,627.5,2,0,20260401,20260403
ORD-2026-13996,2026-04-01,2026-04-05,CUST-0749,PROD-0048,GEO-0004,134.4,8,0.4,3.11,4,0,20260401,20260405
ORD-2026-11190,2026-04-02,2026-04-04,CUST-0227,PROD-0027,GEO-0015,139.0,2,0.5,-17.5,2,0,20260402,20260404
ORD-2026-11417,2026-04-02,2026-04-04,CUST-0268,PROD-0048,GEO-0001,53.2,2,0.05,20.47,2,0,20260402,20260404
ORD-2026-12482,2026-04-02,2026-04-04,CUST-0456,PROD-0011,GEO-0032,612.75,5,0.05,366.59,2,0,20260402,20260404
ORD-2026-13644,2026-04-02,2026-04-04,CUST-0674,PROD-0025,GEO-0007,389.4,1,0.4,4.63,2,0,20260402,20260404
ORD-2026-10848,2026-04-03,2026-04-04,CUST-0159,PROD-0032,GEO-0011,319.0,2,0.5,-7.22,1,0,20260403,20260404
ORD-2026-12619,2026-04-03,2026-04-05,CUST-0477,PROD-0045,GEO-0032,209.0,2,0.05,105.53,2,0,20260403,20260405
ORD-2026-12781,2026-04-03,2026-04-06,CUST-0511,PROD-0015,GEO-0031,169.1,2,0.05,86.39,3,0,20260403,20260406
ORD-2026-13209,2026-04-03,2026-04-06,CUST-0595,PROD-0051,GEO-0013,16.2,1,0.1,6.52,3,0,20260403,20260406
ORD-2026-13905,2026-04-03,2026-04-05,CUST-0732,PROD-0044,GEO-0016,79.0,1,0.0,40.46,2,0,20260403,20260405
ORD-2026-13936,2026-04-03,2026-04-05,CUST-0737,PROD-0029,GEO-0025,765.6,4,0.4,33.36,2,1,20260403,20260405
ORD-2026-10048,2026-04-04,2026-04-06,CUST-0009,PROD-0036,GEO-0032,139.65,3,0.05,66.21,2,0,20260404,20260406
ORD-2026-10161,2026-04-05,2026-04-09,CUST-0035,PROD-0027,GEO-0006,695.0,5,0.0,294.58,4,0,20260405,20260409
ORD-2026-12340,2026-04-05,2026-04-08,CUST-0427,PROD-0030,GEO-0005,435.1,2,0.05,202.84,3,0,20260405,20260408
ORD-2026-12495,2026-04-05,2026-04-10,CUST-0457,PROD-0040,GEO-0004,62.1,1,0.1,29.39,5,0,20260405,20260410
ORD-2026-12626,2026-04-05,2026-04-08,CUST-0478,PROD-0036,GEO-0006,98.0,2,0.0,50.41,3,1,20260405,20260408
ORD-2026-13279,2026-04-05,2026-04-07,CUST-0607,PROD-0020,GEO-0026,942.3,3,0.1,444.03,2,0,20260405,20260407
ORD-2026-13623,2026-04-05,2026-04-06,CUST-0670,PROD-0047,GEO-0012,192.0,8,0.0,94.6,1,0,20260405,20260406
ORD-2026-13848,2026-04-05,2026-04-08,CUST-0716,PROD-0013,GEO-0032,207.0,3,0.0,126.13,3,0,20260405,20260408
ORD-2026-11482,2026-04-06,2026-04-09,CUST-0281,PROD-0007,GEO-0001,999.0,1,0.0,412.91,3,0,20260406,20260409
ORD-2026-12159,2026-04-06,2026-04-09,CUST-0401,PROD-0003,GEO-0026,399.0,1,0.0,173.82,3,0,20260406,20260409
ORD-2026-12605,2026-04-06,2026-04-08,CUST-0474,PROD-0014,GEO-0021,424.65,3,0.05,249.65,2,0,20260406,20260408
ORD-2026-14055,2026-04-06,2026-04-10,CUST-0758,PROD-0058,GEO-0030,46.4,2,0.2,13.78,4,0,20260406,20260410
ORD-2026-14322,2026-04-06,2026-04-10,CUST-0821,PROD-0029,GEO-0017,303.05,1,0.05,119.57,4,0,20260406,20260410
ORD-2026-12956,2026-04-07,2026-04-10,CUST-0542,PROD-0015,GEO-0009,890.0,10,0.0,491.16,3,0,20260407,20260410
ORD-2026-11014,2026-04-08,2026-04-15,CUST-0189,PROD-0041,GEO-0013,46.8,2,0.4,9.57,7,0,20260408,20260415
ORD-2026-11399,2026-04-08,2026-04-10,CUST-0264,PROD-0059,GEO-0023,31.35,3,0.05,5.27,2,0,20260408,20260410
ORD-2026-11492,2026-04-08,2026-04-11,CUST-0285,PROD-0008,GEO-0022,3798.0,2,0.0,1586.35,3,0,20260408,20260411
ORD-2026-11884,2026-04-08,2026-04-12,CUST-0354,PROD-0013,GEO-0005,276.0,4,0.0,172.06,4,0,20260408,20260412
ORD-2026-12808,2026-04-08,2026-04-13,CUST-0513,PROD-0051,GEO-0032,36.0,2,0.0,10.8,5,0,20260408,20260413
ORD-2026-13431,2026-04-08,2026-04-15,CUST-0633,PROD-0051,GEO-0020,57.6,4,0.2,13.9,7,0,20260408,20260415
ORD-2026-13657,2026-04-08,2026-04-12,CUST-0677,PROD-0046,GEO-0001,47.6,2,0.3,11.09,4,0,20260408,20260412
ORD-2026-13921,2026-04-08,2026-04-11,CUST-0735,PROD-0012,GEO-0012,56.05,1,0.05,31.46,3,0,20260408,20260411
ORD-2026-14316,2026-04-08,2026-04-10,CUST-0819,PROD-0042,GEO-0032,139.65,3,0.05,66.1,2,0,20260408,20260410
ORD-2026-10406,2026-04-10,2026-04-14,CUST-0083,PROD-0054,GEO-0012,538.2,2,0.1,250.86,4,0,20260410,20260414
ORD-2026-10410,2026-04-11,2026-04-14,CUST-0083,PROD-0021,GEO-0012,379.05,1,0.05,183.65,3,0,20260411,20260414
ORD-2026-10554,2026-04-11,2026-04-12,CUST-0106,PROD-0030,GEO-0018,217.55,1,0.05,104.53,1,0,20260411,20260412
ORD-2026-11692,2026-04-11,2026-04-14,CUST-0319,PROD-0049,GEO-0009,22.0,1,0.0,10.45,3,0,20260411,20260414
ORD-2026-12266,2026-04-11,2026-04-13,CUST-0417,PROD-0040,GEO-0023,48.3,1,0.3,15.69,2,0,20260411,20260413
ORD-2026-13033,2026-04-11,2026-04-14,CUST-0559,PROD-0033,GEO-0006,101.4,1,0.4,11.35,3,1,20260411,20260414
ORD-2026-13750,2026-04-11,2026-04-16,CUST-0696,PROD-0037,GEO-0002,399.0,2,0.05,210.89,5,0,20260411,20260416
ORD-2026-14310,2026-04-11,2026-04-18,CUST-0818,PROD-0029,GEO-0016,319.0,1,0.0,133.23,7,0,20260411,20260418
ORD-2026-13863,2026-04-12,2026-04-17,CUST-0722,PROD-0044,GEO-0017,395.0,5,0.0,219.16,5,0,20260412,20260417
ORD-2026-14442,2026-04-12,2026-04-16,CUST-0846,PROD-0025,GEO-0031,2466.2,4,0.05,931.2,4,0,20260412,20260416
ORD-2026-13472,2026-04-13,2026-04-15,CUST-0640,PROD-0008,GEO-0020,7596.0,4,0.0,3174.02,2,0,20260413,20260415
ORD-2026-10947,2026-04-14,2026-04-19,CUST-0173,PROD-0040,GEO-0028,69.0,1,0.0,37.8,5,0,20260414,20260419
ORD-2026-12817,2026-04-14,2026-04-18,CUST-0515,PROD-0057,GEO-0009,40.5,1,0.1,17.83,4,0,20260414,20260418
ORD-2026-14093,2026-04-14,2026-04-17,CUST-0764,PROD-0021,GEO-0006,1436.4,4,0.1,659.59,3,0,20260414,20260417
ORD-2026-14458,2026-04-14,2026-04-18,CUST-0849,PROD-0025,GEO-0021,616.55,1,0.05,231.06,4,0,20260414,20260418
ORD-2026-12297,2026-04-15,2026-04-16,CUST-0422,PROD-0005,GEO-0002,3230.0,4,0.15,813.35,1,0,20260415,20260416
ORD-2026-13735,2026-04-15,2026-04-19,CUST-0694,PROD-0009,GEO-0019,1647.0,3,0.0,669.45,4,0,20260415,20260419
ORD-2026-10118,2026-04-16,2026-04-19,CUST-0027,PROD-0049,GEO-0008,20.9,1,0.05,7.95,3,0,20260416,20260419
ORD-2026-10273,2026-04-16,2026-04-20,CUST-0062,PROD-0027,GEO-0031,83.4,1,0.4,4.99,4,0,20260416,20260420
ORD-2026-10644,2026-04-16,2026-04-18,CUST-0125,PROD-0037,GEO-0031,2100.0,10,0.0,1131.06,2,0,20260416,20260418
ORD-2026-10847,2026-04-16,2026-04-21,CUST-0158,PROD-0025,GEO-0027,519.2,1,0.2,135.67,5,0,20260416,20260421
ORD-2026-11171,2026-04-16,2026-04-17,CUST-0220,PROD-0011,GEO-0003,219.3,2,0.15,118.0,1,0,20260416,20260417
ORD-2026-12369,2026-04-16,2026-04-19,CUST-0433,PROD-0011,GEO-0003,129.0,1,0.0,79.08,3,0,20260416,20260419
ORD-2026-13027,2026-04-16,2026-04-21,CUST-0557,PROD-0036,GEO-0024,49.0,1,0.0,24.51,5,0,20260416,20260421
ORD-2026-13702,2026-04-16,2026-04-17,CUST-0687,PROD-0016,GEO-0006,16990.0,10,0.0,7931.93,1,0,20260416,20260417
ORD-2026-14336,2026-04-16,2026-04-17,CUST-0823,PROD-0017,GEO-0011,699.0,1,0.0,312.7,1,1,20260416,20260417
ORD-2026-10338,2026-04-17,2026-04-18,CUST-0072,PROD-0015,GEO-0029,89.0,1,0.0,50.35,1,0,20260417,20260418
ORD-2026-11230,2026-04-17,2026-04-21,CUST-0232,PROD-0017,GEO-0023,1398.0,2,0.0,630.4,4,0,20260417,20260421
ORD-2026-13563,2026-04-17,2026-04-21,CUST-0656,PROD-0038,GEO-0020,567.0,3,0.0,262.77,4,0,20260417,20260421
ORD-2026-10885,2026-04-18,2026-04-22,CUST-0162,PROD-0045,GEO-0010,110.0,1,0.0,61.86,4,0,20260418,20260422
ORD-2026-10543,2026-04-19,2026-04-21,CUST-0105,PROD-0037,GEO-0018,798.0,4,0.05,416.28,2,0,20260419,20260421
ORD-2026-10706,2026-04-19,2026-04-22,CUST-0137,PROD-0009,GEO-0015,933.3,2,0.15,280.28,3,0,20260419,20260422
ORD-2026-11245,2026-04-20,2026-04-22,CUST-0234,PROD-0014,GEO-0030,670.5,5,0.1,363.79,2,0,20260420,20260422
ORD-2026-11300,2026-04-20,2026-04-24,CUST-0243,PROD-0058,GEO-0011,29.0,1,0.0,11.0,4,0,20260420,20260424
ORD-2026-11689,2026-04-20,2026-04-23,CUST-0319,PROD-0047,GEO-0009,24.0,1,0.0,10.53,3,0,20260420,20260423
ORD-2026-12955,2026-04-20,2026-04-23,CUST-0542,PROD-0002,GEO-0009,899.0,1,0.0,374.26,3,0,20260420,20260423
ORD-2026-13681,2026-04-20,2026-04-23,CUST-0683,PROD-0012,GEO-0004,59.0,1,0.0,36.97,3,0,20260420,20260423
ORD-2026-10600,2026-04-21,2026-04-23,CUST-0117,PROD-0014,GEO-0012,1490.0,10,0.0,887.67,2,0,20260421,20260423
ORD-2026-11723,2026-04-21,2026-04-25,CUST-0325,PROD-0034,GEO-0008,156.0,4,0.4,37.17,4,0,20260421,20260425
ORD-2026-12123,2026-04-21,2026-04-24,CUST-0396,PROD-0004,GEO-0010,1978.2,2,0.1,608.18,3,0,20260421,20260424
ORD-2026-13142,2026-04-21,2026-04-27,CUST-0582,PROD-0059,GEO-0009,10.45,1,0.05,1.98,6,0,20260421,20260427
ORD-2026-13832,2026-04-21,2026-04-23,CUST-0711,PROD-0015,GEO-0012,178.0,2,0.0,99.31,2,0,20260421,20260423
ORD-2026-10350,2026-04-22,2026-04-25,CUST-0073,PROD-0010,GEO-0029,7245.0,5,0.0,2967.06,3,0,20260422,20260425
ORD-2026-11604,2026-04-22,2026-04-25,CUST-0308,PROD-0042,GEO-0019,98.0,2,0.0,50.71,3,0,20260422,20260425
ORD-2026-11923,2026-04-22,2026-04-25,CUST-0361,PROD-0022,GEO-0010,438.0,2,0.0,236.06,3,0,20260422,20260425
ORD-2026-13085,2026-04-22,2026-04-25,CUST-0568,PROD-0038,GEO-0013,359.1,2,0.05,157.72,3,0,20260422,20260425
ORD-2026-13090,2026-04-22,2026-04-23,CUST-0569,PROD-0001,GEO-0013,719.1,1,0.1,263.88,1,0,20260422,20260423
ORD-2026-10376,2026-04-23,2026-04-24,CUST-0079,PROD-0049,GEO-0016,17.6,1,0.2,6.0,1,1,20260423,20260424
ORD-2026-11847,2026-04-23,2026-04-27,CUST-0345,PROD-0010,GEO-0030,2608.2,2,0.1,897.52,4,0,20260423,20260427
ORD-2026-11973,2026-04-23,2026-04-26,CUST-0372,PROD-0020,GEO-0011,314.1,1,0.1,147.34,3,0,20260423,20260426
ORD-2026-12161,2026-04-23,2026-04-25,CUST-0401,PROD-0008,GEO-0026,1899.0,1,0.0,795.87,2,1,20260423,20260425
ORD-2026-12534,2026-04-23,2026-04-24,CUST-0463,PROD-0030,GEO-0020,458.0,2,0.0,229.09,1,0,20260423,20260424
ORD-2026-14259,2026-04-24,2026-04-29,CUST-0806,PROD-0018,GEO-0005,199.0,1,0.0,82.23,5,1,20260424,20260429
ORD-2026-14460,2026-04-24,2026-04-27,CUST-0849,PROD-0041,GEO-0021,35.1,1,0.1,14.31,3,0,20260424,20260427
ORD-2026-11837,2026-04-25,2026-04-27,CUST-0345,PROD-0017,GEO-0030,1398.0,2,0.0,625.61,2,0,20260425,20260427
ORD-2026-12179,2026-04-25,2026-05-01,CUST-0404,PROD-0053,GEO-0030,11.4,1,0.05,4.16,6,0,20260425,20260501
ORD-2026-13725,2026-04-25,2026-04-28,CUST-0693,PROD-0051,GEO-0004,36.0,2,0.0,16.23,3,0,20260425,20260428
ORD-2026-10456,2026-04-26,2026-04-30,CUST-0089,PROD-0060,GEO-0024,9.8,1,0.3,-2.18,4,0,20260426,20260430
ORD-2026-11467,2026-04-26,2026-04-27,CUST-0277,PROD-0035,GEO-0032,63.75,1,0.15,28.32,1,0,20260426,20260427
ORD-2026-11619,2026-04-26,2026-04-29,CUST-0310,PROD-0055,GEO-0029,132.05,1,0.05,62.91,3,0,20260426,20260429
ORD-2026-12191,2026-04-26,2026-05-01,CUST-0406,PROD-0058,GEO-0002,26.1,1,0.1,8.71,5,0,20260426,20260501
ORD-2026-12536,2026-04-26,2026-05-01,CUST-0463,PROD-0031,GEO-0020,178.2,3,0.4,25.71,5,1,20260426,20260501
ORD-2026-12891,2026-04-26,2026-04-28,CUST-0525,PROD-0022,GEO-0007,657.0,3,0.0,351.01,2,0,20260426,20260428
ORD-2026-12906,2026-04-26,2026-05-02,CUST-0528,PROD-0038,GEO-0014,189.0,1,0.0,88.14,6,0,20260426,20260502
ORD-2026-13415,2026-04-26,2026-04-29,CUST-0627,PROD-0033,GEO-0022,135.2,1,0.2,45.78,3,0,20260426,20260429
ORD-2026-13873,2026-04-26,2026-04-27,CUST-0724,PROD-0054,GEO-0029,1136.2,4,0.05,555.57,1,0,20260426,20260427
ORD-2026-14086,2026-04-26,2026-04-29,CUST-0763,PROD-0060,GEO-0003,75.6,6,0.1,10.66,3,0,20260426,20260429
ORD-2026-14142,2026-04-26,2026-04-28,CUST-0777,PROD-0033,GEO-0014,304.2,2,0.1,126.64,2,0,20260426,20260428
ORD-2026-10246,2026-04-27,2026-04-30,CUST-0056,PROD-0015,GEO-0020,75.65,1,0.15,35.64,3,0,20260427,20260430
ORD-2026-10864,2026-04-27,2026-04-30,CUST-0161,PROD-0012,GEO-0028,56.05,1,0.05,32.63,3,0,20260427,20260430
ORD-2026-13281,2026-04-27,2026-05-01,CUST-0607,PROD-0015,GEO-0026,178.0,2,0.0,98.29,4,0,20260427,20260501
ORD-2026-14293,2026-04-27,2026-05-02,CUST-0816,PROD-0044,GEO-0001,79.0,1,0.0,43.04,5,0,20260427,20260502
ORD-2026-13748,2026-04-28,2026-05-02,CUST-0696,PROD-0050,GEO-0002,35.7,1,0.15,15.41,4,0,20260428,20260502
ORD-2026-14230,2026-04-28,2026-04-29,CUST-0796,PROD-0026,GEO-0016,249.5,1,0.5,-36.63,1,0,20260428,20260429
ORD-2026-14334,2026-04-28,2026-04-30,CUST-0823,PROD-0015,GEO-0011,240.3,3,0.1,121.59,2,0,20260428,20260430
ORD-2026-10253,2026-04-29,2026-05-03,CUST-0059,PROD-0011,GEO-0003,387.0,3,0.0,238.54,4,0,20260429,20260503
ORD-2026-11087,2026-04-29,2026-05-04,CUST-0201,PROD-0016,GEO-0016,3058.2,2,0.1,1244.23,5,0,20260429,20260504
ORD-2026-11234,2026-04-29,2026-05-02,CUST-0232,PROD-0036,GEO-0023,49.0,1,0.0,23.05,3,1,20260429,20260502
ORD-2026-11994,2026-04-29,2026-05-01,CUST-0377,PROD-0016,GEO-0029,1699.0,1,0.0,795.2,2,0,20260429,20260501
ORD-2026-12426,2026-04-29,2026-05-01,CUST-0444,PROD-0058,GEO-0031,29.0,1,0.0,13.41,2,0,20260429,20260501
ORD-2026-12624,2026-04-29,2026-05-05,CUST-0478,PROD-0052,GEO-0006,53.2,4,0.3,9.61,6,0,20260429,20260505
ORD-2026-13677,2026-04-29,2026-05-01,CUST-0683,PROD-0060,GEO-0004,47.6,4,0.15,8.59,2,0,20260429,20260501
ORD-2026-13761,2026-04-29,2026-05-04,CUST-0698,PROD-0007,GEO-0007,949.05,1,0.05,364.59,5,0,20260429,20260504
ORD-2026-14301,2026-04-29,2026-04-30,CUST-0816,PROD-0015,GEO-0001,89.0,1,0.0,47.94,1,0,20260429,20260430
ORD-2026-10108,2026-04-30,2026-05-07,CUST-0025,PROD-0029,GEO-0008,957.0,5,0.4,31.0,7,0,20260430,20260507
ORD-2026-11333,2026-04-30,2026-05-05,CUST-0252,PROD-0016,GEO-0022,6796.0,4,0.0,3177.75,5,0,20260430,20260505
ORD-2026-12081,2026-05-01,2026-05-03,CUST-0390,PROD-0033,GEO-0027,169.0,1,0.0,80.91,2,0,20260501,20260503
ORD-2026-12286,2026-05-01,2026-05-02,CUST-0421,PROD-0055,GEO-0023,1000.8,8,0.1,447.1,1,0,20260501,20260502
ORD-2026-13433,2026-05-01,2026-05-02,CUST-0633,PROD-0010,GEO-0020,2898.0,2,0.0,1191.73,1,0,20260501,20260502
ORD-2026-13667,2026-05-01,2026-05-03,CUST-0679,PROD-0048,GEO-0017,25.2,1,0.1,9.19,2,0,20260501,20260503
ORD-2026-14472,2026-05-01,2026-05-07,CUST-0850,PROD-0016,GEO-0016,5097.0,3,0.0,2387.11,6,0,20260501,20260507
ORD-2026-10585,2026-05-02,2026-05-05,CUST-0114,PROD-0042,GEO-0002,49.0,1,0.0,24.46,3,0,20260502,20260505
ORD-2026-10665,2026-05-02,2026-05-07,CUST-0129,PROD-0027,GEO-0018,250.2,2,0.1,87.69,5,0,20260502,20260507
ORD-2026-11414,2026-05-02,2026-05-07,CUST-0268,PROD-0051,GEO-0001,21.6,2,0.4,-1.51,5,0,20260502,20260507
ORD-2026-14392,2026-05-02,2026-05-06,CUST-0837,PROD-0044,GEO-0016,237.0,3,0.0,127.34,4,0,20260502,20260506
ORD-2026-12966,2026-05-03,2026-05-05,CUST-0545,PROD-0024,GEO-0007,598.0,2,0.0,308.13,2,0,20260503,20260505
ORD-2026-13521,2026-05-03,2026-05-05,CUST-0646,PROD-0019,GEO-0006,312.55,1,0.05,126.25,2,0,20260503,20260505
ORD-2026-14064,2026-05-03,2026-05-05,CUST-0759,PROD-0030,GEO-0016,687.0,3,0.0,341.19,2,0,20260503,20260505
ORD-2026-14213,2026-05-03,2026-05-09,CUST-0793,PROD-0058,GEO-0003,29.0,1,0.0,10.14,6,0,20260503,20260509
ORD-2026-14452,2026-05-03,2026-05-08,CUST-0848,PROD-0033,GEO-0001,338.0,2,0.0,161.59,5,0,20260503,20260508
ORD-2026-11618,2026-05-04,2026-05-09,CUST-0310,PROD-0027,GEO-0029,278.0,2,0.0,114.22,5,0,20260504,20260509
ORD-2026-12215,2026-05-04,2026-05-05,CUST-0410,PROD-0012,GEO-0017,112.1,2,0.05,64.02,1,0,20260504,20260505
ORD-2026-12848,2026-05-04,2026-05-07,CUST-0518,PROD-0029,GEO-0032,510.4,4,0.6,-231.99,3,0,20260504,20260507
ORD-2026-12902,2026-05-04,2026-05-06,CUST-0527,PROD-0052,GEO-0018,36.1,2,0.05,13.58,2,0,20260504,20260506
ORD-2026-13065,2026-05-04,2026-05-06,CUST-0566,PROD-0045,GEO-0022,264.0,4,0.4,65.43,2,0,20260504,20260506
ORD-2026-13513,2026-05-04,2026-05-06,CUST-0646,PROD-0049,GEO-0006,110.0,5,0.0,47.86,2,0,20260504,20260506
ORD-2026-10883,2026-05-05,2026-05-07,CUST-0162,PROD-0022,GEO-0010,219.0,1,0.0,119.07,2,0,20260505,20260507
ORD-2026-12721,2026-05-05,2026-05-07,CUST-0497,PROD-0030,GEO-0025,961.8,6,0.3,279.11,2,0,20260505,20260507
ORD-2026-11323,2026-05-06,2026-05-10,CUST-0250,PROD-0056,GEO-0023,687.0,3,0.0,346.62,4,0,20260506,20260510
ORD-2026-11438,2026-05-06,2026-05-07,CUST-0273,PROD-0007,GEO-0013,949.05,1,0.05,362.56,1,1,20260506,20260507
ORD-2026-12636,2026-05-06,2026-05-08,CUST-0481,PROD-0008,GEO-0031,7596.0,4,0.0,3171.24,2,0,20260506,20260508
ORD-2026-12686,2026-05-06,2026-05-08,CUST-0491,PROD-0005,GEO-0013,1615.0,2,0.15,407.03,2,1,20260506,20260508
ORD-2026-13307,2026-05-06,2026-05-11,CUST-0610,PROD-0020,GEO-0029,628.2,2,0.1,299.37,5,0,20260506,20260511
ORD-2026-10020,2026-05-07,2026-05-08,CUST-0004,PROD-0037,GEO-0021,399.0,2,0.05,205.42,1,0,20260507,20260508
ORD-2026-11927,2026-05-07,2026-05-09,CUST-0362,PROD-0058,GEO-0001,27.55,1,0.05,9.83,2,0,20260507,20260509
ORD-2026-12431,2026-05-07,2026-05-09,CUST-0448,PROD-0019,GEO-0013,937.65,3,0.05,386.99,2,0,20260507,20260509
ORD-2026-12940,2026-05-07,2026-05-09,CUST-0538,PROD-0028,GEO-0006,1598.0,2,0.0,690.81,2,0,20260507,20260509
ORD-2026-13688,2026-05-07,2026-05-09,CUST-0683,PROD-0032,GEO-0004,159.5,1,0.5,-4.13,2,1,20260507,20260509
ORD-2026-13962,2026-05-07,2026-05-09,CUST-0744,PROD-0022,GEO-0025,1095.0,5,0.0,588.24,2,0,20260507,20260509
ORD-2026-14130,2026-05-07,2026-05-10,CUST-0772,PROD-0051,GEO-0032,51.3,3,0.05,19.01,3,0,20260507,20260510
ORD-2026-14243,2026-05-07,2026-05-08,CUST-0801,PROD-0054,GEO-0007,299.0,1,0.0,154.82,1,0,20260507,20260508
ORD-2026-13093,2026-05-08,2026-05-11,CUST-0570,PROD-0024,GEO-0010,254.15,1,0.15,107.85,3,0,20260508,20260511
ORD-2026-13160,2026-05-08,2026-05-10,CUST-0585,PROD-0056,GEO-0023,458.0,2,0.0,230.56,2,0,20260508,20260510
ORD-2026-11374,2026-05-09,2026-05-14,CUST-0259,PROD-0039,GEO-0009,67.2,3,0.3,16.93,5,0,20260509,20260514
ORD-2026-11743,2026-05-09,2026-05-11,CUST-0329,PROD-0004,GEO-0013,4396.0,4,0.0,1652.57,2,0,20260509,20260511
ORD-2026-13664,2026-05-09,2026-05-13,CUST-0679,PROD-0028,GEO-0017,1677.9,3,0.3,315.84,4,0,20260509,20260513
ORD-2026-14145,2026-05-09,2026-05-12,CUST-0777,PROD-0025,GEO-0014,1233.1,2,0.05,461.67,3,0,20260509,20260512
ORD-2026-14366,2026-05-09,2026-05-12,CUST-0831,PROD-0031,GEO-0017,990.0,10,0.0,503.29,3,0,20260509,20260512
ORD-2026-11013,2026-05-10,2026-05-13,CUST-0189,PROD-0002,GEO-0013,1528.3,2,0.15,474.8,3,0,20260510,20260513
ORD-2026-12207,2026-05-10,2026-05-11,CUST-0408,PROD-0035,GEO-0022,191.25,3,0.15,92.16,1,0,20260510,20260511
ORD-2026-12853,2026-05-10,2026-05-11,CUST-0518,PROD-0055,GEO-0032,139.0,1,0.0,68.29,1,0,20260510,20260511
ORD-2026-14166,2026-05-10,2026-05-15,CUST-0779,PROD-0003,GEO-0012,798.0,2,0.0,344.8,5,0,20260510,20260515
ORD-2026-10407,2026-05-11,2026-05-13,CUST-0083,PROD-0044,GEO-0012,79.0,1,0.0,41.47,2,0,20260511,20260513
ORD-2026-12672,2026-05-11,2026-05-14,CUST-0488,PROD-0052,GEO-0032,34.2,2,0.1,7.42,3,0,20260511,20260514
ORD-2026-12805,2026-05-11,2026-05-13,CUST-0513,PROD-0045,GEO-0032,187.0,2,0.15,88.33,2,1,20260511,20260513
ORD-2026-14020,2026-05-11,2026-05-12,CUST-0753,PROD-0021,GEO-0008,379.05,1,0.05,182.49,1,0,20260511,20260512
ORD-2026-10039,2026-05-12,2026-05-15,CUST-0008,PROD-0043,GEO-0005,123.9,3,0.3,40.3,3,0,20260512,20260515
ORD-2026-11506,2026-05-12,2026-05-15,CUST-0287,PROD-0037,GEO-0029,178.5,1,0.15,84.12,3,0,20260512,20260515
ORD-2026-11742,2026-05-12,2026-05-15,CUST-0329,PROD-0045,GEO-0013,187.0,2,0.15,84.62,3,0,20260512,20260515
ORD-2026-12380,2026-05-12,2026-05-17,CUST-0435,PROD-0052,GEO-0001,57.0,3,0.0,19.63,5,0,20260512,20260517
ORD-2026-13457,2026-05-12,2026-05-17,CUST-0638,PROD-0049,GEO-0005,66.0,3,0.0,31.17,5,0,20260512,20260517
ORD-2026-13788,2026-05-12,2026-05-14,CUST-0704,PROD-0011,GEO-0005,129.0,1,0.0,79.9,2,0,20260512,20260514
ORD-2026-13895,2026-05-12,2026-05-14,CUST-0732,PROD-0015,GEO-0016,338.2,4,0.05,177.84,2,0,20260512,20260514
ORD-2026-10698,2026-05-13,2026-05-16,CUST-0135,PROD-0034,GEO-0015,370.5,6,0.05,186.56,3,1,20260513,20260516
ORD-2026-12018,2026-05-13,2026-05-15,CUST-0381,PROD-0017,GEO-0027,699.0,1,0.0,314.94,2,0,20260513,20260515
ORD-2026-12323,2026-05-13,2026-05-16,CUST-0426,PROD-0054,GEO-0007,478.4,2,0.2,185.95,3,0,20260513,20260516
ORD-2026-12568,2026-05-13,2026-05-15,CUST-0467,PROD-0002,GEO-0001,3236.4,4,0.1,1141.8,2,0,20260513,20260515
ORD-2026-12941,2026-05-13,2026-05-14,CUST-0538,PROD-0022,GEO-0006,657.0,3,0.0,353.88,1,0,20260513,20260514
ORD-2026-13163,2026-05-13,2026-05-14,CUST-0585,PROD-0012,GEO-0023,59.0,1,0.0,35.0,1,0,20260513,20260514
ORD-2026-11031,2026-05-14,2026-05-16,CUST-0191,PROD-0055,GEO-0001,132.05,1,0.05,60.12,2,0,20260514,20260516
ORD-2026-11830,2026-05-14,2026-05-19,CUST-0343,PROD-0049,GEO-0009,176.0,8,0.0,65.11,5,0,20260514,20260519
ORD-2026-12524,2026-05-14,2026-05-18,CUST-0461,PROD-0053,GEO-0023,16.8,2,0.3,1.8,4,0,20260514,20260518
ORD-2026-12627,2026-05-14,2026-05-15,CUST-0479,PROD-0031,GEO-0031,94.05,1,0.05,43.53,1,0,20260514,20260515
ORD-2026-13776,2026-05-14,2026-05-15,CUST-0702,PROD-0001,GEO-0032,799.0,1,0.0,345.99,1,0,20260514,20260515
ORD-2026-14398,2026-05-14,2026-05-15,CUST-0837,PROD-0054,GEO-0016,897.0,3,0.0,456.36,1,0,20260514,20260515
ORD-2026-11260,2026-05-15,2026-05-18,CUST-0236,PROD-0041,GEO-0031,70.2,2,0.1,32.28,3,0,20260515,20260518
ORD-2026-13635,2026-05-15,2026-05-16,CUST-0671,PROD-0048,GEO-0028,25.2,1,0.1,10.09,1,0,20260515,20260516
ORD-2026-14131,2026-05-15,2026-05-17,CUST-0772,PROD-0045,GEO-0032,660.0,6,0.0,357.87,2,0,20260515,20260517
ORD-2026-10335,2026-05-16,2026-05-18,CUST-0072,PROD-0034,GEO-0029,65.0,1,0.0,35.75,2,0,20260516,20260518
ORD-2026-10582,2026-05-16,2026-05-19,CUST-0114,PROD-0025,GEO-0002,3082.75,5,0.05,1155.23,3,0,20260516,20260519
ORD-2026-10773,2026-05-16,2026-05-20,CUST-0147,PROD-0015,GEO-0028,89.0,1,0.0,48.74,4,0,20260516,20260520
ORD-2026-11947,2026-05-16,2026-05-18,CUST-0365,PROD-0008,GEO-0006,1804.05,1,0.05,698.73,2,0,20260516,20260518
ORD-2026-13061,2026-05-16,2026-05-21,CUST-0565,PROD-0029,GEO-0007,638.0,2,0.0,264.99,5,0,20260516,20260521
ORD-2026-13583,2026-05-16,2026-05-19,CUST-0660,PROD-0053,GEO-0005,21.6,2,0.1,5.77,3,0,20260516,20260519
ORD-2026-13845,2026-05-17,2026-05-20,CUST-0715,PROD-0007,GEO-0012,2997.0,3,0.0,1243.12,3,0,20260517,20260520
ORD-2026-14382,2026-05-17,2026-05-19,CUST-0834,PROD-0046,GEO-0005,34.0,1,0.0,14.88,2,0,20260517,20260519
ORD-2026-10800,2026-05-18,2026-05-19,CUST-0150,PROD-0032,GEO-0026,478.5,3,0.5,-19.65,1,0,20260518,20260519
ORD-2026-11474,2026-05-18,2026-05-20,CUST-0279,PROD-0018,GEO-0015,567.15,3,0.05,225.1,2,1,20260518,20260520
ORD-2026-11907,2026-05-18,2026-05-20,CUST-0360,PROD-0005,GEO-0013,1900.0,2,0.0,693.69,2,0,20260518,20260520
ORD-2026-12012,2026-05-18,2026-05-21,CUST-0381,PROD-0034,GEO-0027,52.0,1,0.2,20.62,3,0,20260518,20260521
ORD-2026-13546,2026-05-18,2026-05-20,CUST-0651,PROD-0026,GEO-0007,948.1,2,0.05,375.97,2,0,20260518,20260520
ORD-2026-13853,2026-05-18,2026-05-20,CUST-0718,PROD-0018,GEO-0002,398.0,2,0.0,170.0,2,0,20260518,20260520
ORD-2026-13946,2026-05-18,2026-05-19,CUST-0739,PROD-0031,GEO-0010,99.0,1,0.0,50.27,1,1,20260518,20260519
ORD-2026-10707,2026-05-19,2026-05-21,CUST-0137,PROD-0001,GEO-0015,1438.2,2,0.1,528.06,2,0,20260519,20260521
ORD-2026-12547,2026-05-19,2026-05-25,CUST-0465,PROD-0016,GEO-0002,5097.0,3,0.0,2379.11,6,0,20260519,20260525
ORD-2026-12548,2026-05-19,2026-05-21,CUST-0465,PROD-0054,GEO-0002,299.0,1,0.0,152.17,2,0,20260519,20260521
ORD-2026-10640,2026-05-20,2026-05-23,CUST-0125,PROD-0003,GEO-0031,718.2,2,0.1,270.51,3,0,20260520,20260523
ORD-2026-11854,2026-05-20,2026-05-21,CUST-0348,PROD-0037,GEO-0027,210.0,1,0.0,113.99,1,0,20260520,20260521
ORD-2026-11898,2026-05-20,2026-05-22,CUST-0358,PROD-0038,GEO-0032,1360.8,8,0.1,573.75,2,0,20260520,20260522
ORD-2026-12328,2026-05-20,2026-05-26,CUST-0426,PROD-0047,GEO-0007,61.2,3,0.15,23.2,6,0,20260520,20260526
ORD-2026-10638,2026-05-21,2026-05-24,CUST-0125,PROD-0060,GEO-0031,56.0,4,0.0,22.6,3,0,20260521,20260524
ORD-2026-11204,2026-05-21,2026-05-24,CUST-0228,PROD-0059,GEO-0005,31.35,3,0.05,4.86,3,0,20260521,20260524
ORD-2026-11335,2026-05-21,2026-05-24,CUST-0252,PROD-0025,GEO-0022,908.6,2,0.3,138.0,3,0,20260521,20260524
ORD-2026-12008,2026-05-21,2026-05-24,CUST-0380,PROD-0015,GEO-0025,338.2,4,0.05,173.01,3,0,20260521,20260524
ORD-2026-13337,2026-05-21,2026-05-25,CUST-0616,PROD-0028,GEO-0018,2277.15,3,0.05,910.11,4,0,20260521,20260525
ORD-2026-10908,2026-05-22,2026-05-25,CUST-0166,PROD-0031,GEO-0020,297.0,5,0.4,41.38,3,0,20260522,20260525
ORD-2026-11120,2026-05-22,2026-05-25,CUST-0207,PROD-0019,GEO-0008,658.0,2,0.0,287.2,3,0,20260522,20260525
ORD-2026-13077,2026-05-22,2026-05-24,CUST-0567,PROD-0055,GEO-0021,556.0,5,0.2,212.07,2,0,20260522,20260524
ORD-2026-13980,2026-05-22,2026-05-23,CUST-0745,PROD-0024,GEO-0018,1794.0,6,0.0,929.23,1,0,20260522,20260523
ORD-2026-12046,2026-05-23,2026-05-28,CUST-0384,PROD-0053,GEO-0001,22.8,2,0.05,1.48,5,0,20260523,20260528
ORD-2026-12735,2026-05-23,2026-05-25,CUST-0499,PROD-0055,GEO-0028,139.0,1,0.0,67.36,2,0,20260523,20260525
ORD-2026-12930,2026-05-23,2026-05-26,CUST-0536,PROD-0048,GEO-0013,47.6,2,0.15,13.61,3,0,20260523,20260526
ORD-2026-13102,2026-05-23,2026-05-27,CUST-0572,PROD-0022,GEO-0013,438.0,2,0.0,237.79,4,0,20260523,20260527
ORD-2026-12659,2026-05-24,2026-05-26,CUST-0485,PROD-0011,GEO-0001,245.1,2,0.05,147.29,2,0,20260524,20260526
ORD-2026-13731,2026-05-24,2026-05-27,CUST-0693,PROD-0051,GEO-0004,36.0,2,0.0,14.2,3,0,20260524,20260527
ORD-2026-14147,2026-05-24,2026-05-26,CUST-0777,PROD-0043,GEO-0014,59.0,1,0.0,28.59,2,0,20260524,20260526
ORD-2026-14152,2026-05-24,2026-05-26,CUST-0778,PROD-0045,GEO-0007,110.0,1,0.0,58.62,2,0,20260524,20260526
ORD-2026-14468,2026-05-24,2026-05-25,CUST-0849,PROD-0025,GEO-0021,4543.0,10,0.3,694.39,1,0,20260524,20260525
ORD-2026-10813,2026-05-25,2026-05-27,CUST-0154,PROD-0035,GEO-0020,150.0,2,0.0,79.26,2,0,20260525,20260527
ORD-2026-10888,2026-05-25,2026-05-27,CUST-0163,PROD-0056,GEO-0019,1087.75,5,0.05,505.33,2,0,20260525,20260527
ORD-2026-12766,2026-05-25,2026-05-26,CUST-0505,PROD-0009,GEO-0017,2607.75,5,0.05,984.9,1,0,20260525,20260526
ORD-2026-13336,2026-05-25,2026-05-28,CUST-0616,PROD-0021,GEO-0018,379.05,1,0.05,185.76,3,0,20260525,20260528
ORD-2026-10915,2026-05-26,2026-05-29,CUST-0168,PROD-0003,GEO-0012,1695.75,5,0.15,574.21,3,0,20260526,20260529
ORD-2026-10960,2026-05-26,2026-05-30,CUST-0177,PROD-0048,GEO-0007,75.6,3,0.1,33.29,4,0,20260526,20260530
ORD-2026-11739,2026-05-26,2026-05-29,CUST-0329,PROD-0048,GEO-0013,23.8,1,0.15,8.53,3,0,20260526,20260529
ORD-2026-13497,2026-05-26,2026-05-27,CUST-0643,PROD-0051,GEO-0027,18.0,1,0.0,6.67,1,0,20260526,20260527
ORD-2026-13956,2026-05-26,2026-05-29,CUST-0742,PROD-0002,GEO-0011,1618.2,2,0.1,565.93,3,0,20260526,20260529
ORD-2026-13799,2026-05-27,2026-05-30,CUST-0707,PROD-0018,GEO-0017,1890.5,10,0.05,742.75,3,0,20260527,20260530
ORD-2026-14178,2026-05-27,2026-05-29,CUST-0785,PROD-0019,GEO-0024,3290.0,10,0.0,1457.65,2,0,20260527,20260529
ORD-2026-14424,2026-05-27,2026-05-30,CUST-0843,PROD-0001,GEO-0018,679.15,1,0.15,224.33,3,0,20260527,20260530
ORD-2026-12011,2026-05-28,2026-05-30,CUST-0381,PROD-0022,GEO-0027,219.0,1,0.0,118.77,2,0,20260528,20260530
ORD-2026-13775,2026-05-28,2026-05-31,CUST-0702,PROD-0060,GEO-0032,28.0,2,0.0,6.08,3,0,20260528,20260531
ORD-2026-10140,2026-05-29,2026-05-31,CUST-0029,PROD-0040,GEO-0029,293.25,5,0.15,127.53,2,0,20260529,20260531
ORD-2026-10443,2026-05-29,2026-06-01,CUST-0087,PROD-0005,GEO-0009,950.0,1,0.0,343.47,3,0,20260529,20260601
ORD-2026-12607,2026-05-29,2026-06-01,CUST-0474,PROD-0030,GEO-0021,583.95,3,0.15,243.05,3,0,20260529,20260601
ORD-2026-13608,2026-05-29,2026-06-01,CUST-0666,PROD-0045,GEO-0030,88.0,1,0.2,36.0,3,0,20260529,20260601
ORD-2026-10405,2026-05-30,2026-06-05,CUST-0083,PROD-0024,GEO-0012,598.0,2,0.0,310.04,6,0,20260530,20260605
ORD-2026-10531,2026-05-30,2026-06-02,CUST-0105,PROD-0037,GEO-0018,378.0,2,0.1,191.24,3,0,20260530,20260602
ORD-2026-12022,2026-05-30,2026-06-02,CUST-0381,PROD-0036,GEO-0027,93.1,2,0.05,47.04,3,0,20260530,20260602
ORD-2026-14039,2026-05-30,2026-06-01,CUST-0757,PROD-0057,GEO-0012,128.25,3,0.05,55.08,2,0,20260530,20260601
ORD-2026-10411,2026-05-31,2026-06-05,CUST-0084,PROD-0044,GEO-0003,75.05,1,0.05,37.26,5,0,20260531,20260605
ORD-2026-10645,2026-05-31,2026-06-01,CUST-0125,PROD-0060,GEO-0031,28.0,2,0.0,6.91,1,0,20260531,20260601
ORD-2026-11339,2026-05-31,2026-06-02,CUST-0253,PROD-0017,GEO-0002,699.0,1,0.0,314.16,2,0,20260531,20260602
ORD-2026-11768,2026-05-31,2026-06-02,CUST-0333,PROD-0017,GEO-0025,1992.15,3,0.05,835.07,2,0,20260531,20260602
ORD-2026-12763,2026-05-31,2026-06-07,CUST-0504,PROD-0042,GEO-0005,83.3,2,0.15,34.58,7,0,20260531,20260607
ORD-2026-10283,2026-06-01,2026-06-04,CUST-0064,PROD-0006,GEO-0027,1299.0,1,0.0,544.87,3,0,20260601,20260604
ORD-2026-10537,2026-06-01,2026-06-02,CUST-0105,PROD-0053,GEO-0018,12.0,1,0.0,4.43,1,0,20260601,20260602
ORD-2026-11584,2026-06-01,2026-06-03,CUST-0304,PROD-0052,GEO-0032,38.0,2,0.0,10.05,2,0,20260601,20260603
ORD-2026-11668,2026-06-01,2026-06-03,CUST-0317,PROD-0026,GEO-0016,499.0,1,0.0,212.95,2,0,20260601,20260603
ORD-2026-11727,2026-06-01,2026-06-03,CUST-0326,PROD-0025,GEO-0029,1038.4,2,0.2,268.86,2,0,20260601,20260603
ORD-2026-12430,2026-06-01,2026-06-04,CUST-0448,PROD-0059,GEO-0013,17.6,2,0.2,-0.31,3,0,20260601,20260604
ORD-2026-14019,2026-06-01,2026-06-05,CUST-0753,PROD-0010,GEO-0008,2753.1,2,0.05,1045.58,4,0,20260601,20260605
ORD-2026-14172,2026-06-01,2026-06-05,CUST-0781,PROD-0005,GEO-0006,902.5,1,0.05,298.61,4,0,20260601,20260605
ORD-2026-14229,2026-06-01,2026-06-03,CUST-0796,PROD-0044,GEO-0016,79.0,1,0.0,43.63,2,0,20260601,20260603
ORD-2026-10185,2026-06-02,2026-06-03,CUST-0039,PROD-0001,GEO-0005,1598.0,2,0.0,685.22,1,0,20260602,20260603
ORD-2026-10712,2026-06-02,2026-06-04,CUST-0138,PROD-0012,GEO-0013,159.3,3,0.1,89.74,2,0,20260602,20260604
ORD-2026-10929,2026-06-02,2026-06-05,CUST-0170,PROD-0014,GEO-0003,566.2,4,0.05,328.25,3,1,20260602,20260605
ORD-2026-12076,2026-06-02,2026-06-04,CUST-0389,PROD-0011,GEO-0014,122.55,1,0.05,72.26,2,0,20260602,20260604
ORD-2026-12114,2026-06-02,2026-06-04,CUST-0395,PROD-0057,GEO-0006,38.25,1,0.15,15.74,2,0,20260602,20260604
ORD-2026-12389,2026-06-02,2026-06-05,CUST-0436,PROD-0045,GEO-0026,220.0,2,0.0,117.69,3,0,20260602,20260605
ORD-2026-13197,2026-06-02,2026-06-06,CUST-0592,PROD-0006,GEO-0004,2598.0,2,0.0,1084.68,4,0,20260602,20260606
ORD-2026-14113,2026-06-02,2026-06-04,CUST-0767,PROD-0052,GEO-0003,76.0,4,0.0,20.94,2,0,20260602,20260604
ORD-2026-10142,2026-06-03,2026-06-05,CUST-0031,PROD-0026,GEO-0030,1397.2,4,0.3,260.63,2,0,20260603,20260605
ORD-2026-14107,2026-06-03,2026-06-06,CUST-0766,PROD-0017,GEO-0028,699.0,1,0.0,315.87,3,0,20260603,20260606
ORD-2026-10107,2026-06-04,2026-06-07,CUST-0025,PROD-0057,GEO-0008,40.5,1,0.1,17.3,3,0,20260604,20260607
ORD-2026-11097,2026-06-04,2026-06-08,CUST-0203,PROD-0033,GEO-0030,456.3,3,0.1,181.31,4,0,20260604,20260608
ORD-2026-11451,2026-06-04,2026-06-07,CUST-0276,PROD-0028,GEO-0022,559.3,1,0.3,104.82,3,0,20260604,20260607
ORD-2026-11952,2026-06-04,2026-06-09,CUST-0368,PROD-0043,GEO-0017,224.2,4,0.05,107.94,5,0,20260604,20260609
ORD-2026-13410,2026-06-04,2026-06-06,CUST-0627,PROD-0039,GEO-0022,64.0,2,0.0,28.27,2,0,20260604,20260606
ORD-2026-13697,2026-06-04,2026-06-06,CUST-0687,PROD-0051,GEO-0006,85.5,5,0.05,25.21,2,0,20260604,20260606
ORD-2026-14048,2026-06-04,2026-06-08,CUST-0758,PROD-0059,GEO-0030,8.8,1,0.2,-1.77,4,0,20260604,20260608
ORD-2026-10370,2026-06-05,2026-06-06,CUST-0078,PROD-0040,GEO-0024,96.6,2,0.3,33.79,1,0,20260605,20260606
ORD-2026-10750,2026-06-05,2026-06-11,CUST-0145,PROD-0030,GEO-0015,412.2,3,0.4,71.62,6,0,20260605,20260611
ORD-2026-14098,2026-06-05,2026-06-06,CUST-0764,PROD-0015,GEO-0006,89.0,1,0.0,49.93,1,0,20260605,20260606
ORD-2026-10495,2026-06-06,2026-06-08,CUST-0096,PROD-0028,GEO-0024,2397.0,3,0.0,1037.59,2,0,20260606,20260608
ORD-2026-11579,2026-06-06,2026-06-09,CUST-0303,PROD-0010,GEO-0027,1449.0,1,0.0,594.19,3,0,20260606,20260609
ORD-2026-11643,2026-06-06,2026-06-08,CUST-0314,PROD-0014,GEO-0019,126.65,1,0.15,65.48,2,0,20260606,20260608
ORD-2026-12042,2026-06-06,2026-06-08,CUST-0384,PROD-0056,GEO-0001,206.1,1,0.1,90.45,2,0,20260606,20260608
ORD-2026-12924,2026-06-06,2026-06-09,CUST-0534,PROD-0050,GEO-0026,67.2,2,0.2,22.34,3,0,20260606,20260609
ORD-2026-13634,2026-06-06,2026-06-07,CUST-0671,PROD-0053,GEO-0028,11.4,1,0.05,3.74,1,0,20260606,20260607
ORD-2026-10280,2026-06-07,2026-06-09,CUST-0064,PROD-0058,GEO-0027,87.0,3,0.0,33.3,2,0,20260607,20260609
ORD-2026-10804,2026-06-07,2026-06-08,CUST-0151,PROD-0045,GEO-0026,104.5,1,0.05,54.55,1,0,20260607,20260608
ORD-2026-10966,2026-06-07,2026-06-09,CUST-0179,PROD-0002,GEO-0015,854.05,1,0.05,327.41,2,1,20260607,20260609
ORD-2026-11187,2026-06-07,2026-06-08,CUST-0226,PROD-0001,GEO-0001,1518.1,2,0.05,605.7,1,1,20260607,20260608
ORD-2026-11295,2026-06-07,2026-06-11,CUST-0242,PROD-0019,GEO-0018,937.65,3,0.05,379.54,4,0,20260607,20260611
ORD-2026-12307,2026-06-07,2026-06-10,CUST-0423,PROD-0018,GEO-0017,169.15,1,0.15,52.31,3,0,20260607,20260610
ORD-2026-12726,2026-06-07,2026-06-08,CUST-0497,PROD-0041,GEO-0025,31.2,1,0.2,9.27,1,0,20260607,20260608
ORD-2026-10099,2026-06-08,2026-06-11,CUST-0022,PROD-0057,GEO-0022,38.25,1,0.15,14.15,3,0,20260608,20260611
ORD-2026-12855,2026-06-08,2026-06-12,CUST-0518,PROD-0016,GEO-0032,3398.0,2,0.0,1591.06,4,0,20260608,20260612
ORD-2026-13370,2026-06-08,2026-06-10,CUST-0622,PROD-0028,GEO-0021,3795.25,5,0.05,1520.84,2,0,20260608,20260610
ORD-2026-13386,2026-06-08,2026-06-09,CUST-0625,PROD-0042,GEO-0020,39.2,1,0.2,14.88,1,0,20260608,20260609
ORD-2026-13689,2026-06-08,2026-06-09,CUST-0683,PROD-0050,GEO-0004,33.6,1,0.2,12.25,1,0,20260608,20260609
ORD-2026-14030,2026-06-08,2026-06-11,CUST-0756,PROD-0003,GEO-0015,399.0,1,0.0,174.94,3,0,20260608,20260611
ORD-2026-14237,2026-06-08,2026-06-09,CUST-0799,PROD-0015,GEO-0005,84.55,1,0.05,45.64,1,0,20260608,20260609
ORD-2026-10408,2026-06-09,2026-06-11,CUST-0083,PROD-0035,GEO-0012,150.0,2,0.0,80.84,2,0,20260609,20260611
ORD-2026-12214,2026-06-09,2026-06-12,CUST-0409,PROD-0045,GEO-0029,352.0,4,0.2,149.28,3,0,20260609,20260612
ORD-2026-14004,2026-06-09,2026-06-11,CUST-0750,PROD-0051,GEO-0007,28.8,2,0.2,10.13,2,0,20260609,20260611
ORD-2026-14128,2026-06-09,2026-06-10,CUST-0771,PROD-0043,GEO-0020,59.0,1,0.0,31.28,1,0,20260609,20260610
ORD-2026-10090,2026-06-10,2026-06-16,CUST-0020,PROD-0046,GEO-0003,30.6,1,0.1,11.83,6,0,20260610,20260616
ORD-2026-10586,2026-06-10,2026-06-11,CUST-0114,PROD-0028,GEO-0002,479.4,1,0.4,22.52,1,0,20260610,20260611
ORD-2026-11053,2026-06-10,2026-06-16,CUST-0194,PROD-0005,GEO-0005,4512.5,5,0.05,1485.34,6,0,20260610,20260616
ORD-2026-11685,2026-06-10,2026-06-16,CUST-0319,PROD-0031,GEO-0009,198.0,2,0.0,101.65,6,0,20260610,20260616
ORD-2026-14125,2026-06-10,2026-06-17,CUST-0769,PROD-0047,GEO-0027,72.0,3,0.0,34.04,7,0,20260610,20260617
ORD-2026-12572,2026-06-11,2026-06-12,CUST-0468,PROD-0033,GEO-0002,135.2,1,0.2,45.09,1,0,20260611,20260612
ORD-2026-12789,2026-06-11,2026-06-13,CUST-0511,PROD-0054,GEO-0031,1495.0,5,0.0,766.1,2,0,20260611,20260613
ORD-2026-12878,2026-06-11,2026-06-13,CUST-0522,PROD-0010,GEO-0027,1449.0,1,0.0,592.55,2,0,20260611,20260613
ORD-2026-12892,2026-06-11,2026-06-13,CUST-0525,PROD-0020,GEO-0007,698.0,2,0.0,365.99,2,0,20260611,20260613
ORD-2026-13030,2026-06-11,2026-06-14,CUST-0557,PROD-0020,GEO-0024,349.0,1,0.0,185.72,3,0,20260611,20260614
ORD-2026-13441,2026-06-11,2026-06-13,CUST-0635,PROD-0029,GEO-0016,319.0,1,0.0,135.32,2,0,20260611,20260613
ORD-2026-10183,2026-06-12,2026-06-14,CUST-0037,PROD-0043,GEO-0025,59.0,1,0.0,31.44,2,0,20260612,20260614
ORD-2026-10328,2026-06-12,2026-06-15,CUST-0071,PROD-0008,GEO-0009,1899.0,1,0.0,792.22,3,0,20260612,20260615
ORD-2026-10339,2026-06-12,2026-06-14,CUST-0072,PROD-0046,GEO-0029,64.6,2,0.05,29.7,2,0,20260612,20260614
ORD-2026-10372,2026-06-12,2026-06-15,CUST-0078,PROD-0007,GEO-0024,999.0,1,0.0,412.72,3,0,20260612,20260615
ORD-2026-10878,2026-06-12,2026-06-14,CUST-0162,PROD-0042,GEO-0010,46.55,1,0.05,24.22,2,0,20260612,20260614
ORD-2026-11275,2026-06-12,2026-06-13,CUST-0239,PROD-0013,GEO-0029,69.0,1,0.0,41.28,1,0,20260612,20260613
ORD-2026-10105,2026-06-13,2026-06-14,CUST-0024,PROD-0020,GEO-0015,349.0,1,0.0,183.92,1,0,20260613,20260614
ORD-2026-10478,2026-06-13,2026-06-14,CUST-0095,PROD-0014,GEO-0017,134.1,1,0.1,74.1,1,0,20260613,20260614
ORD-2026-11113,2026-06-13,2026-06-15,CUST-0207,PROD-0036,GEO-0008,49.0,1,0.0,24.8,2,0,20260613,20260615
ORD-2026-12342,2026-06-13,2026-06-14,CUST-0427,PROD-0036,GEO-0005,46.55,1,0.05,23.25,1,0,20260613,20260614
ORD-2026-12514,2026-06-13,2026-06-14,CUST-0460,PROD-0001,GEO-0032,2397.0,3,0.0,1030.65,1,0,20260613,20260614
ORD-2026-13827,2026-06-13,2026-06-15,CUST-0711,PROD-0035,GEO-0012,300.0,4,0.0,153.71,2,0,20260613,20260615
ORD-2026-10028,2026-06-14,2026-06-17,CUST-0006,PROD-0059,GEO-0029,11.0,1,0.0,0.42,3,0,20260614,20260617
ORD-2026-10101,2026-06-14,2026-06-15,CUST-0022,PROD-0043,GEO-0022,50.15,1,0.15,22.63,1,0,20260614,20260615
ORD-2026-10607,2026-06-14,2026-06-17,CUST-0120,PROD-0020,GEO-0024,1047.0,3,0.0,556.12,3,0,20260614,20260617
ORD-2026-11270,2026-06-14,2026-06-16,CUST-0239,PROD-0037,GEO-0029,997.5,5,0.05,514.17,2,0,20260614,20260616
ORD-2026-12820,2026-06-14,2026-06-15,CUST-0516,PROD-0047,GEO-0012,48.0,2,0.0,20.2,1,0,20260614,20260615
ORD-2026-14459,2026-06-14,2026-06-16,CUST-0849,PROD-0007,GEO-0021,9990.0,10,0.0,4143.37,2,0,20260614,20260616
ORD-2026-11569,2026-06-15,2026-06-21,CUST-0301,PROD-0028,GEO-0016,719.1,1,0.1,262.67,6,0,20260615,20260621
ORD-2026-11647,2026-06-15,2026-06-16,CUST-0314,PROD-0051,GEO-0019,43.2,3,0.2,14.01,1,0,20260615,20260616
ORD-2026-12155,2026-06-15,2026-06-17,CUST-0400,PROD-0039,GEO-0017,32.0,1,0.0,15.44,2,0,20260615,20260617
ORD-2026-13508,2026-06-15,2026-06-16,CUST-0646,PROD-0012,GEO-0006,100.3,2,0.15,50.33,1,0,20260615,20260616
ORD-2026-13803,2026-06-15,2026-06-16,CUST-0708,PROD-0057,GEO-0009,76.5,2,0.15,30.08,1,0,20260615,20260616
ORD-2026-14362,2026-06-15,2026-06-17,CUST-0830,PROD-0051,GEO-0002,32.4,2,0.1,7.74,2,0,20260615,20260617
ORD-2026-10510,2026-06-16,2026-06-18,CUST-0098,PROD-0039,GEO-0017,51.2,2,0.2,14.85,2,0,20260616,20260618
ORD-2026-10650,2026-06-16,2026-06-17,CUST-0125,PROD-0010,GEO-0031,2753.1,2,0.05,1042.47,1,0,20260616,20260617
ORD-2026-11060,2026-06-16,2026-06-17,CUST-0196,PROD-0055,GEO-0029,396.15,3,0.05,189.47,1,0,20260616,20260617
ORD-2026-11330,2026-06-16,2026-06-18,CUST-0251,PROD-0039,GEO-0019,44.8,2,0.3,7.86,2,0,20260616,20260618
ORD-2026-12329,2026-06-16,2026-06-20,CUST-0426,PROD-0002,GEO-0007,1798.0,2,0.0,747.91,4,0,20260616,20260620
ORD-2026-12718,2026-06-16,2026-06-19,CUST-0497,PROD-0011,GEO-0025,612.75,5,0.05,358.99,3,0,20260616,20260619
ORD-2026-13183,2026-06-16,2026-06-19,CUST-0589,PROD-0011,GEO-0032,129.0,1,0.0,77.74,3,0,20260616,20260619
ORD-2026-13012,2026-06-17,2026-06-20,CUST-0555,PROD-0059,GEO-0022,33.0,3,0.0,9.61,3,0,20260617,20260620
ORD-2026-10378,2026-06-18,2026-06-21,CUST-0079,PROD-0059,GEO-0016,11.0,1,0.0,1.42,3,0,20260618,20260621
ORD-2026-12093,2026-06-18,2026-06-19,CUST-0392,PROD-0041,GEO-0019,23.4,1,0.4,2.93,1,0,20260618,20260619
ORD-2026-12937,2026-06-18,2026-06-20,CUST-0537,PROD-0049,GEO-0023,22.0,1,0.0,10.26,2,0,20260618,20260620
ORD-2026-10369,2026-06-19,2026-06-24,CUST-0078,PROD-0018,GEO-0024,716.4,4,0.1,250.42,5,0,20260619,20260624
ORD-2026-11441,2026-06-19,2026-06-21,CUST-0274,PROD-0012,GEO-0012,224.2,4,0.05,125.05,2,0,20260619,20260621
ORD-2026-11141,2026-06-20,2026-06-23,CUST-0211,PROD-0031,GEO-0032,475.2,6,0.2,173.68,3,1,20260620,20260623
ORD-2026-11485,2026-06-20,2026-06-24,CUST-0282,PROD-0015,GEO-0030,712.0,8,0.0,393.7,4,0,20260620,20260624
ORD-2026-12542,2026-06-20,2026-06-22,CUST-0463,PROD-0059,GEO-0020,20.9,2,0.05,6.75,2,0,20260620,20260622
ORD-2026-12895,2026-06-20,2026-06-22,CUST-0525,PROD-0031,GEO-0007,470.25,5,0.05,222.39,2,1,20260620,20260622
ORD-2026-13104,2026-06-20,2026-06-25,CUST-0574,PROD-0024,GEO-0002,538.2,2,0.1,246.01,5,0,20260620,20260625
ORD-2026-14143,2026-06-20,2026-06-23,CUST-0777,PROD-0049,GEO-0014,62.7,3,0.05,28.09,3,0,20260620,20260623
ORD-2026-10599,2026-06-21,2026-06-22,CUST-0117,PROD-0046,GEO-0012,32.3,1,0.05,12.53,1,0,20260621,20260622
ORD-2026-11111,2026-06-21,2026-06-23,CUST-0207,PROD-0059,GEO-0008,8.8,1,0.2,1.25,2,0,20260621,20260623
ORD-2026-11443,2026-06-21,2026-06-22,CUST-0275,PROD-0009,GEO-0031,1564.65,3,0.05,594.95,1,0,20260621,20260622
ORD-2026-11565,2026-06-21,2026-06-23,CUST-0301,PROD-0004,GEO-0016,1099.0,1,0.0,415.02,2,0,20260621,20260623
ORD-2026-11899,2026-06-21,2026-06-23,CUST-0358,PROD-0046,GEO-0032,68.0,2,0.0,30.53,2,0,20260621,20260623
ORD-2026-12922,2026-06-21,2026-06-24,CUST-0533,PROD-0008,GEO-0032,1899.0,1,0.0,795.7,3,0,20260621,20260624
ORD-2026-13215,2026-06-21,2026-06-22,CUST-0595,PROD-0014,GEO-0013,298.0,2,0.0,179.12,1,0,20260621,20260622
ORD-2026-13261,2026-06-21,2026-06-23,CUST-0600,PROD-0004,GEO-0014,2967.3,3,0.1,906.32,2,0,20260621,20260623
ORD-2026-14042,2026-06-21,2026-06-24,CUST-0757,PROD-0046,GEO-0012,30.6,1,0.1,10.73,3,0,20260621,20260624
ORD-2026-10326,2026-06-22,2026-06-25,CUST-0071,PROD-0040,GEO-0009,82.8,2,0.4,13.01,3,0,20260622,20260625
ORD-2026-12060,2026-06-22,2026-06-23,CUST-0387,PROD-0016,GEO-0032,1699.0,1,0.0,793.51,1,1,20260622,20260623
ORD-2026-12602,2026-06-22,2026-06-25,CUST-0473,PROD-0023,GEO-0029,249.0,1,0.0,125.52,3,0,20260622,20260625
ORD-2026-13120,2026-06-22,2026-06-26,CUST-0577,PROD-0040,GEO-0023,69.0,1,0.0,34.05,4,0,20260622,20260626
ORD-2026-13172,2026-06-22,2026-06-25,CUST-0587,PROD-0005,GEO-0026,1900.0,2,0.0,686.89,3,0,20260622,20260625
ORD-2026-13721,2026-06-22,2026-06-25,CUST-0692,PROD-0012,GEO-0009,280.25,5,0.05,172.78,3,0,20260622,20260625
ORD-2026-14206,2026-06-22,2026-06-23,CUST-0792,PROD-0057,GEO-0022,171.0,4,0.05,82.48,1,0,20260622,20260623
ORD-2026-10948,2026-06-23,2026-06-25,CUST-0174,PROD-0031,GEO-0017,198.0,2,0.0,94.49,2,0,20260623,20260625
ORD-2026-12933,2026-06-23,2026-06-25,CUST-0536,PROD-0018,GEO-0013,378.1,2,0.05,146.57,2,0,20260623,20260625
ORD-2026-13164,2026-06-23,2026-06-24,CUST-0586,PROD-0047,GEO-0021,24.0,1,0.0,8.9,1,0,20260623,20260624
ORD-2026-13565,2026-06-23,2026-06-25,CUST-0657,PROD-0026,GEO-0014,1347.3,3,0.1,496.6,2,0,20260623,20260625
ORD-2026-14394,2026-06-23,2026-06-26,CUST-0837,PROD-0025,GEO-0016,1654.95,3,0.15,503.28,3,0,20260623,20260626
ORD-2026-10430,2026-06-24,2026-06-25,CUST-0087,PROD-0038,GEO-0009,94.5,1,0.5,-6.52,1,0,20260624,20260625
ORD-2026-10907,2026-06-24,2026-06-26,CUST-0166,PROD-0033,GEO-0020,160.55,1,0.05,72.25,2,0,20260624,20260626
ORD-2026-11785,2026-06-24,2026-06-27,CUST-0335,PROD-0020,GEO-0020,698.0,2,0.0,366.01,3,0,20260624,20260627
ORD-2026-12083,2026-06-24,2026-06-28,CUST-0390,PROD-0048,GEO-0027,23.8,1,0.15,7.61,4,0,20260624,20260628
ORD-2026-13135,2026-06-24,2026-06-26,CUST-0581,PROD-0052,GEO-0018,26.6,2,0.3,5.63,2,0,20260624,20260626
ORD-2026-13473,2026-06-24,2026-06-28,CUST-0640,PROD-0042,GEO-0020,78.4,2,0.2,31.11,4,0,20260624,20260628
ORD-2026-11355,2026-06-25,2026-06-27,CUST-0256,PROD-0048,GEO-0007,112.0,4,0.0,45.89,2,0,20260625,20260627
ORD-2026-11675,2026-06-25,2026-06-27,CUST-0318,PROD-0045,GEO-0014,99.0,1,0.1,50.92,2,0,20260625,20260627
ORD-2026-11986,2026-06-25,2026-06-27,CUST-0376,PROD-0025,GEO-0007,616.55,1,0.05,231.13,2,0,20260625,20260627
ORD-2026-12475,2026-06-25,2026-06-27,CUST-0456,PROD-0029,GEO-0032,1515.25,5,0.05,580.66,2,0,20260625,20260627
ORD-2026-13265,2026-06-25,2026-06-30,CUST-0601,PROD-0052,GEO-0002,54.15,3,0.05,14.67,5,0,20260625,20260630
ORD-2026-13624,2026-06-25,2026-06-27,CUST-0671,PROD-0002,GEO-0028,1798.0,2,0.0,747.1,2,0,20260625,20260627
ORD-2026-10300,2026-06-26,2026-06-29,CUST-0066,PROD-0021,GEO-0016,678.3,2,0.15,291.5,3,0,20260626,20260629
ORD-2026-10701,2026-06-26,2026-07-03,CUST-0136,PROD-0013,GEO-0018,58.65,1,0.15,32.49,7,0,20260626,20260703
ORD-2026-11625,2026-06-26,2026-06-28,CUST-0311,PROD-0003,GEO-0005,379.05,1,0.05,152.66,2,0,20260626,20260628
ORD-2026-12272,2026-06-26,2026-06-27,CUST-0418,PROD-0033,GEO-0012,152.1,1,0.1,61.86,1,0,20260626,20260627
ORD-2026-13594,2026-06-26,2026-06-29,CUST-0664,PROD-0020,GEO-0015,331.55,1,0.05,165.49,3,0,20260626,20260629
ORD-2026-10026,2026-06-27,2026-07-01,CUST-0005,PROD-0009,GEO-0008,1098.0,2,0.0,448.16,4,1,20260627,20260701
ORD-2026-10278,2026-06-27,2026-06-28,CUST-0064,PROD-0039,GEO-0027,19.2,1,0.4,3.46,1,1,20260627,20260628
ORD-2026-10674,2026-06-27,2026-06-28,CUST-0129,PROD-0030,GEO-0018,217.55,1,0.05,103.96,1,0,20260627,20260628
ORD-2026-13509,2026-06-27,2026-06-28,CUST-0646,PROD-0040,GEO-0006,69.0,1,0.0,34.46,1,0,20260627,20260628
ORD-2026-10795,2026-06-28,2026-06-30,CUST-0150,PROD-0032,GEO-0026,303.05,1,0.05,139.95,2,0,20260628,20260630
ORD-2026-10994,2026-06-28,2026-07-01,CUST-0185,PROD-0004,GEO-0023,2198.0,2,0.0,824.43,3,0,20260628,20260701
ORD-2026-11926,2026-06-28,2026-06-30,CUST-0362,PROD-0030,GEO-0001,183.2,1,0.2,69.87,2,0,20260628,20260630
ORD-2026-12045,2026-06-28,2026-07-01,CUST-0384,PROD-0036,GEO-0001,245.0,5,0.0,129.67,3,0,20260628,20260701
ORD-2026-12606,2026-06-28,2026-07-02,CUST-0474,PROD-0022,GEO-0021,624.15,3,0.05,321.8,4,1,20260628,20260702
ORD-2026-12715,2026-06-28,2026-06-29,CUST-0497,PROD-0057,GEO-0025,45.0,1,0.0,20.12,1,0,20260628,20260629
ORD-2026-13273,2026-06-28,2026-07-04,CUST-0605,PROD-0007,GEO-0017,2997.0,3,0.0,1247.54,6,0,20260628,20260704
ORD-2026-13769,2026-06-28,2026-06-30,CUST-0700,PROD-0059,GEO-0008,10.45,1,0.05,2.82,2,0,20260628,20260630
ORD-2026-10856,2026-06-29,2026-07-02,CUST-0160,PROD-0040,GEO-0031,186.3,3,0.1,92.72,3,0,20260629,20260702
ORD-2026-11583,2026-06-29,2026-07-01,CUST-0304,PROD-0039,GEO-0032,16.0,1,0.5,-1.77,2,0,20260629,20260701
ORD-2026-13314,2026-06-29,2026-07-01,CUST-0612,PROD-0018,GEO-0032,189.05,1,0.05,74.78,2,0,20260629,20260701
ORD-2026-13530,2026-06-29,2026-07-03,CUST-0649,PROD-0020,GEO-0027,663.1,2,0.05,329.9,4,0,20260629,20260703
ORD-2026-13889,2026-06-29,2026-07-03,CUST-0728,PROD-0036,GEO-0020,196.0,4,0.0,88.47,4,0,20260629,20260703
ORD-2026-12653,2026-06-30,2026-07-04,CUST-0484,PROD-0002,GEO-0015,1798.0,2,0.0,748.04,4,0,20260630,20260704
ORD-2026-12983,2026-06-30,2026-07-04,CUST-0550,PROD-0024,GEO-0029,299.0,1,0.0,155.52,4,0,20260630,20260704
ORD-2026-13781,2026-06-30,2026-07-02,CUST-0703,PROD-0021,GEO-0002,279.3,1,0.3,85.84,2,0,20260630,20260702
ORD-2026-13841,2026-06-30,2026-07-01,CUST-0714,PROD-0035,GEO-0019,75.0,1,0.0,39.25,1,0,20260630,20260701
ORD-2026-13892,2026-06-30,2026-07-03,CUST-0730,PROD-0060,GEO-0008,14.0,1,0.0,3.61,3,0,20260630,20260703
ORD-2026-14386,2026-06-30,2026-07-02,CUST-0835,PROD-0024,GEO-0021,598.0,2,0.0,306.38,2,0,20260630,20260702
