Order ID,Order Date,Ship Date,Customer ID,Product ID,Region,State,City,Category,Sub-Category,Sales,Quantity,Discount,Profit
ORD-2022-14302,2022-01-31,2022-02-04,CUST-0816,PROD-0053,Central,Texas,San Antonio,Office Supplies,Binders,36.0,3,0.0,12.43
ORD-2022-13696,2022-02-14,2022-02-17,CUST-0686,PROD-0007,East,Massachusetts,Boston,Technology,Laptops,949.05,1,0.05,365.76
ORD-2022-10934,2022-02-23,2022-02-25,CUST-0170,PROD-0058,Central,Illinois,Chicago,Office Supplies,Fasteners,29.0,1,0.0,11.84
ORD-2022-11698,2022-03-16,2022-03-18,CUST-0320,PROD-0054,Central,Ohio,Columbus,Office Supplies,Appliances,1196.0,4,0.0,617.62
ORD-2022-11703,2022-03-22,2022-03-24,CUST-0320,PROD-0044,Central,Ohio,Columbus,Office Supplies,Art,79.0,1,0.0,41.28
ORD-2022-10939,2022-03-23,2022-03-24,CUST-0170,PROD-0051,Central,Illinois,Chicago,Office Supplies,Binders,18.0,1,0.0,8.95
ORD-2022-12004,2022-03-27,2022-03-29,CUST-0378,PROD-0048,West,California,San Diego,Office Supplies,Paper,56.0,2,0.0,25.01
ORD-2022-14171,2022-03-31,2022-04-02,CUST-0781,PROD-0004,East,Pennsylvania,Philadelphia,Technology,Phones,1044.05,1,0.05,359.92
ORD-2022-13545,2022-04-09,2022-04-10,CUST-0651,PROD-0013,West,Washington,Spokane,Technology,Accessories,69.0,1,0.0,42.33
ORD-2022-13447,2022-04-16,2022-04-21,CUST-0636,PROD-0029,West,California,Los Angeles,Furniture,Tables,271.15,1,0.15,84.22
ORD-2022-10432,2022-05-01,2022-05-05,CUST-0087,PROD-0036,South,Florida,Tampa,Furniture,Furnishings,196.0,4,0.0,100.87
ORD-2022-13852,2022-05-02,2022-05-04,CUST-0717,PROD-0059,South,Georgia,Atlanta,Office Supplies,Fasteners,9.9,1,0.1,2.01
ORD-2022-13658,2022-05-05,2022-05-08,CUST-0678,PROD-0011,East,Massachusetts,Boston,Technology,Accessories,328.95,3,0.15,178.92
ORD-2022-14319,2022-05-11,2022-05-13,CUST-0820,PROD-0032,West,California,San Jose,Furniture,Bookcases,319.0,2,0.5,-14.97
ORD-2022-11175,2022-05-14,2022-05-16,CUST-0223,PROD-0009,South,Florida,Miami,Technology,Laptops,494.1,1,0.1,168.39
ORD-2022-11699,2022-05-15,2022-05-17,CUST-0320,PROD-0039,Central,Ohio,Columbus,Office Supplies,Storage,128.0,4,0.0,59.29
ORD-2022-13928,2022-05-20,2022-05-22,CUST-0735,PROD-0049,South,Florida,Miami,Office Supplies,Paper,44.0,2,0.0,19.92
ORD-2022-14408,2022-05-25,2022-05-26,CUST-0839,PROD-0007,South,Virginia,Richmond,Technology,Laptops,949.05,1,0.05,365.48
ORD-2022-13796,2022-06-03,2022-06-06,CUST-0706,PROD-0049,East,New York,New York City,Office Supplies,Paper,41.8,2,0.05,15.77
ORD-2022-11867,2022-06-19,2022-06-23,CUST-0351,PROD-0012,West,California,San Jose,Technology,Accessories,50.15,1,0.15,26.16
ORD-2022-13620,2022-06-23,2022-06-24,CUST-0669,PROD-0046,South,North Carolina,Charlotte,Office Supplies,Paper,170.0,5,0.0,76.76
ORD-2022-13791,2022-06-26,2022-06-28,CUST-0705,PROD-0008,West,Oregon,Portland,Technology,Laptops,1899.0,1,0.0,793.8
ORD-2022-13913,2022-06-27,2022-06-29,CUST-0734,PROD-0057,South,Tennessee,Nashville,Office Supplies,Appliances,85.5,2,0.05,42.12
ORD-2022-10310,2022-06-28,2022-06-30,CUST-0069,PROD-0005,West,California,San Diego,Technology,Phones,3800.0,4,0.0,1382.19
ORD-2022-10700,2022-06-28,2022-06-29,CUST-0136,PROD-0057,East,New Jersey,Newark,Office Supplies,Appliances,38.25,1,0.15,14.59
ORD-2022-11868,2022-07-01,2022-07-07,CUST-0351,PROD-0018,West,California,San Jose,Technology,Copiers & Printers,199.0,1,0.0,84.02
ORD-2022-10239,2022-07-04,2022-07-06,CUST-0055,PROD-0052,East,New York,New York City,Office Supplies,Binders,48.45,3,0.15,13.02
ORD-2022-13842,2022-07-05,2022-07-07,CUST-0714,PROD-0060,Central,Texas,Dallas,Office Supplies,Fasteners,9.8,1,0.3,0.35
ORD-2022-13916,2022-07-06,2022-07-10,CUST-0734,PROD-0006,South,Tennessee,Nashville,Technology,Laptops,3897.0,3,0.0,1629.99
ORD-2022-10311,2022-07-11,2022-07-15,CUST-0069,PROD-0054,West,California,San Diego,Office Supplies,Appliances,299.0,1,0.0,153.06
ORD-2022-13795,2022-07-14,2022-07-21,CUST-0706,PROD-0011,East,New York,New York City,Technology,Accessories,245.1,2,0.05,148.14
ORD-2022-10264,2022-07-15,2022-07-17,CUST-0061,PROD-0056,West,Washington,Seattle,Office Supplies,Appliances,458.0,2,0.0,224.53
ORD-2022-12730,2022-07-20,2022-07-21,CUST-0498,PROD-0020,Central,Texas,Dallas,Furniture,Chairs,628.2,2,0.1,296.52
ORD-2022-12997,2022-07-22,2022-07-25,CUST-0551,PROD-0052,South,Florida,Orlando,Office Supplies,Binders,19.0,1,0.0,6.84
ORD-2022-12194,2022-07-24,2022-07-26,CUST-0406,PROD-0016,East,Massachusetts,Boston,Technology,Copiers & Printers,1529.1,1,0.1,624.61
ORD-2022-12028,2022-08-06,2022-08-09,CUST-0382,PROD-0002,West,Washington,Seattle,Technology,Phones,1798.0,2,0.0,744.07
ORD-2022-11456,2022-08-08,2022-08-13,CUST-0276,PROD-0055,West,Colorado,Denver,Office Supplies,Appliances,194.6,2,0.3,54.33
ORD-2022-13547,2022-08-10,2022-08-12,CUST-0651,PROD-0001,West,Washington,Spokane,Technology,Phones,2277.15,3,0.05,915.54
ORD-2022-11233,2022-08-12,2022-08-17,CUST-0232,PROD-0015,Central,Texas,Houston,Technology,Accessories,89.0,1,0.0,49.13
ORD-2022-12196,2022-08-13,2022-08-15,CUST-0406,PROD-0002,East,Massachusetts,Boston,Technology,Phones,1798.0,2,0.0,746.22
ORD-2022-10314,2022-08-14,2022-08-20,CUST-0069,PROD-0029,West,California,San Diego,Furniture,Tables,223.3,1,0.3,40.08
ORD-2022-13705,2022-08-15,2022-08-19,CUST-0688,PROD-0040,Central,Texas,San Antonio,Office Supplies,Storage,117.3,2,0.15,48.59
ORD-2022-14118,2022-08-15,2022-08-18,CUST-0768,PROD-0036,Central,Michigan,Detroit,Furniture,Furnishings,29.4,1,0.4,3.95
ORD-2022-10738,2022-08-16,2022-08-17,CUST-0142,PROD-0050,West,California,San Francisco,Office Supplies,Binders,42.0,1,0.0,20.19
ORD-2022-13226,2022-08-16,2022-08-17,CUST-0596,PROD-0021,South,North Carolina,Charlotte,Furniture,Chairs,1596.0,4,0.0,818.25
ORD-2022-13767,2022-08-18,2022-08-22,CUST-0700,PROD-0055,West,California,Los Angeles,Office Supplies,Appliances,278.0,2,0.0,138.0
ORD-2022-13355,2022-08-19,2022-08-23,CUST-0620,PROD-0020,West,Washington,Seattle,Furniture,Chairs,314.1,1,0.1,149.13
ORD-2022-11000,2022-08-22,2022-08-25,CUST-0187,PROD-0040,West,Arizona,Phoenix,Office Supplies,Storage,82.8,2,0.4,17.42
ORD-2022-13768,2022-08-25,2022-08-27,CUST-0700,PROD-0041,West,California,Los Angeles,Office Supplies,Storage,78.0,2,0.0,37.28
ORD-2022-13312,2022-08-26,2022-08-31,CUST-0611,PROD-0046,West,Washington,Spokane,Office Supplies,Paper,136.0,4,0.0,56.5
ORD-2022-10933,2022-08-29,2022-08-30,CUST-0170,PROD-0031,Central,Illinois,Chicago,Furniture,Bookcases,178.2,2,0.1,75.01
ORD-2022-11602,2022-08-30,2022-09-02,CUST-0308,PROD-0037,Central,Texas,Dallas,Furniture,Furnishings,598.5,3,0.05,316.96
ORD-2022-13425,2022-09-03,2022-09-06,CUST-0631,PROD-0011,Central,Texas,Houston,Technology,Accessories,116.1,1,0.1,67.79
ORD-2022-14474,2022-09-04,2022-09-07,CUST-0850,PROD-0043,West,Oregon,Portland,Office Supplies,Art,56.05,1,0.05,28.88
ORD-2022-10830,2022-09-06,2022-09-09,CUST-0156,PROD-0008,East,New Jersey,Newark,Technology,Laptops,1804.05,1,0.05,698.26
ORD-2022-12304,2022-09-10,2022-09-13,CUST-0423,PROD-0023,South,Tennessee,Nashville,Furniture,Chairs,249.0,1,0.0,125.09
ORD-2022-12446,2022-09-11,2022-09-13,CUST-0453,PROD-0006,West,California,San Jose,Technology,Laptops,2598.0,2,0.0,1089.53
ORD-2022-13927,2022-09-11,2022-09-12,CUST-0735,PROD-0043,South,Florida,Miami,Office Supplies,Art,236.0,4,0.0,117.51
ORD-2022-14470,2022-09-13,2022-09-16,CUST-0850,PROD-0003,West,Oregon,Portland,Technology,Phones,379.05,1,0.05,155.87
ORD-2022-10926,2022-09-14,2022-09-19,CUST-0170,PROD-0054,Central,Illinois,Chicago,Office Supplies,Appliances,209.3,1,0.3,63.69
ORD-2022-12411,2022-09-14,2022-09-16,CUST-0441,PROD-0058,Central,Texas,Austin,Office Supplies,Fasteners,40.6,2,0.3,8.33
ORD-2022-11959,2022-09-15,2022-09-19,CUST-0369,PROD-0016,West,Washington,Seattle,Technology,Copiers & Printers,1699.0,1,0.0,792.94
ORD-2022-12736,2022-09-15,2022-09-17,CUST-0499,PROD-0017,East,New York,Buffalo,Technology,Copiers & Printers,1398.0,2,0.0,626.51
ORD-2022-10401,2022-09-19,2022-09-20,CUST-0082,PROD-0010,Central,Texas,Houston,Technology,Laptops,1449.0,1,0.0,594.5
ORD-2022-13283,2022-09-19,2022-09-21,CUST-0608,PROD-0019,West,Nevada,Las Vegas,Technology,Copiers & Printers,329.0,1,0.0,142.74
ORD-2022-13541,2022-09-21,2022-09-26,CUST-0651,PROD-0004,West,Washington,Spokane,Technology,Phones,1099.0,1,0.0,415.8
ORD-2022-13484,2022-09-22,2022-09-27,CUST-0642,PROD-0017,South,Florida,Miami,Technology,Copiers & Printers,1992.15,3,0.05,839.61
ORD-2022-11235,2022-09-23,2022-09-24,CUST-0232,PROD-0038,Central,Texas,Houston,Office Supplies,Storage,75.6,1,0.6,-24.97
ORD-2022-10234,2022-09-25,2022-09-27,CUST-0054,PROD-0057,Central,Texas,San Antonio,Office Supplies,Appliances,45.0,1,0.0,21.56
ORD-2022-10823,2022-09-26,2022-09-27,CUST-0156,PROD-0018,East,New Jersey,Newark,Technology,Copiers & Printers,398.0,2,0.0,164.03
ORD-2022-13619,2022-09-26,2022-09-28,CUST-0669,PROD-0016,South,North Carolina,Charlotte,Technology,Copiers & Printers,1614.05,1,0.05,710.16
ORD-2022-13192,2022-09-29,2022-10-01,CUST-0591,PROD-0009,West,California,Los Angeles,Technology,Laptops,1043.1,2,0.05,390.84
ORD-2022-14304,2022-09-29,2022-10-01,CUST-0816,PROD-0055,Central,Texas,San Antonio,Office Supplies,Appliances,118.15,1,0.15,48.3
ORD-2022-10290,2022-09-30,2022-10-01,CUST-0065,PROD-0005,Central,Texas,Austin,Technology,Phones,1900.0,2,0.0,692.57
ORD-2022-12195,2022-10-02,2022-10-03,CUST-0406,PROD-0027,East,Massachusetts,Boston,Furniture,Tables,139.0,1,0.0,58.34
ORD-2022-10827,2022-10-04,2022-10-07,CUST-0156,PROD-0058,East,New Jersey,Newark,Office Supplies,Fasteners,26.1,1,0.1,7.48
ORD-2022-13288,2022-10-04,2022-10-08,CUST-0608,PROD-0058,West,Nevada,Las Vegas,Office Supplies,Fasteners,29.0,1,0.0,12.48
ORD-2022-11974,2022-10-05,2022-10-11,CUST-0372,PROD-0042,West,California,San Jose,Office Supplies,Art,46.55,1,0.05,24.62
ORD-2022-12758,2022-10-07,2022-10-10,CUST-0504,PROD-0054,West,California,San Diego,Office Supplies,Appliances,299.0,1,0.0,154.46
ORD-2022-13488,2022-10-07,2022-10-09,CUST-0642,PROD-0024,South,Florida,Miami,Furniture,Chairs,269.1,1,0.1,122.73
ORD-2022-14169,2022-10-07,2022-10-09,CUST-0781,PROD-0027,East,Pennsylvania,Philadelphia,Furniture,Tables,417.0,3,0.0,179.66
ORD-2022-12295,2022-10-10,2022-10-13,CUST-0421,PROD-0016,Central,Texas,Houston,Technology,Copiers & Printers,4842.15,3,0.05,2131.88
ORD-2022-10439,2022-10-12,2022-10-16,CUST-0087,PROD-0008,South,Florida,Tampa,Technology,Laptops,1899.0,1,0.0,794.18
ORD-2022-12378,2022-10-14,2022-10-20,CUST-0435,PROD-0011,Central,Texas,San Antonio,Technology,Accessories,258.0,2,0.0,160.34
ORD-2022-13792,2022-10-18,2022-10-20,CUST-0706,PROD-0060,East,New York,New York City,Office Supplies,Fasteners,14.0,1,0.0,2.56
ORD-2022-11279,2022-10-20,2022-10-22,CUST-0240,PROD-0031,West,Nevada,Las Vegas,Furniture,Bookcases,178.2,2,0.1,76.37
ORD-2022-14355,2022-10-21,2022-10-26,CUST-0827,PROD-0004,South,Florida,Orlando,Technology,Phones,5220.25,5,0.05,1800.39
ORD-2022-13979,2022-10-22,2022-10-24,CUST-0745,PROD-0029,East,New Jersey,Newark,Furniture,Tables,861.3,3,0.1,301.2
ORD-2022-10673,2022-10-24,2022-10-29,CUST-0129,PROD-0005,East,New Jersey,Newark,Technology,Phones,902.5,1,0.05,296.33
ORD-2022-12219,2022-10-26,2022-10-30,CUST-0410,PROD-0039,South,Tennessee,Nashville,Office Supplies,Storage,32.0,1,0.0,16.88
ORD-2022-10266,2022-10-27,2022-10-31,CUST-0061,PROD-0019,West,Washington,Seattle,Technology,Copiers & Printers,658.0,2,0.0,285.39
ORD-2022-13661,2022-10-28,2022-10-30,CUST-0678,PROD-0036,East,Massachusetts,Boston,Furniture,Furnishings,83.3,2,0.15,33.23
ORD-2022-10924,2022-10-29,2022-10-31,CUST-0170,PROD-0032,Central,Illinois,Chicago,Furniture,Bookcases,909.15,3,0.05,408.21
ORD-2022-11088,2022-10-29,2022-10-30,CUST-0201,PROD-0024,West,Oregon,Portland,Furniture,Chairs,568.1,2,0.05,280.79
ORD-2022-10316,2022-10-31,2022-11-03,CUST-0069,PROD-0053,West,California,San Diego,Office Supplies,Binders,11.4,1,0.05,0.78
ORD-2022-10431,2022-11-01,2022-11-04,CUST-0087,PROD-0019,South,Florida,Tampa,Technology,Copiers & Printers,329.0,1,0.0,143.65
ORD-2022-12302,2022-11-03,2022-11-06,CUST-0423,PROD-0050,South,Tennessee,Nashville,Office Supplies,Binders,42.0,1,0.0,22.51
ORD-2022-13977,2022-11-03,2022-11-05,CUST-0745,PROD-0042,East,New Jersey,Newark,Office Supplies,Art,44.1,1,0.1,19.91
ORD-2022-12435,2022-11-04,2022-11-05,CUST-0448,PROD-0003,South,Virginia,Richmond,Technology,Phones,798.0,2,0.0,345.19
ORD-2022-13740,2022-11-04,2022-11-05,CUST-0694,PROD-0017,Central,Texas,Dallas,Technology,Copiers & Printers,629.1,1,0.1,243.43
ORD-2022-14297,2022-11-04,2022-11-06,CUST-0816,PROD-0022,Central,Texas,San Antonio,Furniture,Chairs,438.0,2,0.0,237.71
ORD-2022-10666,2022-11-06,2022-11-08,CUST-0129,PROD-0018,East,New Jersey,Newark,Technology,Copiers & Printers,199.0,1,0.0,85.32
ORD-2022-11370,2022-11-06,2022-11-08,CUST-0258,PROD-0037,Central,Michigan,Detroit,Furniture,Furnishings,840.0,5,0.2,370.72
ORD-2022-13544,2022-11-07,2022-11-08,CUST-0651,PROD-0053,West,Washington,Spokane,Office Supplies,Binders,24.0,2,0.0,6.27
ORD-2022-13874,2022-11-07,2022-11-08,CUST-0724,PROD-0013,West,Nevada,Las Vegas,Technology,Accessories,62.1,1,0.1,36.72
ORD-2022-13766,2022-11-09,2022-11-10,CUST-0700,PROD-0033,West ,California,Los Angeles,Furniture,Bookcases,304.2,2,0.1,126.11
ORD-2022-13617,2022-11-11,2022-11-14,CUST-0669,PROD-0058,South,North Carolina,Charlotte,Office Supplies,Fasteners,26.1,1,0.1,10.16
ORD-2022-13959,2022-11-12,2022-11-17,CUST-0743,PROD-0038,South,Florida,Miami,Office Supplies,Storage,264.6,2,0.3,65.43
ORD-2022-11459,2022-11-13,2022-11-18,CUST-0276,PROD-0004,West,Colorado,Denver,Technology,Phones,1099.0,1,0.0,413.06
ORD-2022-11870,2022-11-14,2022-11-16,CUST-0351,PROD-0057,West,California,San Jose,Office Supplies,Appliances,108.0,3,0.2,36.78
ORD-2022-11975,2022-11-14,2022-11-16,CUST-0372,PROD-0028,West,California,San Jose,Furniture,Tables,479.4,1,0.4,25.99
ORD-2022-11161,2022-11-15,2022-11-17,CUST-0217,PROD-0040,Central,Ohio,Cleveland,Office Supplies,Storage,117.3,2,0.15,53.02
ORD-2022-13229,2022-11-15,2022-11-20,CUST-0596,PROD-0049,South,North Carolina,Charlotte,Office Supplies,Paper,88.0,4,0.0,35.41
ORD-2022-10938,2022-11-18,2022-11-20,CUST-0170,PROD-0010,Central,Illinois,Chicago,Technology,Laptops,2463.3,2,0.15,757.03
ORD-2022-11207,2022-11-18,2022-11-19,CUST-0228,PROD-0054,West,California,San Diego,Office Supplies,Appliances,598.0,2,0.0,307.7
ORD-2022-12811,2022-11-18,2022-11-21,CUST-0514,PROD-0003,West,Arizona,Phoenix,Technology,Phones,798.0,2,0.0,345.44
ORD-2022-11943,2022-11-20,2022-11-22,CUST-0365,PROD-0037,East,Pennsylvania,Philadelphia,Furniture,Furnishings,420.0,2,0.0,233.79
ORD-2022-12616,2022-11-20,2022-11-26,CUST-0476,PROD-0022,Central ,Ohio,Cleveland,Furniture,Chairs,153.3,1,0.3,55.25
ORD-2022-12617,2022-11-20,2022-11-21,CUST-0476,PROD-0040,Central,Ohio,Cleveland,Office Supplies,Storage,207.0,3,0.0,110.04
ORD-2022-12908,2022-11-20,2022-11-24,CUST-0528,PROD-0041,East,New York,New York City,Office Supplies,Storage,37.05,1,0.05,15.56
ORD-2022-12543,2022-11-21,2022-11-25,CUST-0463,PROD-0042,West,Washington,Seattle,Office Supplies,Art,88.2,2,0.1,44.47
ORD-2022-10400,2022-11-22,2022-11-28,CUST-0082,PROD-0044,Central,Texas,Houston,Office Supplies,Art,75.05,1,0.05,38.75
ORD-2022-12360,2022-11-22,2022-11-24,CUST-0431,PROD-0030,South,Virginia,Richmond,Furniture,Bookcases,206.1,1,0.1,89.69
ORD-2022-13907,2022-11-22,2022-11-26,CUST-0732,PROD-0034,West,Oregon,Portland,Furniture,Furnishings,65.0,1,0.0,36.57
ORD-2022-11454,2022-11-23,2022-11-29,CUST-0276,PROD-0052,West,Colorado,Denver,Office Supplies,Binders,26.6,2,0.3,2.77
ORD-2022-12987,2022-11-24,2022-11-26,CUST-0551,PROD-0023,South,Florida,Orlando,Furniture,Chairs,249.0,1,0.0,123.75
ORD-2022-14240,2022-11-24,2022-11-27,CUST-0801,PROD-0002,West,Washington,Spokane,Technology,Phones,6832.4,8,0.05,2637.2
ORD-2022-11489,2022-11-25,2022-11-27,CUST-0282,PROD-0038,Central,Ohio,Cleveland,Office Supplies,Storage,179.55,1,0.05,78.17
ORD-2022-12003,2022-11-25,2022-11-27,CUST-0378,PROD-0021,West,California,San Diego,Furniture,Chairs,1137.15,3,0.05,547.08
ORD-2022-12456,2022-11-25,2022-11-28,CUST-0453,PROD-0003,West,California,San Jose,Technology,Phones,897.75,3,0.25,217.22
ORD-2022-10226,2022-11-27,2022-12-02,CUST-0052,PROD-0046,South,Virginia,Richmond,Office Supplies,Paper,54.4,2,0.2,17.07
ORD-2022-10603,2022-11-27,2022-11-29,CUST-0118,PROD-0004,South,Florida,Tampa,Technology,Phones,3132.15,3,0.05,1082.26
ORD-2022-11359,2022-11-28,2022-11-30,CUST-0256,PROD-0031,West,Washington,Spokane,Furniture,Bookcases,99.0,1,0.0,48.47
ORD-2022-13919,2022-11-28,2022-12-01,CUST-0735,PROD-0045,South,Florida,Miami,Office Supplies,Art,77.0,1,0.3,28.63
ORD-2022-11367,2022-11-29,2022-12-02,CUST-0257,PROD-0033,Central,Ohio,Cleveland,Furniture,Bookcases,354.9,3,0.3,82.0
ORD-2022-11056,2022-11-30,2022-12-02,CUST-0195,PROD-0016,South,Georgia,Atlanta,Technology,Copiers & Printers,1699.0,1,0.0,795.07
ORD-2022-11095,2022-11-30,2022-12-04,CUST-0202,PROD-0024,West,California,San Francisco,Furniture,Chairs,598.0,2,0.0,306.74
ORD-2022-13543,2022-12-02,2022-12-04,CUST-0651,PROD-0038,West,Washington,Spokane,Office Supplies,Storage,604.8,4,0.2,211.03
ORD-2022-11085,2022-12-05,2022-12-07,CUST-0201,PROD-0003,West,Oregon,Portland,Technology,Phones,718.2,2,0.1,268.9
ORD-2022-10517,2022-12-06,2022-12-07,CUST-0101,PROD-0021,South,North Carolina,Charlotte,Furniture,Chairs,1895.25,5,0.05,930.22
ORD-2022-11687,2022-12-07,2022-12-09,CUST-0319,PROD-0029,South,Florida,Tampa,Furniture,Tables,1595.0,5,0.0,661.64
ORD-2022-12727,2022-12-07,2022-12-09,CUST-0498,PROD-0001,Central,Texas,Dallas,Technology,Phones,799.0,1,0.0,345.91
ORD-2022-13572,2022-12-07,2022-12-10,CUST-0659,PROD-0001,West,Colorado,Denver,Technology,Phones,1518.1,2,0.05,609.37
ORD-2022-13782,2022-12-07,2022-12-08,CUST-0703,PROD-0027,East,Massachusetts,Boston,Furniture,Tables,125.1,1,0.1,43.46
ORD-2022-14277,2022-12-07,2022-12-08,CUST-0811,PROD-0015,West,California,San Jose,Technology,Accessories,75.65,1,0.15,35.55
ORD-2022-11475,2022-12-09,2022-12-16,CUST-0279,PROD-0035,South,North Carolina,Charlotte,Furniture,Furnishings,225.0,3,0.0,122.97
ORD-2022-11960,2022-12-09,2022-12-11,CUST-0369,PROD-0049,West,Washington,Seattle,Office Supplies,Paper,20.9,1,0.05,9.58
ORD-2022-12967,2022-12-09,2022-12-12,CUST-0545,PROD-0002,West,Washington,Spokane,Technology,Phones,1798.0,2,0.0,744.65
ORD-2022-10936,2022-12-11,2022-12-12,CUST-0170,PROD-0007,Central,Illinois,Chicago,Technology,Laptops,2997.0,3,0.0,1240.62
ORD-2022-11290,2022-12-11,2022-12-18,CUST-0241,PROD-0054,West,Colorado,Denver,Office Supplies,Appliances,269.1,1,0.1,125.94
ORD-2022-12496,2022-12-11,2022-12-13,CUST-0457,PROD-0048,Central,Ohio,Columbus,Office Supplies,Paper,56.0,2,0.0,21.32
ORD-2022-13640,2022-12-12,2022-12-13,CUST-0672,PROD-0054,South,Georgia,Atlanta,Office Supplies,Appliances,269.1,1,0.1,122.68
ORD-2022-10207,2022-12-13,2022-12-18,CUST-0048,PROD-0018,West,California,Los Angeles,Technology,Copiers & Printers,567.15,3,0.05,220.14
ORD-2022-10932,2022-12-14,2022-12-15,CUST-0170,PROD-0025,Central,Illinois,Chicago,Furniture,Tables,1557.6,3,0.2,406.56
ORD-2022-13378,2022-12-14,2022-12-17,CUST-0624,PROD-0021,East,Pennsylvania,Pittsburgh,Furniture,Chairs,339.15,1,0.15,143.12
ORD-2022-13611,2022-12-14,2022-12-15,CUST-0666,PROD-0057,Central,Ohio,Cleveland,Office Supplies,Appliances,45.0,1,0.0,23.89
ORD-2022-11517,2022-12-15,2022-12-19,CUST-0290,PROD-0046,Central,Texas,San Antonio,Office Supplies,Paper,153.0,5,0.1,66.92
ORD-2022-10259,2022-12-17,2022-12-20,CUST-0060,PROD-0020,South,Florida,Miami,Furniture,Chairs,331.55,1,0.05,167.67
ORD-2022-10669,2022-12-17,2022-12-21,CUST-0129,PROD-0027,East,New Jersey,Newark,Furniture,Tables,396.15,3,0.05,153.11
ORD-2022-10727,2022-12-18,2022-12-21,CUST-0140,PROD-0043,East,Pennsylvania,Philadelphia,office supplies,Art,59.0,1,0.0,31.44
ORD-2022-10197,2022-12-19,2022-12-24,CUST-0044,PROD-0048,West,Oregon,Portland,Office Supplies,Paper,28.0,1,0.0,10.77
ORD-2022-12185,2022-12-19,2022-12-22,CUST-0405,PROD-0038,Central,Texas,Austin,Office Supplies,Storage,132.3,1,0.3,31.13
ORD-2022-13700,2022-12-19,2022-12-21,CUST-0687,PROD-0013,East,Pennsylvania,Philadelphia,Technology,Accessories,65.55,1,0.05,40.45
ORD-2022-13871,2022-12-19,2022-12-23,CUST-0724,PROD-0054,West,Nevada,Las Vegas,Office Supplies,Appliances,897.0,3,0.0,456.21
ORD-2022-10192,2022-12-20,2022-12-23,CUST-0042,PROD-0016,East,Pennsylvania,Philadelphia,Technology,Copiers & Printers,3228.1,2,0.05,1414.42
ORD-2022-14173,2022-12-21,2022-12-24,CUST-0781,PROD-0006,East,Pennsylvania,Philadelphia,Technology,Laptops,12340.5,10,0.05,4771.42
ORD-2022-12096,2022-12-22,2022-12-27,CUST-0393,PROD-0040,West,California,Los Angeles,Office Supplies,Storage,69.0,1,0.0,36.01
ORD-2022-13800,2022-12-23,2022-12-26,CUST-0708,PROD-0046,South,Florida,Tampa,Office Supplies,Paper,23.8,1,0.3,5.18
ORD-2022-11605,2022-12-24,2022-12-27,CUST-0308,PROD-0049,Central,Texas,Dallas,Office Supplies,Paper,52.8,3,0.2,12.36
ORD-2022-12996,2022-12-24,2022-12-28,CUST-0551,PROD-0054,South,Florida,Orlando,Office Supplies,Appliances,299.0,1,0.0,153.92
ORD-2022-10065,2022-12-25,2022-12-27,CUST-0015,PROD-0007,East,New Jersey,Newark,Technology,Laptops,949.05,1,0.05,365.01
ORD-2022-11483,2022-12-25,2022-12-29,CUST-0281,PROD-0022,Central,Texas,San Antonio,Furniture,Chairs,1040.25,5,0.05,541.5
ORD-2022-13899,2022-12-25,2022-12-27,CUST-0732,PROD-0031,West,Oregon,Portland,Furniture,Bookcases,94.05,1,0.05,44.47
ORD-2022-14141,2022-12-25,2022-12-27,CUST-0776,PROD-0037,West,California,San Jose,Furniture,Furnishings,756.0,4,0.1,372.66
ORD-2022-10438,2022-12-26,2022-12-28,CUST-0087,PROD-0012,South,Florida,Tampa,Technology,Accessories,56.05,1,0.05,34.34
ORD-2022-11470,2022-12-26,2022-12-29,CUST-0278,PROD-0026,Central,Ohio,Columbus,Furniture,Tables,449.1,1,0.1,164.04
ORD-2022-11286,2022-12-27,2022-12-28,CUST-0240,PROD-0048,West,Nevada,Las Vegas,Office Supplies,Paper,25.2,1,0.1,11.13
ORD-2022-10930,2022-12-29,2023-01-02,CUST-0170,PROD-0012,Central,Illinois,Chicago,Technology,Accessories,50.15,1,0.15,26.0
ORD-2023-11383,2023-01-01,2023-01-03,CUST-0260,PROD-0018,East,Pennsylvania,Pittsburgh,Technology,Copiers & Printers,378.1,2,0.05,150.56
ORD-2023-13701,2023-01-01,2023-01-08,CUST-0687,PROD-0046,East,Pennsylvania,Philadelphia,Office Supplies,Paper,23.8,1,0.3,4.73
ORD-2023-10050,2023-01-02,2023-01-04,CUST-0009,PROD-0022,Central,Minnesota,Minneapolis,Furniture,Chairs,624.15,3,0.05,321.94
ORD-2023-12361,2023-01-05,2023-01-06,CUST-0431,PROD-0044,South,Virginia,Richmond,Office Supplies,Art,142.2,2,0.1,64.56
ORD-2023-13898,2023-01-05,2023-01-10,CUST-0732,PROD-0014,West,Oregon,Portland,Technology,Accessories,141.55,1,0.05,82.34
ORD-2023-13806,2023-01-06,2023-01-10,CUST-0708,PROD-0055,South,Florida,Tampa,Office Supplies,Appliances,132.05,1,0.05,62.26
ORD-2023-11402,2023-01-08,2023-01-12,CUST-0265,PROD-0048,East,New York,Buffalo,Office Supplies,Paper,79.8,3,0.05,36.6
ORD-2023-13920,2023-01-09,2023-01-12,CUST-0735,PROD-0015,South,Florida,Miami,Technology,Accessories,160.2,2,0.1,82.76
ORD-2023-11419,2023-01-11,2023-01-12,CUST-0269,PROD-0030,West,Nevada,Las Vegas,Furniture,Bookcases,618.3,3,0.1,277.24
ORD-2023-13523,2023-01-13,2023-01-15,CUST-0647,PROD-0017,South,Florida,Orlando,Technology,Copiers & Printers,1258.2,2,0.1,487.38
ORD-2023-13255,2023-01-14,2023-01-18,CUST-0598,PROD-0035,Central,Texas,Austin,Furniture,Furnishings,63.75,1,0.15,29.78
ORD-2023-12350,2023-01-16,2023-01-18,CUST-0429,PROD-0043,Central,Texas,Dallas,Office Supplies,Art,118.0,2,0.0,62.11
ORD-2023-10413,2023-01-18,2023-01-20,CUST-0084,PROD-0013,Central,Illinois,Chicago,Technology,Accessories,69.0,1,0.0,43.92
ORD-2023-10783,2023-01-19,2023-01-22,CUST-0149,PROD-0056,Central,Ohio,Cleveland,Office Supplies,Appliances,1030.5,5,0.1,460.19
ORD-2023-10402,2023-01-25,2023-01-27,CUST-0082,PROD-0039,Central,Texas,Houston,Office Supplies,Storage,57.6,2,0.1,21.58
ORD-2023-12731,2023-01-25,2023-01-26,CUST-0498,PROD-0014,Central,Texas,Dallas,Technology,Accessories,111.75,1,0.25,53.21
ORD-2023-12470,2023-01-26,2023-01-28,CUST-0454,PROD-0043,South,Florida,Orlando,Office Supplies,Art,168.15,3,0.05,75.91
ORD-2023-12990,2023-01-28,2023-02-02,CUST-0551,PROD-0012,South,Florida,Orlando,Technology,Accessories,212.4,4,0.1,116.55
ORD-2023-12025,2023-01-30,2023-02-06,CUST-0382,PROD-0026,West,Washington,Seattle,Furniture,Tables,499.0,1,0.0,212.53
ORD-2023-11380,2023-02-03,2023-02-05,CUST-0260,PROD-0020,East,Pennsylvania,Pittsburgh,Furniture,Chairs,349.0,1,0.0,185.67
ORD-2023-10225,2023-02-05,2023-02-09,CUST-0052,PROD-0041,South,Virginia,Richmond,Office Supplies,Storage,54.6,2,0.3,18.47
ORD-2023-12206,2023-02-05,2023-02-12,CUST-0408,PROD-0053,West,Colorado,Denver,Office Supplies,Binders,12.0,1,0.0,4.14
ORD-2023-14381,2023-02-07,2023-02-09,CUST-0834,PROD-0050,West,California,San Diego,Office Supplies,Binders,84.0,2,0.0,42.43
ORD-2023-14202,2023-02-09,2023-02-11,CUST-0789,PROD-0055,East,New York,New York City,Office Supplies,Appliances,264.1,2,0.05,126.88
ORD-2023-13398,2023-02-10,2023-02-13,CUST-0626,PROD-0028,East,New Jersey,Newark,Furniture,Tables,1438.2,2,0.1,528.63
ORD-2023-11378,2023-02-12,2023-02-15,CUST-0260,PROD-0039,East,Pennsylvania,Pittsburgh,Office Supplies,Storage,76.8,3,0.2,26.21
ORD-2023-12143,2023-02-12,2023-02-17,CUST-0399,PROD-0046,West,California,San Diego,Office Supplies,Paper,102.0,3,0.0,39.91
ORD-2023-12650,2023-02-12,2023-02-14,CUST-0484,PROD-0028,South,North Carolina,Charlotte,Furniture,Tables,679.15,1,0.15,222.97
ORD-2023-10895,2023-02-14,2023-02-17,CUST-0165,PROD-0013,East,Massachusetts,Boston,Technology,Accessories,138.0,2,0.0,84.19
ORD-2023-12218,2023-02-14,2023-02-17,CUST-0410,PROD-0047,South,Tennessee,Nashville,Office Supplies,Paper,22.8,1,0.05,9.14
ORD-2023-10954,2023-02-17,2023-02-22,CUST-0175,PROD-0008,West,Oregon,Portland,Technology,Laptops,3798.0,2,0.0,1590.65
ORD-2023-11006,2023-02-21,2023-02-28,CUST-0188,PROD-0031,Central,Texas,Houston,Furniture,Bookcases,198.0,2,0.0,101.7
ORD-2023-14074,2023-02-22,2023-02-27,CUST-0761,PROD-0003,East,New Jersey,Newark,Technology,Phones,798.0,2,0.0,347.13
ORD-2023-10505,2023-02-26,2023-03-01,CUST-0097,PROD-0049,East,Massachusetts,Boston,Office Supplies,Paper,20.9,1,0.05,6.87
ORD-2023-11281,2023-02-27,2023-02-28,CUST-0240,PROD-0008,West,Nevada,Las Vegas,Technology,Laptops,7216.2,4,0.05,2795.0
ORD-2023-11956,2023-02-27,2023-03-02,CUST-0369,PROD-0019,West,Washington,Seattle,Technology,Copiers & Printers,838.95,3,0.15,288.24
ORD-2023-12370,2023-02-27,2023-02-28,CUST-0433,PROD-0045,Central,Illinois,Chicago,Office Supplies,Art,132.0,2,0.4,32.8
ORD-2023-12737,2023-02-28,2023-03-03,CUST-0499,PROD-0032,East,New York,Buffalo,Furniture,Bookcases,319.0,1,0.0,152.22
ORD-2023-10739,2023-03-03,2023-03-08,CUST-0142,PROD-0058,West,California,San Francisco,Office Supplies,Fasteners,29.0,1,0.0,12.25
ORD-2023-13053,2023-03-04,2023-03-07,CUST-0565,PROD-0022,West,Washington,Spokane,Furniture,Chairs,153.3,1,0.3,54.07
ORD-2023-11992,2023-03-08,2023-03-10,CUST-0377,PROD-0053,West,Nevada,Las Vegas,Office Supplies,Binders,24.0,2,0.0,2.41
ORD-2023-13405,2023-03-09,2023-03-13,CUST-0626,PROD-0048,East,New Jersey,Newark,office supplies,Paper,28.0,1,0.0,13.44
ORD-2023-13875,2023-03-14,2023-03-16,CUST-0725,PROD-0008,East,New York,New York City,Technology,Laptops,5697.0,3,0.0,2382.95
ORD-2023-11946,2023-03-15,2023-03-18,CUST-0365,PROD-0027,East,Pennsylvania,Philadelphia,Furniture,Tables,194.6,2,0.3,38.56
ORD-2023-13195,2023-03-17,2023-03-20,CUST-0591,PROD-0011,West,California,Los Angeles,Technology,Accessories,387.0,3,0.0,240.35
ORD-2023-10662,2023-03-19,2023-03-21,CUST-0129,PROD-0051,East,New Jersey,Newark,Office Supplies,Binders,18.0,1,0.0,8.14
ORD-2023-13481,2023-03-19,2023-03-20,CUST-0641,PROD-0005,West,California,San Jose,Technology,Phones,2850.0,3,0.0,1040.0
ORD-2023-10903,2023-03-20,2023-03-23,CUST-0166,PROD-0031,West,Washington,Seattle,Furniture,Bookcases,138.6,2,0.3,36.36
ORD-2023-12658,2023-03-20,2023-03-24,CUST-0485,PROD-0019,Central,Texas,San Antonio,Technology,Copiers & Printers,329.0,1,0.0,143.31
ORD-2023-12968,2023-03-20,2023-03-22,CUST-0545,PROD-0032,West,Washington,Spokane,Furniture,Bookcases,765.6,3,0.2,271.58
ORD-2023-10782,2023-03-22,2023-03-27,CUST-0149,PROD-0051,Central,Ohio,Cleveland,Office Supplies,Binders,36.0,2,0.0,13.53
ORD-2023-11484,2023-03-22,2023-03-28,CUST-0281,PROD-0043,Central,Texas,San Antonio,Office Supplies,Art,59.0,1,0.0,31.7
ORD-2023-13406,2023-03-22,2023-03-27,CUST-0626,PROD-0021,East,New Jersey,Newark,Furniture,Chairs,399.0,1,0.0,204.59
ORD-2023-12216,2023-03-23,2023-03-24,CUST-0410,PROD-0008,South,Tennessee,Nashville,Technology,Laptops,1804.05,1,0.05,698.33
ORD-2023-13575,2023-03-23,2023-03-30,CUST-0659,PROD-0050,West,Colorado,Denver,Office Supplies,Binders,84.0,2,0.0,45.74
ORD-2023-11106,2023-03-24,2023-03-25,CUST-0204,PROD-0034,East,New York,Buffalo,Furniture,Furnishings,104.0,2,0.2,45.65
ORD-2023-14116,2023-03-24,2023-03-27,CUST-0768,PROD-0026,Central,Michigan,Detroit,Furniture,Tables,898.2,3,0.4,43.43
ORD-2023-12688,2023-03-28,2023-03-29,CUST-0491,PROD-0060,South,Virginia,Richmond,Office Supplies,Fasteners,56.0,4,0.0,14.82
ORD-2023-11051,2023-03-29,2023-03-31,CUST-0194,PROD-0018,West,California,San Diego,Technology,Copiers & Printers,199.0,1,0.0,84.43
ORD-2023-12994,2023-03-29,2023-04-02,CUST-0551,PROD-0015,South,Florida,Orlando,Technology,Accessories,89.0,1,0.0,48.35
ORD-2023-13055,2023-03-29,2023-04-01,CUST-0565,PROD-0026,West,Washington,Spokane,Furniture,Tables,299.4,1,0.4,13.29
ORD-2023-14439,2023-03-30,2023-04-04,CUST-0846,PROD-0019,East,Pennsylvania,Pittsburgh,Technology,Copiers & Printers,1052.8,4,0.2,310.28
ORD-2023-10561,2023-03-31,2023-04-02,CUST-0109,PROD-0032,West,Nevada,Las Vegas,Furniture,Bookcases,287.1,1,0.1,121.63
ORD-2023-10825,2023-03-31,2023-04-01,CUST-0156,PROD-0058,East,New Jersey,Newark,Office Supplies,Fasteners,78.3,3,0.1,31.18
ORD-2023-10293,2023-04-01,2023-04-03,CUST-0065,PROD-0025,Central,Texas,Austin,Furniture,Tables,649.0,1,0.0,265.29
ORD-2023-11718,2023-04-02,2023-04-03,CUST-0324,PROD-0059,South,Tennessee,Nashville,Office Supplies,Fasteners,9.35,1,0.15,2.16
ORD-2023-13987,2023-04-03,2023-04-05,CUST-0748,PROD-0054,South,Georgia,Atlanta,Office Supplies,Appliances,299.0,1,0.0,154.58
ORD-2023-10663,2023-04-04,2023-04-07,CUST-0129,PROD-0046,East,New Jersey,Newark,Office Supplies,Paper,32.3,1,0.05,12.12
ORD-2023-13246,2023-04-08,2023-04-09,CUST-0598,PROD-0027,Central,Texas,Austin,Furniture,Tables,111.2,1,0.2,32.76
ORD-2023-12097,2023-04-09,2023-04-14,CUST-0393,PROD-0024,West,California,Los Angeles,Furniture,Chairs,478.4,2,0.2,187.59
ORD-2023-12189,2023-04-09,2023-04-12,CUST-0406,PROD-0036,East,Massachusetts,Boston,Furniture,Furnishings,245.0,5,0.0,122.29
ORD-2023-13542,2023-04-10,2023-04-12,CUST-0651,PROD-0037,West,Washington,Spokane,furniture,Furnishings,630.0,3,0.0,349.4
ORD-2023-10179,2023-04-12,2023-04-15,CUST-0036,PROD-0051,South,Georgia,Atlanta,Office Supplies,Binders,17.1,1,0.05,5.74
ORD-2023-14389,2023-04-12,2023-04-13,CUST-0836,PROD-0026,South,Florida,Miami,Furniture,Tables,898.2,2,0.1,328.73
ORD-2023-10931,2023-04-15,2023-04-18,CUST-0170,PROD-0059,Central,Illinois,Chicago,Office Supplies,Fasteners,31.35,3,0.05,10.01
ORD-2023-13138,2023-04-16,2023-04-18,CUST-0582,PROD-0059,South,Florida,Tampa,Office Supplies,Fasteners,8.8,1,0.2,-0.28
ORD-2023-13876,2023-04-16,2023-04-17,CUST-0725,PROD-0026,East,New York,New York City,Furniture,Tables,299.4,1,0.4,13.69
ORD-2023-12346,2023-04-17,2023-04-19,CUST-0427,PROD-0026,West,California,San Diego,Furniture,Tables,948.1,2,0.05,380.2
ORD-2023-10595,2023-04-19,2023-04-21,CUST-0116,PROD-0024,South,North Carolina,Charlotte,Furniture,Chairs,1270.75,5,0.15,541.52
ORD-2023-11719,2023-04-19,2023-04-21,CUST-0324,PROD-0018,South,Tennessee,Nashville,Technology,Copiers & Printers,358.2,2,0.1,127.09
ORD-2023-11916,2023-04-19,2023-04-22,CUST-0360,PROD-0051,South,Virginia,Richmond,Office Supplies,Binders,18.0,1,0.0,6.51
ORD-2023-10087,2023-04-20,2023-04-26,CUST-0018,PROD-0002,Central,Texas,San Antonio,Technology,Phones,899.0,1,0.0,374.92
ORD-2023-11368,2023-04-21,2023-04-24,CUST-0257,PROD-0012,Central,Ohio,Cleveland,Technology,Accessories,141.6,3,0.2,70.85
ORD-2023-10088,2023-04-22,2023-04-24,CUST-0019,PROD-0022,South,North Carolina,Charlotte,Furniture,Chairs,197.1,1,0.1,97.11
ORD-2023-12521,2023-04-22,2023-04-27,CUST-0461,PROD-0034,Central,Texas,Houston,Furniture,Furnishings,195.0,3,0.0,103.32
ORD-2023-12652,2023-04-22,2023-04-26,CUST-0484,PROD-0023,South,North Carolina,Charlotte,Furniture,Chairs,224.1,1,0.1,100.24
ORD-2023-11298,2023-04-26,2023-04-30,CUST-0243,PROD-0053,West,California,San Jose,Office Supplies,Binders,10.8,1,0.1,0.69
ORD-2023-10036,2023-04-28,2023-04-30,CUST-0007,PROD-0033,Central,Minnesota,Minneapolis,Furniture,Bookcases,338.0,2,0.0,160.5
ORD-2023-13851,2023-04-28,2023-04-29,CUST-0717,PROD-0046,South,Georgia,Atlanta,Office Supplies,Paper,102.0,3,0.0,49.71
ORD-2023-10826,2023-05-02,2023-05-05,CUST-0156,PROD-0004,East,New Jersey,Newark,Technology,Phones,989.1,1,0.1,304.99
ORD-2023-14276,2023-05-02,2023-05-04,CUST-0811,PROD-0006,West,California,San Jose,Technology,Laptops,2598.0,2,0.0,1084.71
ORD-2023-12746,2023-05-03,2023-05-10,CUST-0499,PROD-0015,East,New York,Buffalo,Technology,Accessories,84.55,1,0.05,42.71
ORD-2023-14443,2023-05-03,2023-05-09,CUST-0846,PROD-0023,East,Pennsylvania,Pittsburgh,Furniture,Chairs,224.1,1,0.1,99.53
ORD-2023-13972,2023-05-04,2023-05-05,CUST-0745,PROD-0016,East,New Jersey,Newark,Technology,Copiers & Printers,1699.0,1,0.0,795.55
ORD-2023-10319,2023-05-05,2023-05-09,CUST-0069,PROD-0011,West,California,San Diego,Technology,Accessories,490.2,4,0.05,284.13
ORD-2023-10618,2023-05-05,2023-05-10,CUST-0122,PROD-0036,Central,Ohio,Columbus,Furniture,Furnishings,176.4,4,0.1,70.08
ORD-2023-11906,2023-05-06,2023-05-08,CUST-0360,PROD-0017,South,Virginia,Richmond,Technology,Copiers & Printers,2376.6,4,0.15,831.35
ORD-2023-10592,2023-05-07,2023-05-14,CUST-0116,PROD-0015,South,North Carolina,Charlotte,Technology,Accessories,71.2,1,0.2,31.77
ORD-2023-12615,2023-05-08,2023-05-09,CUST-0476,PROD-0046,Central,Ohio,Cleveland,Office Supplies,Paper,32.3,1,0.05,12.02
ORD-2023-10777,2023-05-09,2023-05-12,CUST-0148,PROD-0033,Central,Texas,Dallas,Furniture,Bookcases,507.0,3,0.0,232.17
ORD-2023-10011,2023-05-10,2023-05-12,CUST-0003,PROD-0016,East,Pennsylvania,Pittsburgh,Technology,Copiers & Printers,6456.2,4,0.05,2834.26
ORD-2023-11236,2023-05-11,2023-05-16,CUST-0232,PROD-0040,Central,Texas,Houston,Office Supplies,Storage,48.3,1,0.3,14.14
ORD-2023-14135,2023-05-11,2023-05-13,CUST-0774,PROD-0015,South,North Carolina,Charlotte,Technology,Accessories,89.0,1,0.0,47.1
ORD-2023-12630,2023-05-13,2023-05-14,CUST-0480,PROD-0007,East,Pennsylvania,Philadelphia,Technology,Laptops,2997.0,3,0.0,1246.92
ORD-2023-10361,2023-05-16,2023-05-20,CUST-0076,PROD-0028,West,Nevada,Las Vegas,Furniture,Tables,3355.8,6,0.3,620.11
ORD-2023-13289,2023-05-17,2023-05-20,CUST-0608,PROD-0017,West,Nevada,Las Vegas,Technology,Copiers & Printers,629.1,1,0.1,242.96
ORD-2023-14077,2023-05-17,2023-05-20,CUST-0761,PROD-0044,East,New Jersey,Newark,Office Supplies,Art,75.05,1,0.05,39.78
ORD-2023-13064,2023-05-18,2023-05-22,CUST-0566,PROD-0022,West,Colorado,Denver,Furniture,Chairs,416.1,2,0.05,212.57
ORD-2023-10593,2023-05-19,2023-05-24,CUST-0116,PROD-0006,South,North Carolina,Charlotte,Technology,Laptops,4936.2,4,0.05,1921.35
ORD-2023-11910,2023-05-20,2023-05-21,CUST-0360,PROD-0034,South,Virginia,Richmond,Furniture,Furnishings,61.75,1,0.05,33.6
ORD-2023-12887,2023-05-20,2023-05-21,CUST-0523,PROD-0044,West,Washington,Spokane,Office Supplies,Art,67.15,1,0.15,29.02
ORD-2023-12455,2023-05-21,2023-05-23,CUST-0453,PROD-0055,West,California,San Jose,Office Supplies,Appliances,139.0,1,0.0,68.87
ORD-2023-13961,2023-05-22,2023-05-27,CUST-0743,PROD-0051,South,Florida,Miami,Office Supplies,Binders,54.0,3,0.0,18.82
ORD-2023-11382,2023-05-23,2023-05-24,CUST-0260,PROD-0037,East,Pennsylvania,Pittsburgh,Furniture,Furnishings,168.0,1,0.2,71.23
ORD-2023-11683,2023-05-24,2023-05-26,CUST-0319,PROD-0039,South,Florida,Tampa,Office Supplies,Storage,25.6,1,0.2,7.2
ORD-2023-12553,2023-05-26,2023-05-27,CUST-0466,PROD-0053,Central,Texas,Dallas,Office Supplies,Binders,24.0,2,0.0,2.31
ORD-2023-13577,2023-05-27,2023-05-30,CUST-0660,PROD-0021,West,California,San Diego,Furniture,Chairs,399.0,1,0.0,202.97
ORD-2023-11925,2023-05-28,2023-05-30,CUST-0361,PROD-0020,South,Georgia,Atlanta,Furniture,Chairs,663.1,2,0.05,333.82
ORD-2023-12303,2023-05-28,2023-05-29,CUST-0423,PROD-0042,South,Tennessee,Nashville,Office Supplies,Art,83.3,2,0.15,41.01
ORD-2023-13888,2023-05-28,2023-05-29,CUST-0728,PROD-0034,West,Washington,Seattle,Furniture,Furnishings,104.0,2,0.2,43.0
ORD-2023-10590,2023-05-29,2023-05-30,CUST-0116,PROD-0035,South,North Carolina,Charlotte,Furniture,Furnishings,71.25,1,0.05,34.9
ORD-2023-10833,2023-05-29,2023-05-31,CUST-0156,PROD-0019,East,New Jersey,Newark,Technology,Copiers & Printers,329.0,1,0.0,144.74
ORD-2023-10018,2023-05-30,2023-06-02,CUST-0004,PROD-0009,South,Florida,Orlando,Technology,Laptops,1482.3,3,0.1,503.11
ORD-2023-10254,2023-05-30,2023-06-01,CUST-0059,PROD-0011,Central,Illinois,Chicago,Technology,Accessories,258.0,2,0.0,157.72
ORD-2023-13200,2023-05-30,2023-06-02,CUST-0592,PROD-0024,Central,Ohio,Columbus,Furniture,Chairs,598.0,2,0.0,308.66
ORD-2023-13574,2023-05-30,2023-06-06,CUST-0659,PROD-0009,West,Colorado,Denver,Technology,Laptops,2964.6,6,0.1,1016.46
ORD-2023-10145,2023-05-31,2023-06-03,CUST-0033,PROD-0041,West,Arizona,Phoenix,Office Supplies,Storage,35.1,1,0.1,15.56
ORD-2023-13227,2023-05-31,2023-06-03,CUST-0596,PROD-0060,South,North Carolina,Charlotte,Office Supplies,Fasteners,42.0,3,0.0,16.5
ORD-2023-11377,2023-06-02,2023-06-04,CUST-0260,PROD-0047,East,Pennsylvania,Pittsburgh,Office Supplies,Paper,61.2,3,0.15,18.62
ORD-2023-12888,2023-06-02,2023-06-03,CUST-0523,PROD-0027,West,Washington,Spokane,Furniture,Tables,139.0,1,0.0,59.81
ORD-2023-11024,2023-06-04,2023-06-05,CUST-0191,PROD-0056,Central,Texas,San Antonio,Office Supplies,Appliances,916.0,4,0.0,462.56
ORD-2023-12992,2023-06-04,2023-06-07,CUST-0551,PROD-0004,South,Florida,Orlando,Technology,Phones,3297.0,3,0.0,1247.02
ORD-2023-10528,2023-06-06,2023-06-08,CUST-0104,PROD-0004,South,Georgia,Atlanta,Technology,Phones,1099.0,1,0.0,414.65
ORD-2023-10850,2023-06-07,2023-06-09,CUST-0160,PROD-0022,East,Pennsylvania,Pittsburgh,Furniture,Chairs,219.0,1,0.0,120.4
ORD-2023-12344,2023-06-08,2023-06-10,CUST-0427,PROD-0017,West,California,San Diego,Technology,Copiers & Printers,699.0,1,0.0,312.76
ORD-2023-13477,2023-06-08,2023-06-11,CUST-0641,PROD-0009,West,California,San Jose,Technology,Laptops,439.2,1,0.2,112.58
ORD-2023-10042,2023-06-09,2023-06-12,CUST-0009,PROD-0003,Central,Minnesota,Minneapolis,Technology,Phones,1596.0,4,0.0,691.96
ORD-2023-11363,2023-06-09,2023-06-10,CUST-0257,PROD-0054,Central,Ohio,Cleveland,Office Supplies,Appliances,568.1,2,0.05,277.11
ORD-2023-11851,2023-06-09,2023-06-11,CUST-0347,PROD-0049,Central,Texas,San Antonio,Office Supplies,Paper,39.6,3,0.4,-2.66
ORD-2023-12773,2023-06-09,2023-06-11,CUST-0508,PROD-0027,West,California,San Diego,Furniture,Tables,264.1,2,0.05,102.73
ORD-2023-10559,2023-06-11,2023-06-14,CUST-0108,PROD-0052,West,Washington,Spokane,Office Supplies,Binders,38.0,2,0.0,11.99
ORD-2023-11878,2023-06-12,2023-06-15,CUST-0353,PROD-0043,West,Washington,Seattle,Office Supplies,Art,177.0,3,0.0,84.48
ORD-2023-13247,2023-06-13,2023-06-15,CUST-0598,PROD-0020,Central,Texas,Austin,Furniture,Chairs,314.1,1,0.1,147.19
ORD-2023-14034,2023-06-13,2023-06-15,CUST-0756,PROD-0031,South,North Carolina,Charlotte,Furniture,Bookcases,198.0,2,0.0,99.73
ORD-2023-11686,2023-06-14,2023-06-19,CUST-0319,PROD-0035,South,Florida,Tampa,Furniture,Furnishings,127.5,2,0.15,54.99
ORD-2023-11601,2023-06-15,2023-06-17,CUST-0307,PROD-0047,South,Virginia,Richmond,Office Supplies,Paper,24.0,1,0.0,8.93
ORD-2023-10725,2023-06-16,2023-06-19,CUST-0140,PROD-0025,East,Pennsylvania,Philadelphia,Furniture,Tables,551.65,1,0.15,166.42
ORD-2023-11362,2023-06-16,2023-06-19,CUST-0257,PROD-0048,Central,Ohio,Cleveland,Office Supplies,Paper,67.2,3,0.2,21.75
ORD-2023-12676,2023-06-16,2023-06-18,CUST-0489,PROD-0033,Central,Michigan,Detroit,Furniture,Bookcases,169.0,1,0.0,78.02
ORD-2023-14428,2023-06-17,2023-06-18,CUST-0844,PROD-0043,South,Georgia,Atlanta,Office Supplies,Art,50.15,1,0.15,20.77
ORD-2023-11462,2023-06-18,2023-06-22,CUST-0276,PROD-0018,West,Colorado,Denver,Technology,Copiers & Printers,189.05,1,0.05,74.33
ORD-2023-12655,2023-06-18,2023-06-20,CUST-0485,PROD-0053,Central,Texas,San Antonio,Office Supplies,Binders,12.0,1,0.0,2.37
ORD-2023-13836,2023-06-18,2023-06-21,CUST-0712,PROD-0037,Central,Ohio,Cleveland,Furniture,Furnishings,630.0,3,0.0,348.37
ORD-2023-13926,2023-06-19,2023-06-22,CUST-0735,PROD-0028,South,Florida,Miami,Furniture,Tables,3355.8,6,0.3,636.09
ORD-2023-10615,2023-06-20,2023-06-22,CUST-0122,PROD-0030,Central,Ohio,Columbus,Furniture,Bookcases,194.65,1,0.15,77.84
ORD-2023-14477,2023-06-21,2023-06-23,CUST-0850,PROD-0005,West,Oregon,Portland,technology,Phones,4275.0,6,0.25,642.29
ORD-2023-12005,2023-06-22,2023-06-23,CUST-0379,PROD-0026,Central,Illinois,Chicago,Furniture,Tables,349.3,1,0.3,64.82
ORD-2023-11725,2023-06-23,2023-06-24,CUST-0325,PROD-0012,West,California,Los Angeles,Technology,Accessories,56.05,1,0.05,33.42
ORD-2023-12910,2023-06-23,2023-06-25,CUST-0528,PROD-0023,East,New York,New York City,Furniture,Chairs,236.55,1,0.05,112.0
ORD-2023-12460,2023-06-24,2023-06-27,CUST-0454,PROD-0024,South,Florida,Orlando,Furniture,Chairs,299.0,1,0.0,155.75
ORD-2023-11924,2023-06-25,2023-06-27,CUST-0361,PROD-0021,South,Georgia,Atlanta,Furniture,Chairs,1137.15,3,0.05,548.13
ORD-2023-13877,2023-06-25,2023-06-30,CUST-0726,PROD-0011,South,Florida,Tampa,Technology,Accessories,928.8,8,0.1,532.54
ORD-2023-14314,2023-06-25,2023-06-29,CUST-0819,PROD-0034,Central ,Minnesota,Minneapolis,Furniture,Furnishings,130.0,2,0.0,71.69
ORD-2023-13014,2023-06-27,2023-06-30,CUST-0555,PROD-0046,West,Colorado,Denver,Office Supplies,Paper,32.3,1,0.05,11.77
ORD-2023-11371,2023-06-29,2023-07-01,CUST-0258,PROD-0042,Central,Michigan,Detroit,Office Supplies,Art,34.3,1,0.3,10.14
ORD-2023-14033,2023-06-29,2023-07-03,CUST-0756,PROD-0030,South,North Carolina,Charlotte,Furniture,Bookcases,114.5,1,0.5,-1.34
ORD-2023-12217,2023-06-30,2023-07-01,CUST-0410,PROD-0013,South,Tennessee,Nashville,Technology,Accessories,138.0,2,0.0,85.15
ORD-2023-12282,2023-06-30,2023-07-03,CUST-0420,PROD-0016,South,Tennessee,Nashville,technology,Copiers & Printers,1699.0,1,0.0,795.54
ORD-2023-12397,2023-06-30,2023-07-02,CUST-0437,PROD-0052,Central,Minnesota,Minneapolis,Office Supplies,Binders,57.0,3,0.0,18.63
ORD-2023-12512,2023-06-30,2023-07-02,CUST-0460,PROD-0020,Central,Minnesota,Minneapolis,Furniture,Chairs,1047.0,3,0.0,548.47
ORD-2023-12538,2023-07-01,2023-07-04,CUST-0463,PROD-0011,West,Washington,Seattle,Technology,Accessories,129.0,1,0.0,79.49
ORD-2023-14186,2023-07-02,2023-07-07,CUST-0787,PROD-0031,South,Florida,Miami,Furniture,Bookcases,89.1,1,0.1,40.24
ORD-2023-10294,2023-07-03,2023-07-04,CUST-0065,PROD-0046,Central,Texas,Austin,Office Supplies,Paper,30.6,1,0.1,11.32
ORD-2023-11753,2023-07-03,2023-07-06,CUST-0330,PROD-0035,East,New Jersey,Newark,Furniture,Furnishings,71.25,1,0.05,37.39
ORD-2023-11880,2023-07-04,2023-07-07,CUST-0353,PROD-0059,West,Washington,Seattle,Office Supplies,Fasteners,11.0,1,0.0,0.4
ORD-2023-14383,2023-07-04,2023-07-08,CUST-0834,PROD-0053,West,California,San Diego,Office Supplies,Binders,96.0,8,0.0,33.84
ORD-2023-10491,2023-07-05,2023-07-07,CUST-0096,PROD-0030,Central,Michigan,Detroit,Furniture,Bookcases,194.65,1,0.15,79.73
ORD-2023-10520,2023-07-05,2023-07-07,CUST-0101,PROD-0039,South,North Carolina,Charlotte,Office Supplies,Storage,25.6,1,0.2,7.2
ORD-2023-11449,2023-07-06,2023-07-10,CUST-0276,PROD-0060,West,Colorado,Denver,Office Supplies,Fasteners,14.0,1,0.0,4.54
ORD-2023-11917,2023-07-06,2023-07-10,CUST-0360,PROD-0007,South,Virginia,Richmond,Technology,Laptops,1998.0,2,0.0,824.02
ORD-2023-10216,2023-07-07,2023-07-13,CUST-0048,PROD-0043,West,California,Los Angeles,Office Supplies,Art,53.1,1,0.1,22.51
ORD-2023-11373,2023-07-08,2023-07-10,CUST-0259,PROD-0016,South,Florida,Tampa,Technology,Copiers & Printers,8070.25,5,0.05,3550.03
ORD-2023-14476,2023-07-09,2023-07-12,CUST-0850,PROD-0010,West,Oregon,Portland,Technology,Laptops,5796.0,4,0.0,2369.73
ORD-2023-12488,2023-07-12,2023-07-14,CUST-0457,PROD-0028,Central,Ohio,Columbus,Furniture,Tables,2876.4,4,0.1,1057.57
ORD-2023-13129,2023-07-13,2023-07-16,CUST-0580,PROD-0026,Central,Ohio,Columbus,Furniture,Tables,449.1,1,0.1,165.5
ORD-2023-12466,2023-07-14,2023-07-19,CUST-0454,PROD-0057,South,Florida,Orlando,Office Supplies,Appliances,121.5,3,0.1,52.18
ORD-2023-12645,2023-07-14,2023-07-16,CUST-0483,PROD-0032,Central,Texas,Austin,Furniture,Bookcases,319.0,1,0.0,153.45
ORD-2023-11237,2023-07-15,2023-07-18,CUST-0232,PROD-0035,Central,Texas,Houston,Furniture,Furnishings,67.5,1,0.1,31.59
ORD-2023-12090,2023-07-15,2023-07-18,CUST-0391,PROD-0034,South,North Carolina,Charlotte,Furniture,Furnishings,123.5,2,0.05,60.48
ORD-2023-12199,2023-07-15,2023-07-18,CUST-0407,PROD-0022,Central,Minnesota,Minneapolis,Furniture,Chairs,186.15,1,0.15,85.75
ORD-2023-10596,2023-07-16,2023-07-18,CUST-0116,PROD-0047,South,North Carolina,Charlotte,Office Supplies,Paper,50.4,3,0.3,4.62
ORD-2023-11361,2023-07-16,2023-07-20,CUST-0257,PROD-0060,Central,Ohio,Cleveland,Office Supplies,Fasteners,14.0,1,0.0,3.45
ORD-2023-14340,2023-07-16,2023-07-17,CUST-0824,PROD-0011,South,Florida,Miami,Technology,Accessories,516.0,4,0.0,311.43
ORD-2023-10240,2023-07-17,2023-07-19,CUST-0055,PROD-0042,East,New York,New York City,Office Supplies,Art,490.0,10,0.0,253.24
ORD-2023-11908,2023-07-17,2023-07-21,CUST-0360,PROD-0037,South,Virginia,Richmond,Furniture,Furnishings,210.0,1,0.0,116.2
ORD-2023-12493,2023-07-17,2023-07-19,CUST-0457,PROD-0008,Central,Ohio,Columbus,Technology,Laptops,5412.15,3,0.05,2093.67
ORD-2023-13198,2023-07-17,2023-07-19,CUST-0592,PROD-0023,Central,Ohio,Columbus,Furniture,Chairs,199.2,1,0.2,75.89
ORD-2023-10013,2023-07-20,2023-07-23,CUST-0003,PROD-0021,East,Pennsylvania,Pittsburgh,Furniture,Chairs,558.6,2,0.3,171.26
ORD-2023-10937,2023-07-20,2023-07-23,CUST-0170,PROD-0022,Central,Illinois,Chicago,Furniture,Chairs,624.15,3,0.05,323.06
ORD-2023-10626,2023-07-21,2023-07-26,CUST-0124,PROD-0010,West,Nevada,Las Vegas,Technology,Laptops,2898.0,2,0.0,1191.75
ORD-2023-12289,2023-07-21,2023-07-24,CUST-0421,PROD-0008,Central,Texas,Houston,Technology,Laptops,5697.0,3,0.0,2382.93
ORD-2023-10536,2023-07-22,2023-07-23,CUST-0105,PROD-0034,East,New Jersey,Newark,Furniture,Furnishings,260.0,4,0.0,139.45
ORD-2023-12738,2023-07-22,2023-07-25,CUST-0499,PROD-0019,East ,New York,Buffalo,Technology,Copiers & Printers,329.0,1,0.0,144.73
ORD-2023-14247,2023-07-23,2023-07-28,CUST-0804,PROD-0049,West,Oregon,Portland,Office Supplies,Paper,83.6,4,0.05,26.78
ORD-2023-12464,2023-07-24,2023-07-29,CUST-0454,PROD-0055,South,Florida,Orlando,Office Supplies,Appliances,556.0,4,0.0,281.56
ORD-2023-12190,2023-07-25,2023-07-28,CUST-0406,PROD-0008,East,Massachusetts,Boston,Technology,Laptops,3798.0,2,0.0,1585.41
ORD-2023-13252,2023-07-25,2023-07-27,CUST-0598,PROD-0048,Central,Texas,Austin,Office Supplies,Paper,26.6,1,0.05,11.62
ORD-2023-11700,2023-07-26,2023-07-27,CUST-0320,PROD-0015,Central,Ohio,Columbus,Technology,Accessories,75.65,1,0.15,35.36
ORD-2023-10753,2023-07-27,2023-08-02,CUST-0145,PROD-0031,South,North Carolina,Charlotte,Furniture,Bookcases,168.3,2,0.15,69.03
ORD-2023-11720,2023-07-28,2023-08-02,CUST-0324,PROD-0047,South,Tennessee,Nashville,Office Supplies,Paper,64.8,3,0.1,27.45
ORD-2023-11458,2023-07-29,2023-08-05,CUST-0276,PROD-0027,West,Colorado,Denver,Furniture,Tables,291.9,3,0.3,50.24
ORD-2023-12432,2023-07-30,2023-08-01,CUST-0448,PROD-0017,South,Virginia,Richmond,Technology,Copiers & Printers,2516.4,4,0.1,969.0
ORD-2023-10198,2023-07-31,2023-08-01,CUST-0045,PROD-0010,West,Oregon,Portland,Technology,Laptops,2608.2,2,0.1,895.5
ORD-2023-10556,2023-07-31,2023-08-03,CUST-0106,PROD-0015,East,New Jersey,Newark,Technology,Accessories,178.0,2,0.0,99.08
ORD-2023-12541,2023-07-31,2023-08-04,CUST-0463,PROD-0018,West,Washington,Seattle,Technology,Copiers & Printers,199.0,1,0.0,83.92
ORD-2023-13373,2023-07-31,2023-08-07,CUST-0623,PROD-0053,West,Nevada,Las Vegas,Office Supplies,Binders,30.6,3,0.15,2.32
ORD-2023-11487,2023-08-02,2023-08-05,CUST-0282,PROD-0019,Central,Ohio,Cleveland,Technology,Copiers & Printers,658.0,2,0.0,286.2
ORD-2023-11879,2023-08-02,2023-08-06,CUST-0353,PROD-0058,West,Washington,Seattle,Office Supplies,Fasteners,24.65,1,0.15,8.45
ORD-2023-12465,2023-08-02,2023-08-08,CUST-0454,PROD-0059,South,Florida,Orlando,Office Supplies,Fasteners,22.0,2,0.0,2.87
ORD-2023-10516,2023-08-03,2023-08-04,CUST-0101,PROD-0006,South,North Carolina,Charlotte,Technology,Laptops,1299.0,1,0.0,543.63
ORD-2023-10752,2023-08-03,2023-08-06,CUST-0145,PROD-0021,South ,North Carolina,Charlotte,Furniture,Chairs,1017.45,3,0.15,433.12
ORD-2023-11871,2023-08-04,2023-08-08,CUST-0351,PROD-0012,West,California,San Jose,Technology,Accessories,59.0,1,0.0,35.69
ORD-2023-13571,2023-08-05,2023-08-07,CUST-0659,PROD-0003,West,Colorado,Denver,Technology,Phones,399.0,1,0.0,174.2
ORD-2023-12087,2023-08-07,2023-08-09,CUST-0391,PROD-0033,South,North Carolina,Charlotte,Furniture,Bookcases,236.6,2,0.3,54.34
ORD-2023-13878,2023-08-08,2023-08-10,CUST-0726,PROD-0018,South,Florida,Tampa,Technology,Copiers & Printers,199.0,1,0.0,82.65
ORD-2023-12706,2023-08-09,2023-08-11,CUST-0494,PROD-0017,East,Massachusetts,Boston,Technology,Copiers & Printers,1398.0,2,0.0,624.89
ORD-2023-14354,2023-08-09,2023-08-13,CUST-0827,PROD-0009,South ,Florida,Orlando,Technology,Laptops,1043.1,2,0.05,395.07
ORD-2023-11523,2023-08-10,2023-08-15,CUST-0291,PROD-0008,Central,Texas,Austin,Technology,Laptops,1899.0,1,0.0,792.25
ORD-2023-10277,2023-08-11,2023-08-12,CUST-0063,PROD-0043,West,Washington,Seattle,Office Supplies,Art,118.0,2,0.0,63.05
ORD-2023-12554,2023-08-11,2023-08-12,CUST-0466,PROD-0056,Central,Texas,Dallas,Office Supplies,Appliances,217.55,1,0.05,103.8
ORD-2023-10146,2023-08-13,2023-08-15,CUST-0033,PROD-0050,West,Arizona,Phoenix,Office Supplies,Binders,42.0,1,0.0,19.51
ORD-2023-10499,2023-08-13,2023-08-16,CUST-0097,PROD-0052,East,Massachusetts,Boston,Office Supplies,Binders,19.0,1,0.0,6.01
ORD-2023-12085,2023-08-13,2023-08-14,CUST-0391,PROD-0031,South,North Carolina,Charlotte,Furniture,Bookcases,252.45,3,0.15,106.72
ORD-2023-11996,2023-08-14,2023-08-17,CUST-0377,PROD-0035,West,Nevada,Las Vegas,Furniture,Furnishings,191.25,3,0.15,84.7
ORD-2023-13753,2023-08-14,2023-08-16,CUST-0697,PROD-0013,West,Washington,Seattle,Technology,Accessories,51.75,1,0.25,23.08
ORD-2023-11472,2023-08-16,2023-08-20,CUST-0278,PROD-0007,Central,Ohio,Columbus,Technology,Laptops,949.05,1,0.05,363.03
ORD-2023-11673,2023-08-17,2023-08-18,CUST-0318,PROD-0019,East,New York,New York City,Technology,Copiers & Printers,329.0,1,0.0,145.13
ORD-2023-11873,2023-08-19,2023-08-24,CUST-0352,PROD-0040,East,New York,New York City,Office Supplies,Storage,144.9,3,0.3,45.3
ORD-2023-12318,2023-08-21,2023-08-26,CUST-0425,PROD-0005,East,Pennsylvania,Philadelphia,Technology,Phones,950.0,1,0.0,343.03
ORD-2023-13760,2023-08-21,2023-08-22,CUST-0697,PROD-0017,West,Washington,Seattle,Technology,Copiers & Printers,699.0,1,0.0,312.52
ORD-2023-10437,2023-08-22,2023-08-25,CUST-0087,PROD-0059,South,Florida,Tampa,Office Supplies,Fasteners,33.0,3,0.0,11.64
ORD-2023-11480,2023-08-24,2023-08-25,CUST-0281,PROD-0019,Central,Texas,San Antonio,Technology,Copiers & Printers,329.0,1,0.0,145.63
ORD-2023-11535,2023-08-24,2023-08-27,CUST-0293,PROD-0060,Central,Ohio,Cleveland,Office Supplies,Fasteners,56.0,4,0.0,9.98
ORD-2023-10482,2023-08-25,2023-08-28,CUST-0095,PROD-0049,South,Tennessee,Nashville,Office Supplies,Paper,22.0,1,0.0,10.45
ORD-2023-10852,2023-08-25,2023-08-28,CUST-0160,PROD-0042,East,Pennsylvania,Pittsburgh,Office Supplies,Art,166.6,4,0.15,82.4
ORD-2023-13790,2023-08-27,2023-08-29,CUST-0705,PROD-0039,West,Oregon,Portland,Office Supplies,Storage,22.4,1,0.3,3.73
ORD-2023-10914,2023-08-28,2023-08-31,CUST-0168,PROD-0028,South,Florida,Miami,Furniture,Tables,719.1,1,0.1,265.91
ORD-2023-12261,2023-08-28,2023-08-31,CUST-0417,PROD-0031,Central,Texas,Houston,Furniture,Bookcases,79.2,1,0.2,31.17
ORD-2023-11691,2023-08-29,2023-09-01,CUST-0319,PROD-0037,South,Florida,Tampa,Furniture,Furnishings,840.0,4,0.0,462.78
ORD-2023-13597,2023-08-31,2023-09-02,CUST-0665,PROD-0048,West,California,San Jose,Office Supplies,Paper,16.8,1,0.4,0.2
ORD-2023-14347,2023-08-31,2023-09-04,CUST-0824,PROD-0018,South,Florida,Miami,Technology,Copiers & Printers,597.0,3,0.0,249.89
ORD-2023-14372,2023-09-01,2023-09-04,CUST-0832,PROD-0057,East,Massachusetts,Boston,Office Supplies,Appliances,40.5,1,0.1,18.66
ORD-2023-10014,2023-09-03,2023-09-06,CUST-0003,PROD-0014,East,Pennsylvania,Pittsburgh,Technology,Accessories,596.0,4,0.0,362.34
ORD-2023-11795,2023-09-03,2023-09-05,CUST-0338,PROD-0060,West,Arizona,Phoenix,Office Supplies,Fasteners,23.8,2,0.15,2.41
ORD-2023-10922,2023-09-05,2023-09-10,CUST-0168,PROD-0029,South,Florida,Miami,Furniture,Tables,191.4,1,0.4,8.3
ORD-2023-11651,2023-09-05,2023-09-06,CUST-0315,PROD-0004,East,New York,New York City,Technology,Phones,1099.0,1,0.0,413.95
ORD-2023-13400,2023-09-05,2023-09-09,CUST-0626,PROD-0041,East,New Jersey,Newark,Office Supplies,Storage,39.0,1,0.0,19.85
ORD-2023-10504,2023-09-06,2023-09-08,CUST-0097,PROD-0001,East,Massachusetts,Boston,Technology,Phones,1438.2,2,0.1,531.87
ORD-2023-13605,2023-09-06,2023-09-07,CUST-0666,PROD-0044,Central,Ohio,Cleveland,Office Supplies,Art,142.2,2,0.1,69.97
ORD-2023-14032,2023-09-06,2023-09-07,CUST-0756,PROD-0030,South,North Carolina,Charlotte,Furniture,Bookcases,652.65,3,0.05,313.3
ORD-2023-14010,2023-09-08,2023-09-09,CUST-0751,PROD-0021,East,Pennsylvania,Pittsburgh,Furniture,Chairs,798.0,2,0.0,408.46
ORD-2023-10001,2023-09-09,2023-09-13,CUST-0001,PROD-0011,Central,Texas,Houston,Technology,Accessories,980.4,8,0.05,591.71
ORD-2023-12000,2023-09-09,2023-09-11,CUST-0378,PROD-0031,West,California,San Diego,Furniture,Bookcases,148.5,3,0.5,3.82
ORD-2023-13249,2023-09-09,2023-09-11,CUST-0598,PROD-0027,Central,Texas,Austin,Furniture,Tables,500.4,4,0.1,180.36
ORD-2023-11905,2023-09-10,2023-09-13,CUST-0359,PROD-0039,South,Georgia,Atlanta,Office Supplies,Storage,32.0,1,0.0,14.19
ORD-2023-11968,2023-09-10,2023-09-15,CUST-0371,PROD-0052,East,New York,Buffalo,Office Supplies,Binders,18.05,1,0.05,7.06
ORD-2023-12140,2023-09-10,2023-09-12,CUST-0398,PROD-0041,Central,Ohio,Cleveland,Office Supplies,Storage,66.3,2,0.15,26.97
ORD-2023-10480,2023-09-12,2023-09-15,CUST-0095,PROD-0057,South,Tennessee,Nashville,Office Supplies,Appliances,63.0,2,0.3,15.67
ORD-2023-14374,2023-09-12,2023-09-15,CUST-0832,PROD-0018,East,Massachusetts,Boston,Technology,Copiers & Printers,398.0,2,0.0,171.61
ORD-2023-13444,2023-09-14,2023-09-16,CUST-0636,PROD-0019,West,California,Los Angeles,Technology,Copiers & Printers,329.0,1,0.0,145.75
ORD-2023-12377,2023-09-16,2023-09-19,CUST-0435,PROD-0005,Central,Texas,San Antonio,Technology,Phones,855.0,1,0.1,251.15
ORD-2023-12384,2023-09-16,2023-09-18,CUST-0435,PROD-0059,Central,Texas,San Antonio,Office Supplies,Fasteners,7.7,1,0.3,-0.67
ORD-2023-10017,2023-09-17,2023-09-20,CUST-0003,PROD-0019,East,Pennsylvania,Pittsburgh,Technology,Copiers & Printers,987.0,3,0.0,436.96
ORD-2023-10030,2023-09-18,2023-09-21,CUST-0006,PROD-0043,West,Nevada,Las Vegas,Office Supplies,Art,41.3,1,0.3,10.37
ORD-2023-11760,2023-09-18,2023-09-20,CUST-0331,PROD-0031,Central,Ohio,Columbus,Furniture,Bookcases,79.2,1,0.2,27.35
ORD-2023-13376,2023-09-19,2023-09-21,CUST-0624,PROD-0028,East,Pennsylvania,Pittsburgh,Furniture,Tables,679.15,1,0.15,225.21
ORD-2023-10834,2023-09-20,2023-09-22,CUST-0156,PROD-0019,East,New Jersey,Newark,Technology,Copiers & Printers,329.0,1,0.0,145.63
ORD-2023-11808,2023-09-21,2023-09-24,CUST-0341,PROD-0034,South,Tennessee,Nashville,Furniture,Furnishings,65.0,1,0.0,36.64
ORD-2023-12665,2023-09-21,2023-09-23,CUST-0487,PROD-0028,South,Florida,Orlando,Furniture,Tables,719.1,1,0.1,265.64
ORD-2023-10529,2023-09-22,2023-09-24,CUST-0104,PROD-0003,South,Georgia,Atlanta,Technology,Phones,399.0,1,0.0,174.79
ORD-2023-12816,2023-09-24,2023-09-28,CUST-0515,PROD-0027,South,Florida,Tampa,Furniture,Tables,118.15,1,0.15,39.94
ORD-2023-11654,2023-09-25,2023-09-27,CUST-0315,PROD-0010,East,New York,New York City,Technology,Laptops,4926.6,4,0.15,1502.62
ORD-2023-12949,2023-09-25,2023-09-27,CUST-0541,PROD-0007,West,Arizona,Phoenix,Technology,Laptops,1798.2,2,0.1,627.07
ORD-2023-13310,2023-09-25,2023-09-28,CUST-0611,PROD-0009,West,Washington,Spokane,Technology,Laptops,1098.0,2,0.0,448.73
ORD-2023-12293,2023-09-26,2023-09-28,CUST-0421,PROD-0028,Central ,Texas,Houston,Furniture,Tables,719.1,1,0.1,263.34
ORD-2023-12205,2023-09-27,2023-09-29,CUST-0408,PROD-0012,West,Colorado,Denver,Technology,Accessories,236.0,4,0.0,148.64
ORD-2023-13756,2023-09-27,2023-09-29,CUST-0697,PROD-0017,West,Washington,Seattle,Technology,Copiers & Printers,1328.1,2,0.05,557.24
ORD-2023-10770,2023-09-28,2023-10-02,CUST-0147,PROD-0022,East,New York,Buffalo,Furniture,Chairs,416.1,2,0.05,212.15
ORD-2023-13560,2023-09-28,2023-09-30,CUST-0654,PROD-0030,West,Arizona,Phoenix,Furniture,Bookcases,206.1,1,0.1,90.8
ORD-2023-13965,2023-09-29,2023-10-01,CUST-0745,PROD-0024,East,New Jersey,Newark,Furniture,Chairs,852.15,3,0.05,415.87
ORD-2023-10623,2023-09-30,2023-10-05,CUST-0124,PROD-0043,West,Nevada,Las Vegas,Office Supplies,Art,56.05,1,0.05,26.48
ORD-2023-11294,2023-09-30,2023-10-05,CUST-0241,PROD-0046,West,Colorado,Denver,Office Supplies,Paper,204.0,10,0.4,10.68
ORD-2023-10210,2023-10-01,2023-10-02,CUST-0048,PROD-0029,West,California,Los Angeles,Furniture,Tables,957.0,3,0.0,407.12
ORD-2023-10535,2023-10-01,2023-10-02,CUST-0105,PROD-0020,East,New Jersey,Newark,Furniture,Chairs,331.55,1,0.05,166.86
ORD-2023-12508,2023-10-01,2023-10-06,CUST-0460,PROD-0045,Central,Minnesota,Minneapolis,Office Supplies,Art,220.0,2,0.0,119.96
ORD-2023-11398,2023-10-02,2023-10-05,CUST-0264,PROD-0019,Central,Texas,Houston,Technology,Copiers & Printers,329.0,1,0.0,145.93
ORD-2023-12447,2023-10-02,2023-10-05,CUST-0453,PROD-0006,West,California,San Jose,Technology,Laptops,1234.05,1,0.05,479.05
ORD-2023-13069,2023-10-02,2023-10-06,CUST-0566,PROD-0016,West,Colorado,Denver,Technology,Copiers & Printers,1699.0,1,0.0,793.41
ORD-2023-14448,2023-10-02,2023-10-04,CUST-0847,PROD-0013,West,Arizona,Phoenix,Technology,Accessories,62.1,1,0.1,34.85
ORD-2023-10317,2023-10-03,2023-10-06,CUST-0069,PROD-0058,West,California,San Diego,Office Supplies,Fasteners,87.0,3,0.0,31.6
ORD-2023-10785,2023-10-03,2023-10-05,CUST-0150,PROD-0025,West,Arizona,Phoenix,Furniture,Tables,1298.0,2,0.0,529.21
ORD-2023-12241,2023-10-03,2023-10-05,CUST-0415,PROD-0027,Central,Texas,Austin,Furniture,Tables,111.2,1,0.2,32.99
ORD-2023-11817,2023-10-04,2023-10-06,CUST-0341,PROD-0003,South,Tennessee,Nashville,Technology,Phones,339.15,1,0.15,112.92
ORD-2023-12281,2023-10-04,2023-10-06,CUST-0419,PROD-0042,Central,Texas,Dallas,Office Supplies,Art,196.0,4,0.0,100.6
ORD-2023-10116,2023-10-05,2023-10-12,CUST-0027,PROD-0029,West,California,Los Angeles,Furniture,Tables,813.45,3,0.15,263.37
ORD-2023-12188,2023-10-05,2023-10-08,CUST-0406,PROD-0052,East,Massachusetts,Boston,Office Supplies,Binders,34.2,2,0.1,9.17
ORD-2023-11914,2023-10-06,2023-10-11,CUST-0360,PROD-0040,South,Virginia,Richmond,Office Supplies,Storage,55.2,1,0.2,20.34
ORD-2023-12531,2023-10-06,2023-10-08,CUST-0463,PROD-0007,West,Washington,Seattle,Technology,Laptops,2847.15,3,0.05,1097.26
ORD-2023-10231,2023-10-07,2023-10-08,CUST-0052,PROD-0042,South,Virginia,Richmond,Office Supplies,Art,49.0,1,0.0,26.99
ORD-2023-13379,2023-10-07,2023-10-12,CUST-0624,PROD-0034,East,Pennsylvania,Pittsburgh,Furniture,Furnishings,58.5,1,0.1,29.11
ORD-2023-13947,2023-10-07,2023-10-10,CUST-0740,PROD-0060,West,Washington,Spokane,Office Supplies,Fasteners,28.0,2,0.0,4.97
ORD-2023-10978,2023-10-08,2023-10-10,CUST-0181,PROD-0046,West,Arizona,Phoenix,Office Supplies,Paper,102.0,3,0.0,46.25
ORD-2023-11684,2023-10-08,2023-10-10,CUST-0319,PROD-0048,South,Florida,Tampa,Office Supplies,Paper,47.6,2,0.15,15.37
ORD-2023-11054,2023-10-10,2023-10-11,CUST-0195,PROD-0020,South,Georgia,Atlanta,Furniture,Chairs,698.0,2,0.0,369.52
ORD-2023-11375,2023-10-10,2023-10-12,CUST-0260,PROD-0058,East,Pennsylvania,Pittsburgh,Office Supplies,Fasteners,52.2,2,0.1,14.91
ORD-2023-12972,2023-10-10,2023-10-11,CUST-0548,PROD-0056,West,Oregon,Portland,Office Supplies,Appliances,435.1,2,0.05,203.72
ORD-2023-13097,2023-10-10,2023-10-12,CUST-0571,PROD-0011,South,Virginia,Richmond,Technology,Accessories,129.0,1,0.0,77.1
ORD-2023-14306,2023-10-10,2023-10-13,CUST-0816,PROD-0051,Central,Texas,San Antonio,Office Supplies,Binders,18.0,1,0.0,7.56
ORD-2023-10058,2023-10-11,2023-10-13,CUST-0011,PROD-0025,East,Massachusetts,Boston,Furniture,Tables,519.2,2,0.6,-252.22
ORD-2023-10124,2023-10-11,2023-10-16,CUST-0028,PROD-0034,West,Oregon,Portland,Furniture,Furnishings,65.0,1,0.0,35.86
ORD-2023-10313,2023-10-11,2023-10-14,CUST-0069,PROD-0025,West,California,San Diego,Furniture,Tables,1557.6,3,0.2,397.37
ORD-2023-11526,2023-10-11,2023-10-13,CUST-0292,PROD-0028,West,Washington,Seattle,Furniture,Tables,2397.0,5,0.4,121.05
ORD-2023-10722,2023-10-12,2023-10-13,CUST-0140,PROD-0060,East,Pennsylvania,Philadelphia,Office Supplies,Fasteners,28.0,2,0.0,10.15
ORD-2023-10981,2023-10-12,2023-10-14,CUST-0181,PROD-0008,West,Arizona,Phoenix,Technology,Laptops,1899.0,1,0.0,794.39
ORD-2023-12243,2023-10-12,2023-10-17,CUST-0416,PROD-0019,South,Virginia,Richmond,Technology,Copiers & Printers,329.0,1,0.0,142.85
ORD-2023-13704,2023-10-12,2023-10-13,CUST-0688,PROD-0046,Central,Texas,San Antonio,Office Supplies,Paper,61.2,2,0.1,22.67
ORD-2023-10126,2023-10-13,2023-10-18,CUST-0028,PROD-0025,West,Oregon,Portland,Furniture,Tables,616.55,1,0.05,229.64
ORD-2023-12027,2023-10-13,2023-10-15,CUST-0382,PROD-0016,West,Washington,Seattle,Technology,Copiers & Printers,3228.1,2,0.05,1420.31
ORD-2023-13203,2023-10-13,2023-10-16,CUST-0593,PROD-0002,South,Florida,Tampa,Technology,Phones,809.1,1,0.1,282.98
ORD-2023-11455,2023-10-14,2023-10-18,CUST-0276,PROD-0040,West,Colorado,Denver,Office Supplies,Storage,69.0,1,0.0,37.68
ORD-2023-11944,2023-10-14,2023-10-16,CUST-0365,PROD-0035,East,Pennsylvania,Philadelphia,Furniture,Furnishings,75.0,1,0.0,40.97
ORD-2023-12423,2023-10-15,2023-10-19,CUST-0444,PROD-0016,East,Pennsylvania,Pittsburgh,Technology,Copiers & Printers,3398.0,2,0.0,1590.04
ORD-2023-14252,2023-10-15,2023-10-18,CUST-0804,PROD-0049,West,Oregon,Portland,Office Supplies,Paper,66.0,3,0.0,26.66
ORD-2023-14260,2023-10-15,2023-10-17,CUST-0806,PROD-0028,West,California,San Diego,Furniture,Tables,1358.3,2,0.15,449.86
ORD-2023-11164,2023-10-16,2023-10-21,CUST-0218,PROD-0006,South,Florida,Orlando,Technology,Laptops,2598.0,2,0.0,1090.24
ORD-2023-10035,2023-10-17,2023-10-19,CUST-0007,PROD-0056,Central,Minnesota,Minneapolis,office supplies,Appliances,206.1,1,0.1,89.55
ORD-2023-10791,2023-10-17,2023-10-19,CUST-0150,PROD-0037,West,Arizona,Phoenix,Furniture,Furnishings,798.0,4,0.05,413.53
ORD-2023-11397,2023-10-17,2023-10-18,CUST-0264,PROD-0056,Central,Texas,Houston,Office Supplies,Appliances,206.1,1,0.1,89.5
ORD-2023-13201,2023-10-17,2023-10-20,CUST-0592,PROD-0027,Central,Ohio,Columbus,Furniture,Tables,166.8,2,0.4,4.47
ORD-2023-10128,2023-10-18,2023-10-23,CUST-0028,PROD-0020,West,Oregon,Portland,Furniture,Chairs,349.0,1,0.0,185.37
ORD-2023-10274,2023-10-19,2023-10-20,CUST-0063,PROD-0002,West,Washington,Seattle,Technology,Phones,1798.0,2,0.0,749.1
ORD-2023-11369,2023-10-19,2023-10-22,CUST-0258,PROD-0014,Central,Michigan,Detroit,Technology,Accessories,707.75,5,0.05,398.42
ORD-2023-11991,2023-10-19,2023-10-23,CUST-0377,PROD-0002,West,Nevada,Las Vegas,Technology,Phones,1708.1,2,0.05,658.95
ORD-2023-12864,2023-10-19,2023-10-21,CUST-0519,PROD-0056,Central,Texas,Dallas,Office Supplies,Appliances,217.55,1,0.05,103.81
ORD-2023-13267,2023-10-19,2023-10-21,CUST-0602,PROD-0021,West,California,Los Angeles,Furniture,Chairs,758.1,2,0.05,364.84
ORD-2023-11801,2023-10-20,2023-10-21,CUST-0339,PROD-0021,East,Pennsylvania,Philadelphia,Furniture,Chairs,379.05,1,0.05,183.66
ORD-2023-12383,2023-10-20,2023-10-25,CUST-0435,PROD-0036,Central,Texas,San Antonio,Furniture,Furnishings,147.0,3,0.0,72.22
ORD-2023-13034,2023-10-20,2023-10-23,CUST-0560,PROD-0032,East,Pennsylvania,Pittsburgh,Furniture,Bookcases,638.0,2,0.0,308.5
ORD-2023-14149,2023-10-20,2023-10-23,CUST-0778,PROD-0029,West,Washington,Spokane,Furniture,Tables,319.0,1,0.0,134.58
ORD-2023-10157,2023-10-21,2023-10-22,CUST-0033,PROD-0041,West,Arizona,Phoenix,Office Supplies,Storage,93.6,3,0.2,37.11
ORD-2023-10321,2023-10-21,2023-10-24,CUST-0070,PROD-0023,Central,Illinois,Chicago,Furniture,Chairs,224.1,1,0.1,98.91
ORD-2023-10723,2023-10-22,2023-10-27,CUST-0140,PROD-0047,East,Pennsylvania,Philadelphia,Office Supplies,Paper,86.4,4,0.1,31.68
ORD-2023-13708,2023-10-22,2023-10-28,CUST-0689,PROD-0040,West,Nevada,Las Vegas,Office Supplies,Storage,69.0,1,0.0,37.06
ORD-2023-13970,2023-10-22,2023-10-26,CUST-0745,PROD-0033,East,New Jersey,Newark,Furniture,Bookcases,338.0,2,0.0,154.34
ORD-2023-10904,2023-10-23,2023-10-27,CUST-0166,PROD-0020,West,Washington,Seattle,Furniture,Chairs,349.0,1,0.0,183.09
ORD-2023-11197,2023-10-23,2023-10-28,CUST-0227,PROD-0047,South,North Carolina,Charlotte,Office Supplies,Paper,21.6,1,0.1,6.91
ORD-2023-13167,2023-10-23,2023-10-28,CUST-0586,PROD-0003,South ,Florida,Orlando,Technology,Phones,798.0,2,0.0,345.71
ORD-2023-13840,2023-10-24,2023-10-26,CUST-0713,PROD-0010,South,Tennessee,Nashville,Technology,Laptops,1449.0,1,0.0,595.65
ORD-2023-11978,2023-10-25,2023-10-27,CUST-0373,PROD-0007,East,New York,New York City,Technology,Laptops,4995.0,5,0.0,2073.34
ORD-2023-10382,2023-10-26,2023-10-29,CUST-0080,PROD-0001,East,Massachusetts,Boston,Technology,Phones,1198.5,2,0.25,286.06
ORD-2023-11009,2023-10-26,2023-10-28,CUST-0189,PROD-0042,South,Virginia,Richmond,Office Supplies,Art,49.0,1,0.0,24.21
ORD-2023-11283,2023-10-27,2023-10-30,CUST-0240,PROD-0014,West,Nevada,Las Vegas,Technology,Accessories,298.0,2,0.0,181.41
ORD-2023-13566,2023-10-27,2023-10-29,CUST-0658,PROD-0010,Central,Ohio,Columbus,Technology,Laptops,2898.0,2,0.0,1188.94
ORD-2023-10711,2023-10-28,2023-11-02,CUST-0138,PROD-0034,South,Virginia,Richmond,Furniture,Furnishings,65.0,1,0.0,35.11
ORD-2023-10740,2023-10-28,2023-10-29,CUST-0142,PROD-0027,West,California,San Francisco,Furniture,Tables,250.2,3,0.4,6.68
ORD-2023-12319,2023-10-29,2023-11-01,CUST-0425,PROD-0041,East,Pennsylvania,Philadelphia,Office Supplies,Storage,15.6,1,0.6,-2.49
ORD-2023-12469,2023-10-30,2023-11-01,CUST-0454,PROD-0018,South,Florida,Orlando,Technology,Copiers & Printers,358.2,2,0.1,126.53
ORD-2023-10619,2023-10-31,2023-11-02,CUST-0123,PROD-0024,West,California,San Diego,Furniture,Chairs,299.0,1,0.0,153.16
ORD-2023-10961,2023-10-31,2023-11-02,CUST-0177,PROD-0019,West,Washington,Spokane,Technology,Copiers & Printers,1480.5,5,0.1,550.92
ORD-2023-12670,2023-10-31,2023-11-02,CUST-0487,PROD-0025,South,Florida,Orlando,Furniture,Tables,908.6,2,0.3,135.24
ORD-2023-13783,2023-10-31,2023-11-02,CUST-0703,PROD-0038,East,Massachusetts,Boston,Office Supplies,Storage,378.0,2,0.0,174.24
ORD-2023-10854,2023-11-01,2023-11-05,CUST-0160,PROD-0029,East,Pennsylvania,Pittsburgh,Furniture,Tables,446.6,2,0.3,74.9
ORD-2023-11165,2023-11-01,2023-11-04,CUST-0218,PROD-0059,South,Florida,Orlando,Office Supplies,Fasteners,6.6,1,0.4,-1.05
ORD-2023-12457,2023-11-01,2023-11-03,CUST-0453,PROD-0009,West,California,San Jose,Technology,Laptops,1235.25,3,0.25,264.17
ORD-2023-13854,2023-11-01,2023-11-06,CUST-0718,PROD-0015,East,Massachusetts,Boston,Technology,Accessories,160.2,2,0.1,78.3
ORD-2023-13929,2023-11-01,2023-11-06,CUST-0735,PROD-0011,South,Florida,Miami,Technology,Accessories,116.1,1,0.1,67.6
ORD-2023-13059,2023-11-02,2023-11-04,CUST-0565,PROD-0015,West,Washington,Spokane,Technology,Accessories,178.0,2,0.0,97.93
ORD-2023-14455,2023-11-02,2023-11-04,CUST-0848,PROD-0028,Central,Texas,San Antonio,Furniture,Tables,1518.1,2,0.05,611.25
ORD-2023-10894,2023-11-03,2023-11-04,CUST-0164,PROD-0020,East,Massachusetts,Boston,Furniture,Chairs,349.0,1,0.0,183.66
ORD-2023-13816,2023-11-03,2023-11-05,CUST-0710,PROD-0008,Central,Illinois,Chicago,Technology,Laptops,1899.0,1,0.0,794.52
ORD-2023-14177,2023-11-03,2023-11-06,CUST-0784,PROD-0023,West,California,San Diego,Furniture,Chairs,498.0,2,0.0,246.57
ORD-2023-10610,2023-11-04,2023-11-07,CUST-0122,PROD-0055,Central,Ohio,Columbus,Office Supplies,Appliances,139.0,1,0.0,70.35
ORD-2023-11058,2023-11-04,2023-11-07,CUST-0195,PROD-0053,South ,Georgia,Atlanta,Office Supplies,Binders,34.2,3,0.05,7.56
ORD-2023-13193,2023-11-04,2023-11-06,CUST-0591,PROD-0028,West,California,Los Angeles,Furniture,Tables,1598.0,2,0.0,687.21
ORD-2023-13719,2023-11-04,2023-11-07,CUST-0691,PROD-0024,Central,Michigan,Detroit,Furniture,Chairs,1196.0,4,0.0,612.02
ORD-2023-10069,2023-11-05,2023-11-07,CUST-0016,PROD-0058,East,Massachusetts,Boston,Office Supplies,Fasteners,82.65,3,0.05,29.0
ORD-2023-10889,2023-11-05,2023-11-07,CUST-0164,PROD-0015,East,Massachusetts,Boston,Technology,Accessories,84.55,1,0.05,43.63
ORD-2023-12311,2023-11-05,2023-11-10,CUST-0423,PROD-0042,South,Tennessee,Nashville,Office Supplies,Art,98.0,2,0.0,54.72
ORD-2023-13168,2023-11-05,2023-11-06,CUST-0586,PROD-0012,South,Florida,Orlando,Technology,Accessories,56.05,1,0.05,32.56
ORD-2023-14313,2023-11-05,2023-11-07,CUST-0819,PROD-0016,Central,Minnesota,Minneapolis,Technology,Copiers & Printers,6796.0,4,0.0,3170.99
ORD-2023-12192,2023-11-06,2023-11-11,CUST-0406,PROD-0001,East,Massachusetts,Boston,Technology,Phones,2277.15,3,0.05,912.99
ORD-2023-14251,2023-11-06,2023-11-11,CUST-0804,PROD-0057,West,Oregon,Portland,Office Supplies,Appliances,72.0,2,0.2,25.88
ORD-2023-10428,2023-11-07,2023-11-08,CUST-0087,PROD-0001,South,Florida,Tampa,Technology,Phones,1598.0,2,0.0,685.68
ORD-2023-12375,2023-11-07,2023-11-09,CUST-0435,PROD-0054,Central,Texas,San Antonio,Office Supplies,Appliances,284.05,1,0.05,137.13
ORD-2023-13964,2023-11-07,2023-11-08,CUST-0744,PROD-0030,West,California,San Francisco,Furniture,Bookcases,229.0,1,0.0,114.55
ORD-2023-14330,2023-11-07,2023-11-10,CUST-0822,PROD-0035,South,Virginia,Richmond,Furniture,Furnishings,142.5,2,0.05,69.37
ORD-2023-13486,2023-11-08,2023-11-13,CUST-0642,PROD-0042,South,Florida,Miami,Office Supplies,Art,49.0,1,0.0,24.65
ORD-2023-12367,2023-11-09,2023-11-12,CUST-0433,PROD-0039,Central,Illinois,Chicago,Office Supplies,Storage,27.2,1,0.15,10.27
ORD-2023-12445,2023-11-09,2023-11-11,CUST-0452,PROD-0054,West,Washington,Seattle,Office Supplies,Appliances,598.0,2,0.0,307.72
ORD-2023-12427,2023-11-10,2023-11-12,CUST-0445,PROD-0041,Central,Ohio,Cleveland,Office Supplies,Storage,70.2,2,0.1,27.95
ORD-2023-13250,2023-11-10,2023-11-14,CUST-0598,PROD-0008,Central,Texas,Austin,Technology,Laptops,1899.0,1,0.0,795.75
ORD-2023-13573,2023-11-10,2023-11-11,CUST-0659,PROD-0023,West,Colorado,Denver,Furniture,Chairs,473.1,2,0.05,222.83
ORD-2023-13942,2023-11-10,2023-11-13,CUST-0738,PROD-0005,South,Virginia,Richmond,Technology,Phones,2707.5,3,0.05,886.51
ORD-2023-12294,2023-11-11,2023-11-13,CUST-0421,PROD-0026,Central,Texas,Houston,Furniture,Tables,3792.4,8,0.05,1522.41
ORD-2023-12339,2023-11-11,2023-11-14,CUST-0427,PROD-0031,West,California,San Diego,Furniture,Bookcases,84.15,1,0.15,34.87
ORD-2023-13529,2023-11-11,2023-11-12,CUST-0649,PROD-0042,Central,Texas,Austin,Office Supplies,Art,196.0,5,0.2,76.14
ORD-2023-14409,2023-11-11,2023-11-13,CUST-0839,PROD-0046,South,Virginia,Richmond,Office Supplies,Paper,68.0,2,0.0,29.0
ORD-2023-10857,2023-11-12,2023-11-14,CUST-0160,PROD-0004,East,Pennsylvania,Pittsburgh,Technology,Phones,4176.2,4,0.05,1440.16
ORD-2023-12663,2023-11-13,2023-11-19,CUST-0485,PROD-0003,Central,Texas,San Antonio,Technology,Phones,379.05,1,0.05,154.24
ORD-2023-13054,2023-11-13,2023-11-15,CUST-0565,PROD-0040,West,Washington,Spokane,Office Supplies,Storage,69.0,1,0.0,34.03
ORD-2023-13780,2023-11-13,2023-11-16,CUST-0703,PROD-0005,East,Massachusetts,Boston,Technology,Phones,950.0,1,0.0,345.06
ORD-2023-11109,2023-11-14,2023-11-15,CUST-0206,PROD-0039,West,Nevada,Las Vegas,Office Supplies,Storage,57.6,2,0.1,24.67
ORD-2023-11287,2023-11-14,2023-11-16,CUST-0240,PROD-0039,West,Nevada,Las Vegas,Office Supplies,Storage,19.2,1,0.4,4.09
ORD-2023-11473,2023-11-14,2023-11-17,CUST-0279,PROD-0052,South,North Carolina,Charlotte,Office Supplies,Binders,36.1,2,0.05,8.19
ORD-2023-12498,2023-11-14,2023-11-17,CUST-0457,PROD-0011,Central,Ohio,Columbus,Technology,Accessories,258.0,2,0.0,161.61
ORD-2023-10906,2023-11-15,2023-11-18,CUST-0166,PROD-0014,West,Washington,Seattle,Technology,Accessories,298.0,2,0.0,175.34
ORD-2023-13396,2023-11-15,2023-11-18,CUST-0625,PROD-0057,West,Washington,Seattle,Office Supplies,Appliances,180.0,5,0.2,68.61
ORD-2023-10143,2023-11-16,2023-11-21,CUST-0031,PROD-0030,Central,Ohio,Cleveland,Furniture,Bookcases,618.3,3,0.1,270.63
ORD-2023-11909,2023-11-16,2023-11-20,CUST-0360,PROD-0006,South,Virginia,Richmond,technology,Laptops,1234.05,1,0.05,479.52
ORD-2023-12459,2023-11-16,2023-11-18,CUST-0454,PROD-0006,South,Florida,Orlando,Technology,Laptops,12990.0,10,0.0,5443.94
ORD-2023-10228,2023-11-17,2023-11-20,CUST-0052,PROD-0006,South,Virginia,Richmond,technology,Laptops,2338.2,2,0.1,829.42
ORD-2023-12440,2023-11-17,2023-11-18,CUST-0451,PROD-0057,South,Florida,Miami,Office Supplies,Appliances,45.0,1,0.0,20.15
ORD-2023-13718,2023-11-17,2023-11-23,CUST-0691,PROD-0060,Central ,Michigan,Detroit,Office Supplies,Fasteners,35.7,3,0.15,0.97
ORD-2023-10470,2023-11-18,2023-11-19,CUST-0092,PROD-0007,Central,Minnesota,Minneapolis,Technology,Laptops,999.0,1,0.0,413.03
ORD-2023-11028,2023-11-18,2023-11-19,CUST-0191,PROD-0003,Central,Texas,San Antonio,Technology,Phones,399.0,1,0.0,174.48
ORD-2023-14331,2023-11-18,2023-11-21,CUST-0822,PROD-0044,South,Virginia,Richmond,Office Supplies,Art,134.3,2,0.15,59.49
ORD-2023-10150,2023-11-19,2023-11-20,CUST-0033,PROD-0042,West,Arizona,Phoenix,Office Supplies,Art,49.0,1,0.0,27.87
ORD-2023-10634,2023-11-19,2023-11-22,CUST-0124,PROD-0013,West,Nevada,Las Vegas,Technology,Accessories,69.0,1,0.0,43.34
ORD-2023-10832,2023-11-19,2023-11-21,CUST-0156,PROD-0057,East,New Jersey,Newark,Office Supplies,Appliances,135.0,3,0.0,61.95
ORD-2023-10987,2023-11-19,2023-11-23,CUST-0182,PROD-0029,East,New Jersey,Newark,Furniture,Tables,319.0,1,0.0,133.85
ORD-2023-12702,2023-11-19,2023-11-24,CUST-0493,PROD-0025,West,California,San Jose,Furniture,Tables,5192.0,8,0.0,2106.66
ORD-2023-10046,2023-11-20,2023-11-23,CUST-0009,PROD-0051,Central,Minnesota,Minneapolis,Office Supplies,Binders,17.1,1,0.05,6.02
ORD-2023-12947,2023-11-20,2023-11-22,CUST-0540,PROD-0049,Central,Texas,Dallas,Office Supplies,Paper,22.0,1,0.0,8.49
ORD-2023-13872,2023-11-21,2023-11-28,CUST-0724,PROD-0054,West,Nevada,Las Vegas,Office Supplies,Appliances,568.1,2,0.05,279.3
ORD-2023-10434,2023-11-22,2023-11-24,CUST-0087,PROD-0011,South,Florida,Tampa,Technology,Accessories,109.65,1,0.15,58.01
ORD-2023-10793,2023-11-22,2023-11-25,CUST-0150,PROD-0024,West,Arizona,Phoenix,Furniture,Chairs,358.8,2,0.4,66.09
ORD-2023-13525,2023-11-22,2023-11-24,CUST-0647,PROD-0019,South,Florida,Orlando,Technology,Copiers & Printers,3290.0,10,0.0,1429.3
ORD-2023-13710,2023-11-22,2023-11-29,CUST-0689,PROD-0018,West,Nevada,Las Vegas,Technology,Copiers & Printers,636.8,4,0.2,175.96
ORD-2023-11008,2023-11-23,2023-11-26,CUST-0189,PROD-0003,South,Virginia,Richmond,Technology,Phones,678.3,2,0.15,229.57
ORD-2023-12732,2023-11-23,2023-11-28,CUST-0499,PROD-0043,East,New York,Buffalo,Office Supplies,Art,59.0,1,0.0,28.72
ORD-2023-12751,2023-11-23,2023-11-26,CUST-0501,PROD-0037,Central,Ohio,Columbus,furniture,Furnishings,798.0,4,0.05,414.46
ORD-2023-14258,2023-11-23,2023-11-25,CUST-0806,PROD-0007,West,California,San Diego,Technology,Laptops,1998.0,2,0.0,829.17
ORD-2023-10298,2023-11-24,2023-11-27,CUST-0065,PROD-0059,Central,Texas,Austin,Office Supplies,Fasteners,18.7,2,0.15,3.78
ORD-2023-12765,2023-11-24,2023-11-29,CUST-0505,PROD-0027,South,Tennessee,Nashville,Furniture,Tables,236.3,2,0.15,79.26
ORD-2023-11278,2023-11-25,2023-12-02,CUST-0240,PROD-0002,West,Nevada,Las Vegas,Technology,Phones,1798.0,2,0.0,748.68
ORD-2023-11396,2023-11-25,2023-11-28,CUST-0264,PROD-0029,Central,Texas,Houston,Furniture,Tables,478.5,3,0.5,-75.67
ORD-2023-11469,2023-11-25,2023-11-27,CUST-0278,PROD-0055,Central,Ohio,Columbus,Office Supplies,Appliances,139.0,1,0.0,70.86
ORD-2023-10916,2023-11-26,2023-11-29,CUST-0168,PROD-0036,South,Florida,Miami,Furniture,Furnishings,139.65,3,0.05,61.07
ORD-2023-12084,2023-11-26,2023-11-27,CUST-0391,PROD-0052,South,North Carolina,Charlotte,Office Supplies,Binders,16.15,1,0.15,6.12
ORD-2023-12883,2023-11-26,2023-11-30,CUST-0523,PROD-0049,West,Washington,Spokane,Office Supplies,Paper,66.0,3,0.0,32.69
ORD-2023-13271,2023-11-26,2023-11-28,CUST-0604,PROD-0060,Central,Michigan,Detroit,Office Supplies,Fasteners,42.0,3,0.0,8.89
ORD-2023-13615,2023-11-26,2023-11-28,CUST-0668,PROD-0024,South,Georgia,Atlanta,Furniture,Chairs,598.0,2,0.0,307.22
ORD-2023-14444,2023-11-27,2023-11-29,CUST-0846,PROD-0028,East,Pennsylvania,Pittsburgh,Furniture,Tables,479.4,1,0.4,23.16
ORD-2023-10755,2023-11-28,2023-12-01,CUST-0146,PROD-0012,East,Pennsylvania,Philadelphia,Technology,Accessories,106.2,2,0.1,59.56
ORD-2023-10912,2023-11-28,2023-12-01,CUST-0168,PROD-0048,South,Florida,Miami,Office Supplies,Paper,23.8,1,0.15,6.18
ORD-2023-10986,2023-11-28,2023-12-04,CUST-0182,PROD-0007,East,New Jersey,Newark,Technology,Laptops,3396.6,4,0.15,1055.0
ORD-2023-11708,2023-11-28,2023-11-30,CUST-0322,PROD-0022,West,California,San Francisco,Furniture,Chairs,1040.25,5,0.05,531.67
ORD-2023-12641,2023-11-28,2023-12-02,CUST-0483,PROD-0027,Central,Texas,Austin,Furniture,Tables,291.9,3,0.3,49.11
ORD-2023-10976,2023-11-29,2023-12-01,CUST-0181,PROD-0038,West,Arizona,Phoenix,Office Supplies,Storage,94.5,1,0.5,-4.19
ORD-2023-10980,2023-11-29,2023-12-01,CUST-0181,PROD-0008,West,Arizona,Phoenix,Technology,Laptops,5697.0,3,0.0,2387.24
ORD-2023-13855,2023-11-29,2023-12-01,CUST-0718,PROD-0057,East,Massachusetts,Boston,Office Supplies,Appliances,90.0,2,0.0,44.13
ORD-2023-10921,2023-11-30,2023-12-02,CUST-0168,PROD-0015,South,Florida,Miami,Technology,Accessories,178.0,2,0.0,100.69
ORD-2023-12298,2023-12-01,2023-12-05,CUST-0422,PROD-0022,East,Massachusetts,Boston,Furniture,Chairs,416.1,2,0.05,215.53
ORD-2023-12614,2023-12-01,2023-12-03,CUST-0475,PROD-0010,Central,Illinois,Chicago,Technology,Laptops,7245.0,5,0.0,2964.36
ORD-2023-13489,2023-12-02,2023-12-04,CUST-0642,PROD-0031,South,Florida,Miami,Furniture,Bookcases,198.0,2,0.0,95.97
ORD-2023-13734,2023-12-02,2023-12-05,CUST-0694,PROD-0006,Central,Texas,Dallas,Technology,Laptops,4676.4,4,0.1,1659.19
ORD-2023-14387,2023-12-02,2023-12-03,CUST-0836,PROD-0007,South,Florida,Miami,Technology,Laptops,2997.0,3,0.0,1247.99
ORD-2023-10097,2023-12-03,2023-12-06,CUST-0022,PROD-0021,West,Colorado,Denver,Furniture,Chairs,1197.0,3,0.0,608.02
ORD-2023-10741,2023-12-03,2023-12-04,CUST-0142,PROD-0009,West,California,San Francisco,Technology,Laptops,549.0,1,0.0,224.74
ORD-2023-13890,2023-12-03,2023-12-06,CUST-0729,PROD-0008,Central,Texas,San Antonio,Technology,Laptops,1804.05,1,0.05,699.05
ORD-2023-10433,2023-12-04,2023-12-06,CUST-0087,PROD-0045,South,Florida,Tampa,Office Supplies,Art,836.0,8,0.05,441.4
ORD-2023-10477,2023-12-04,2023-12-07,CUST-0095,PROD-0001,South,Tennessee,Nashville,Technology,Phones,799.0,1,0.0,345.74
ORD-2023-10892,2023-12-05,2023-12-06,CUST-0164,PROD-0037,East,Massachusetts,Boston,Furniture,Furnishings,420.0,2,0.0,227.62
ORD-2023-10897,2023-12-05,2023-12-08,CUST-0165,PROD-0049,East,Massachusetts,Boston,Office Supplies,Paper,44.0,2,0.0,15.96
ORD-2023-13505,2023-12-05,2023-12-08,CUST-0644,PROD-0031,Central,Ohio,Cleveland,Furniture,Bookcases,396.0,4,0.0,192.88
ORD-2023-13902,2023-12-05,2023-12-08,CUST-0732,PROD-0026,West,Oregon,Portland,Furniture,Tables,499.0,1,0.0,212.99
ORD-2023-14308,2023-12-05,2023-12-08,CUST-0817,PROD-0043,East,Massachusetts,Boston,Office Supplies,Art,177.0,3,0.0,91.91
ORD-2023-10211,2023-12-06,2023-12-07,CUST-0048,PROD-0032,West,California,Los Angeles,Furniture,Bookcases,271.15,1,0.15,104.42
ORD-2023-10163,2023-12-07,2023-12-09,CUST-0035,PROD-0002,East,Pennsylvania,Philadelphia,Technology,Phones,899.0,1,0.0,373.86
ORD-2023-10397,2023-12-07,2023-12-09,CUST-0082,PROD-0046,Central,Texas,Houston,Office Supplies,Paper,96.9,3,0.05,44.88
ORD-2023-10621,2023-12-07,2023-12-10,CUST-0123,PROD-0033,West,California,San Diego,Furniture,Bookcases,202.8,2,0.4,18.87
ORD-2023-11022,2023-12-07,2023-12-10,CUST-0191,PROD-0052,Central,Texas,San Antonio,Office Supplies,Binders,19.0,1,0.0,7.13
ORD-2023-12544,2023-12-07,2023-12-12,CUST-0464,PROD-0056,West,California,San Jose,Office Supplies,Appliances,458.0,2,0.0,228.94
ORD-2023-10322,2023-12-08,2023-12-12,CUST-0070,PROD-0009,Central,Illinois,Chicago,Technology,Laptops,549.0,1,0.0,224.78
ORD-2023-10977,2023-12-08,2023-12-10,CUST-0181,PROD-0046,West,Arizona,Phoenix,Office Supplies,Paper,30.6,1,0.1,13.34
ORD-2023-12744,2023-12-08,2023-12-13,CUST-0499,PROD-0023,East,New York,Buffalo,furniture,Chairs,709.65,3,0.05,331.08
ORD-2023-14100,2023-12-08,2023-12-09,CUST-0764,PROD-0047,East,Pennsylvania,Philadelphia,Office Supplies,Paper,20.4,1,0.15,6.75
ORD-2023-13856,2023-12-09,2023-12-13,CUST-0719,PROD-0038,West,Oregon,Portland,Office Supplies,Storage,567.0,3,0.0,268.47
ORD-2023-10717,2023-12-10,2023-12-12,CUST-0138,PROD-0009,South,Virginia,Richmond,Technology,Laptops,1043.1,2,0.05,394.88
ORD-2023-11582,2023-12-11,2023-12-13,CUST-0304,PROD-0055,Central,Minnesota,Minneapolis,Office Supplies,Appliances,250.2,2,0.1,113.67
ORD-2023-11650,2023-12-11,2023-12-13,CUST-0315,PROD-0041,East,New York,New York City,Office Supplies,Storage,33.15,1,0.15,11.39
ORD-2023-12890,2023-12-11,2023-12-14,CUST-0524,PROD-0001,South,Florida,Orlando,Technology,Phones,2397.0,3,0.0,1036.29
ORD-2023-13194,2023-12-11,2023-12-12,CUST-0591,PROD-0012,West,California,Los Angeles,Technology,Accessories,118.0,2,0.0,69.16
ORD-2023-10394,2023-12-12,2023-12-16,CUST-0082,PROD-0046,Central,Texas,Houston,Office Supplies,Paper,32.3,1,0.05,12.21
ORD-2023-12651,2023-12-12,2023-12-13,CUST-0484,PROD-0004,South,North Carolina,Charlotte,Technology,Phones,4176.2,4,0.05,1440.85
ORD-2023-10513,2023-12-13,2023-12-15,CUST-0100,PROD-0043,West,California,Los Angeles,Office Supplies,Art,118.0,2,0.0,56.05
ORD-2023-11450,2023-12-13,2023-12-14,CUST-0276,PROD-0029,West,Colorado,Denver,Furniture,Tables,909.15,3,0.05,356.32
ORD-2023-12162,2023-12-13,2023-12-14,CUST-0401,PROD-0055,West,Arizona,Phoenix,Office Supplies,Appliances,417.0,3,0.0,202.26
ORD-2023-12628,2023-12-13,2023-12-14,CUST-0480,PROD-0012,East,Pennsylvania,Philadelphia,Technology,Accessories,53.1,1,0.1,28.37
ORD-2023-11733,2023-12-15,2023-12-16,CUST-0327,PROD-0010,Central,Texas,Dallas,Technology,Laptops,1376.55,1,0.05,521.7
ORD-2023-11752,2023-12-15,2023-12-20,CUST-0330,PROD-0041,East,New Jersey,Newark,Office Supplies,Storage,140.4,4,0.1,64.15
ORD-2023-12662,2023-12-15,2023-12-17,CUST-0485,PROD-0021,Central,Texas,San Antonio,Furniture,Chairs,798.0,2,0.0,410.67
ORD-2023-13835,2023-12-15,2023-12-18,CUST-0712,PROD-0041,Central,Ohio,Cleveland,Office Supplies,Storage,23.4,1,0.4,3.74
ORD-2023-10928,2023-12-16,2023-12-20,CUST-0170,PROD-0012,Central,Illinois,Chicago,Technology,Accessories,118.0,2,0.0,74.75
ORD-2023-12260,2023-12-16,2023-12-17,CUST-0417,PROD-0034,Central,Texas,Houston,Furniture,Furnishings,65.0,1,0.0,36.57
ORD-2023-14263,2023-12-16,2023-12-18,CUST-0807,PROD-0021,East,New York,New York City,Furniture,Chairs,558.6,2,0.3,165.21
ORD-2023-10257,2023-12-17,2023-12-22,CUST-0059,PROD-0010,Central,Illinois,Chicago,Technology,Laptops,1376.55,1,0.05,519.65
ORD-2023-11176,2023-12-17,2023-12-22,CUST-0224,PROD-0022,Central,Ohio,Cleveland,Furniture,Chairs,131.4,1,0.4,33.07
ORD-2023-11460,2023-12-17,2023-12-19,CUST-0276,PROD-0038,West,Colorado,Denver,Office Supplies,Storage,396.9,3,0.3,96.51
ORD-2023-14348,2023-12-17,2023-12-20,CUST-0824,PROD-0053,South,Florida,Miami,Office Supplies,Binders,12.0,1,0.0,1.49
ORD-2023-12643,2023-12-18,2023-12-21,CUST-0483,PROD-0060,Central,Texas,Austin,Office Supplies,Fasteners,13.3,1,0.05,1.33
ORD-2023-12712,2023-12-18,2023-12-23,CUST-0496,PROD-0010,West,California,San Francisco,Technology,Laptops,5506.2,4,0.05,2087.76
ORD-2023-13526,2023-12-18,2023-12-24,CUST-0648,PROD-0011,West,California,Los Angeles,Technology,Accessories,129.0,1,0.0,77.5
ORD-2023-10797,2023-12-19,2023-12-22,CUST-0150,PROD-0049,West,Arizona,Phoenix,Office Supplies,Paper,66.0,3,0.0,24.09
ORD-2023-13009,2023-12-19,2023-12-23,CUST-0554,PROD-0032,South,Georgia,Atlanta,Furniture,Bookcases,1595.0,5,0.0,765.66
ORD-2023-10208,2023-12-20,2023-12-21,CUST-0048,PROD-0050,West,California,Los Angeles,Office Supplies,Binders,42.0,1,0.0,19.02
ORD-2023-11130,2023-12-20,2023-12-22,CUST-0208,PROD-0018,East,New York,New York City,Technology,Copiers & Printers,199.0,1,0.0,82.07
ORD-2023-11971,2023-12-20,2023-12-25,CUST-0372,PROD-0047,West ,California,San Jose,Office Supplies,Paper,120.0,5,0.0,53.99
ORD-2023-12988,2023-12-20,2023-12-21,CUST-0551,PROD-0053,South,Florida,Orlando,Office Supplies,Binders,10.2,1,0.15,2.91
ORD-2023-12160,2023-12-21,2023-12-24,CUST-0401,PROD-0060,West,Arizona,Phoenix,Office Supplies,Fasteners,11.2,1,0.2,2.6
ORD-2023-13098,2023-12-21,2023-12-27,CUST-0571,PROD-0021,South,Virginia,Richmond,Furniture,Chairs,399.0,1,0.0,205.2
ORD-2023-13430,2023-12-21,2023-12-23,CUST-0632,PROD-0022,South,Florida,Tampa,Furniture,Chairs,525.6,3,0.2,221.75
ORD-2023-13938,2023-12-21,2023-12-25,CUST-0737,PROD-0037,West,California,San Francisco,Furniture,Furnishings,420.0,2,0.0,226.06
ORD-2023-10591,2023-12-22,2023-12-24,CUST-0116,PROD-0010,South,North Carolina,Charlotte,Technology,Laptops,1449.0,1,0.0,592.31
ORD-2023-10633,2023-12-22,2023-12-25,CUST-0124,PROD-0017,West,Nevada,Las Vegas,Technology,Copiers & Printers,1398.0,2,0.0,628.4
ORD-2023-11027,2023-12-22,2023-12-25,CUST-0191,PROD-0040,Central,Texas,San Antonio,Office Supplies,Storage,58.65,1,0.15,25.14
ORD-2023-10237,2023-12-23,2023-12-27,CUST-0054,PROD-0041,Central,Texas,San Antonio,Office Supplies,Storage,117.0,5,0.4,15.44
ORD-2023-11800,2023-12-23,2023-12-24,CUST-0339,PROD-0041,East,Pennsylvania,Philadelphia,Office Supplies,Storage,27.3,1,0.3,9.25
ORD-2023-12760,2023-12-23,2023-12-26,CUST-0504,PROD-0059,West,California,San Diego,Office Supplies,Fasteners,17.6,2,0.2,-0.53
ORD-2023-14327,2023-12-23,2023-12-25,CUST-0822,PROD-0030,South,Virginia,Richmond,Furniture,Bookcases,687.0,3,0.0,342.3
ORD-2023-10122,2023-12-24,2023-12-27,CUST-0028,PROD-0010,West,Oregon,Portland,Technology,Laptops,5216.4,4,0.1,1804.18
ORD-2023-10486,2023-12-24,2023-12-25,CUST-0095,PROD-0056,South,Tennessee,Nashville,Office Supplies,Appliances,320.6,2,0.3,94.18
ORD-2023-11195,2023-12-24,2023-12-27,CUST-0227,PROD-0035,South,North Carolina,Charlotte,Furniture,Furnishings,150.0,2,0.0,83.07
ORD-2023-11930,2023-12-24,2023-12-26,CUST-0362,PROD-0003,Central,Texas,San Antonio,Technology,Phones,758.1,2,0.05,305.4
ORD-2023-13501,2023-12-24,2023-12-26,CUST-0643,PROD-0021,Central,Texas,Austin,Furniture,Chairs,1017.45,3,0.15,428.23
ORD-2023-11982,2023-12-25,2023-12-26,CUST-0373,PROD-0037,East,New York,New York City,Furniture,Furnishings,630.0,3,0.0,350.46
ORD-2023-12309,2023-12-25,2023-12-27,CUST-0423,PROD-0022,South,Tennessee,Nashville,Furniture,Chairs,657.0,3,0.0,355.14
ORD-2023-13992,2023-12-25,2023-12-30,CUST-0749,PROD-0031,Central,Ohio,Columbus,Furniture,Bookcases,99.0,1,0.0,47.05
ORD-2023-11875,2023-12-26,2023-12-28,CUST-0353,PROD-0042,West,Washington,Seattle,Office Supplies,Art,34.3,1,0.3,11.05
ORD-2023-12689,2023-12-26,2023-12-28,CUST-0491,PROD-0019,South,Virginia,Richmond,Technology,Copiers & Printers,263.2,1,0.2,78.77
ORD-2023-10527,2023-12-27,2023-12-28,CUST-0104,PROD-0047,South,Georgia,Atlanta,Office Supplies,Paper,96.0,4,0.0,35.43
ORD-2023-11453,2023-12-27,2023-12-28,CUST-0276,PROD-0045,West,Colorado,Denver,Office Supplies,Art,550.0,5,0.0,292.89
ORD-2023-12257,2023-12-27,2023-12-30,CUST-0417,PROD-0018,Central,Texas,Houston,Technology,Copiers & Printers,995.0,5,0.0,420.3
ORD-2023-12381,2023-12-27,2023-12-31,CUST-0435,PROD-0003,Central,Texas,San Antonio,Technology,Phones,379.05,1,0.05,155.82
ORD-2023-10102,2023-12-28,2023-12-30,CUST-0022,PROD-0003,West,Colorado,Denver,Technology,Phones,718.2,2,0.1,266.94
ORD-2023-10661,2023-12-28,2023-12-30,CUST-0129,PROD-0053,East,New Jersey,Newark,Office Supplies,Binders,33.6,4,0.3,-2.89
ORD-2023-11301,2023-12-28,2023-12-30,CUST-0243,PROD-0043,West,California,San Jose,Office Supplies,Art,94.4,2,0.2,35.2
ORD-2023-13391,2023-12-28,2023-12-31,CUST-0625,PROD-0012,West,Washington,Seattle,Technology,Accessories,50.15,1,0.15,27.58
ORD-2023-14095,2023-12-28,2024-01-04,CUST-0764,PROD-0017,East,Pennsylvania,Philadelphia,Technology,Copiers & Printers,699.0,1,0.0,314.25
ORD-2023-10765,2023-12-29,2024-01-01,CUST-0146,PROD-0059,East,Pennsylvania,Philadelphia,Office Supplies,Fasteners,10.45,1,0.05,2.53
ORD-2023-13136,2023-12-29,2024-01-02,CUST-0581,PROD-0041,East,New Jersey,Newark,Office Supplies,Storage,198.9,6,0.15,84.51
ORD-2023-11276,2023-12-30,2024-01-01,CUST-0240,PROD-0003,West,Nevada,Las Vegas,Technology,Phones,957.6,3,0.2,277.58
ORD-2023-13496,2023-12-30,2024-01-01,CUST-0643,PROD-0025,Central,Texas,Austin,Furniture,Tables,649.0,1,0.0,264.76
ORD-2023-10767,2023-12-31,2024-01-03,CUST-0146,PROD-0010,East,Pennsylvania,Philadelphia,Technology,Laptops,2753.1,2,0.05,1040.92
ORD-2024-10255,2024-01-03,2024-01-04,CUST-0059,PROD-0021,Central,Illinois,Chicago,Furniture,Chairs,798.0,2,0.0,409.04
ORD-2024-12061,2024-01-03,2024-01-07,CUST-0388,PROD-0022,East,New York,New York City,Furniture,Chairs,624.15,3,0.05,321.32
ORD-2024-12287,2024-01-03,2024-01-07,CUST-0421,PROD-0006,Central,Texas,Houston,Technology,Laptops,1299.0,1,0.0,543.81
ORD-2024-10209,2024-01-04,2024-01-05,CUST-0048,PROD-0060,West,California,Los Angeles,Office Supplies,Fasteners,14.0,1,0.0,3.42
ORD-2024-13580,2024-01-04,2024-01-10,CUST-0660,PROD-0023,West,California,San Diego,Furniture,Chairs,199.2,1,0.2,74.03
ORD-2024-13259,2024-01-05,2024-01-06,CUST-0600,PROD-0027,East,New York,New York City,Furniture,Tables,83.4,1,0.4,2.18
ORD-2024-10212,2024-01-07,2024-01-09,CUST-0048,PROD-0026,West,California,Los Angeles,Furniture,Tables,898.2,2,0.1,324.68
ORD-2024-12750,2024-01-07,2024-01-11,CUST-0500,PROD-0013,East,New Jersey,Newark,Technology,Accessories,69.0,1,0.0,40.89
ORD-2024-13588,2024-01-07,2024-01-11,CUST-0661,PROD-0016,East,New Jersey,Newark,Technology,Copiers & Printers,2888.3,2,0.15,1078.52
ORD-2024-10186,2024-01-10,2024-01-13,CUST-0039,PROD-0004,West,California,San Diego,Technology,Phones,1044.05,1,0.05,357.14
ORD-2024-10227,2024-01-10,2024-01-12,CUST-0052,PROD-0029,South,Virginia,Richmond,Furniture,Tables,191.4,1,0.4,5.96
ORD-2024-12675,2024-01-10,2024-01-15,CUST-0489,PROD-0022,Central,Michigan,Detroit,Furniture,Chairs,985.5,5,0.1,490.87
ORD-2024-11799,2024-01-11,2024-01-14,CUST-0339,PROD-0042,East,Pennsylvania,Philadelphia,Office Supplies,Art,49.0,1,0.0,26.0
ORD-2024-13610,2024-01-12,2024-01-15,CUST-0666,PROD-0011,Central,Ohio,Cleveland,Technology,Accessories,109.65,1,0.15,58.1
ORD-2024-10564,2024-01-13,2024-01-14,CUST-0109,PROD-0003,West ,Nevada,Las Vegas,Technology,Phones,399.0,1,0.0,175.42
ORD-2024-13903,2024-01-13,2024-01-17,CUST-0732,PROD-0015,West,Oregon,Portland,Technology,Accessories,89.0,1,0.0,47.54
ORD-2024-10230,2024-01-14,2024-01-16,CUST-0052,PROD-0051,South,Virginia,Richmond,Office Supplies,Binders,15.3,1,0.15,2.65
ORD-2024-10029,2024-01-15,2024-01-17,CUST-0006,PROD-0050,West,Nevada,Las Vegas,Office Supplies,Binders,71.4,2,0.15,32.33
ORD-2024-10415,2024-01-15,2024-01-20,CUST-0085,PROD-0046,South,Florida,Tampa,Office Supplies,Paper,68.0,2,0.0,26.13
ORD-2024-11341,2024-01-16,2024-01-18,CUST-0254,PROD-0006,West,Oregon,Portland,Technology,Laptops,2208.3,2,0.15,700.81
ORD-2024-14199,2024-01-16,2024-01-22,CUST-0788,PROD-0043,West,Arizona,Phoenix,Office Supplies,Art,59.0,1,0.0,30.37
ORD-2024-10019,2024-01-17,2024-01-22,CUST-0004,PROD-0051,South ,Florida,Orlando,Office Supplies,Binders,68.4,4,0.05,17.08
ORD-2024-10503,2024-01-18,2024-01-19,CUST-0097,PROD-0008,East,Massachusetts,Boston,Technology,Laptops,1899.0,1,0.0,793.66
ORD-2024-13058,2024-01-18,2024-01-20,CUST-0565,PROD-0003,West,Washington,Spokane,Technology,Phones,798.0,2,0.0,351.64
ORD-2024-14218,2024-01-18,2024-01-22,CUST-0794,PROD-0011,West,California,Los Angeles,Technology,Accessories,129.0,1,0.0,80.93
ORD-2024-10078,2024-01-20,2024-01-23,CUST-0016,PROD-0006,East,Massachusetts,Boston,Technology,Laptops,2208.3,2,0.15,699.83
ORD-2024-12818,2024-01-20,2024-01-24,CUST-0515,PROD-0019,South,Florida,Tampa,Technology,Copiers & Printers,658.0,2,0.0,287.4
ORD-2024-11351,2024-01-22,2024-01-26,CUST-0254,PROD-0006,West,Oregon,Portland,Technology,Laptops,1299.0,1,0.0,544.17
ORD-2024-11642,2024-01-23,2024-01-25,CUST-0313,PROD-0004,South,Tennessee,Nashville,Technology,Phones,934.15,1,0.15,247.51
ORD-2024-10188,2024-01-24,2024-01-29,CUST-0040,PROD-0009,South,Virginia,Richmond,Technology,Laptops,549.0,1,0.0,225.94
ORD-2024-11232,2024-01-26,2024-01-30,CUST-0232,PROD-0035,Central ,Texas,Houston,Furniture,Furnishings,75.0,1,0.0,38.17
ORD-2024-12461,2024-01-27,2024-01-29,CUST-0454,PROD-0001,South,Florida,Orlando,Technology,Phones,799.0,1,0.0,343.31
ORD-2024-12757,2024-01-28,2024-01-31,CUST-0504,PROD-0042,West,California,San Diego,Office Supplies,Art,83.3,2,0.15,38.82
ORD-2024-10787,2024-01-29,2024-02-04,CUST-0150,PROD-0058,West,Arizona,Phoenix,Office Supplies,Fasteners,87.0,3,0.0,30.37
ORD-2024-11199,2024-01-29,2024-01-31,CUST-0227,PROD-0008,South,North Carolina,Charlotte,Technology,Laptops,7596.0,4,0.0,3180.17
ORD-2024-12251,2024-01-29,2024-02-03,CUST-0416,PROD-0028,South,Virginia,Richmond,Furniture,Tables,5752.8,8,0.1,2115.28
ORD-2024-10489,2024-01-30,2024-02-03,CUST-0095,PROD-0006,South,Tennessee,Nashville,Technology,Laptops,6495.0,5,0.0,2722.45
ORD-2024-11981,2024-01-30,2024-02-01,CUST-0373,PROD-0032,East,New York,New York City,Furniture,Bookcases,319.0,1,0.0,154.01
ORD-2024-14136,2024-01-30,2024-02-02,CUST-0774,PROD-0042,South,North Carolina,Charlotte,Office Supplies,Art,46.55,1,0.05,21.96
ORD-2024-10483,2024-01-31,2024-02-02,CUST-0095,PROD-0003,South,Tennessee,Nashville,Technology,Phones,379.05,1,0.05,152.1
ORD-2024-11998,2024-01-31,2024-02-02,CUST-0378,PROD-0012,West,California,San Diego,Technology,Accessories,118.0,2,0.0,70.75
ORD-2024-13105,2024-01-31,2024-02-02,CUST-0574,PROD-0003,East,Massachusetts,Boston,Technology,Phones,339.15,1,0.15,115.65
ORD-2024-12167,2024-02-01,2024-02-02,CUST-0401,PROD-0054,West,Arizona,Phoenix,Office Supplies,Appliances,508.3,2,0.15,219.91
ORD-2024-11913,2024-02-04,2024-02-06,CUST-0360,PROD-0029,South,Virginia,Richmond,Furniture,Tables,813.45,3,0.15,254.16
ORD-2024-13765,2024-02-04,2024-02-07,CUST-0700,PROD-0053,West,California,Los Angeles,Office Supplies,Binders,60.0,5,0.0,11.86
ORD-2024-10487,2024-02-05,2024-02-07,CUST-0095,PROD-0036,South,Tennessee,Nashville,Furniture,Furnishings,117.6,3,0.2,45.76
ORD-2024-11010,2024-02-05,2024-02-07,CUST-0189,PROD-0043,South,Virginia,Richmond,Office Supplies,Art,177.0,3,0.0,90.71
ORD-2024-11958,2024-02-05,2024-02-08,CUST-0369,PROD-0018,West,Washington,Seattle,Technology,Copiers & Printers,398.0,2,0.0,165.47
ORD-2024-12870,2024-02-05,2024-02-09,CUST-0521,PROD-0039,Central,Texas,San Antonio,Office Supplies,Storage,128.0,4,0.0,55.19
ORD-2024-10501,2024-02-08,2024-02-11,CUST-0097,PROD-0013,East,Massachusetts,Boston,Technology,Accessories,138.0,2,0.0,87.12
ORD-2024-13165,2024-02-08,2024-02-11,CUST-0586,PROD-0013,South,Florida,Orlando,Technology,Accessories,62.1,1,0.1,34.21
ORD-2024-13253,2024-02-10,2024-02-12,CUST-0598,PROD-0054,Central,Texas,Austin,Office Supplies,Appliances,1495.0,5,0.0,760.24
ORD-2024-13216,2024-02-11,2024-02-13,CUST-0595,PROD-0049,South,Virginia,Richmond,Office Supplies,Paper,83.6,4,0.05,32.57
ORD-2024-10436,2024-02-12,2024-02-14,CUST-0087,PROD-0001,South,Florida,Tampa,Technology,Phones,799.0,1,0.0,345.88
ORD-2024-11832,2024-02-12,2024-02-14,CUST-0344,PROD-0015,Central,Minnesota,Minneapolis,Technology,Accessories,89.0,1,0.0,50.52
ORD-2024-12556,2024-02-12,2024-02-14,CUST-0467,PROD-0048,Central,Texas,San Antonio,Office Supplies,Paper,140.0,5,0.0,55.84
ORD-2024-10168,2024-02-13,2024-02-14,CUST-0035,PROD-0025,East,Pennsylvania,Philadelphia,Furniture,Tables,1752.3,3,0.1,603.25
ORD-2024-10602,2024-02-13,2024-02-15,CUST-0118,PROD-0048,South,Florida,Tampa,Office Supplies,Paper,19.6,1,0.3,2.78
ORD-2024-12164,2024-02-13,2024-02-16,CUST-0401,PROD-0004,West,Arizona,Phoenix,Technology,Phones,989.1,1,0.1,305.7
ORD-2024-14103,2024-02-13,2024-02-15,CUST-0765,PROD-0034,South,Tennessee,Nashville,Furniture,Furnishings,221.0,4,0.15,106.92
ORD-2024-10708,2024-02-14,2024-02-15,CUST-0138,PROD-0019,South,Virginia,Richmond,Technology,Copiers & Printers,625.1,2,0.05,252.19
ORD-2024-11810,2024-02-14,2024-02-19,CUST-0341,PROD-0035,South,Tennessee,Nashville,Furniture,Furnishings,225.0,3,0.0,117.17
ORD-2024-13146,2024-02-15,2024-02-16,CUST-0583,PROD-0017,East,Pennsylvania,Pittsburgh,Technology,Copiers & Printers,4753.2,8,0.15,1662.55
ORD-2024-10262,2024-02-16,2024-02-17,CUST-0061,PROD-0023,West,Washington,Seattle,Furniture,Chairs,174.3,1,0.3,47.8
ORD-2024-11707,2024-02-17,2024-02-19,CUST-0322,PROD-0019,West,California,San Francisco,Technology,Copiers & Printers,263.2,1,0.2,79.67
ORD-2024-12869,2024-02-17,2024-02-21,CUST-0521,PROD-0011,Central,Texas,San Antonio,Technology,Accessories,122.55,1,0.05,72.22
ORD-2024-14373,2024-02-17,2024-02-19,CUST-0832,PROD-0036,East,Massachusetts,Boston,Furniture,Furnishings,196.0,4,0.0,97.63
ORD-2024-12875,2024-02-18,2024-02-21,CUST-0521,PROD-0020,Central,Texas,San Antonio,Furniture,Chairs,698.0,2,0.0,367.79
ORD-2024-13274,2024-02-18,2024-02-22,CUST-0606,PROD-0020,West,Oregon,Portland,Furniture,Chairs,488.6,2,0.3,154.7
ORD-2024-11502,2024-02-19,2024-02-22,CUST-0286,PROD-0001,Central,Ohio,Columbus,Technology,Phones,1438.2,2,0.1,525.11
ORD-2024-12320,2024-02-20,2024-02-22,CUST-0425,PROD-0057,East,Pennsylvania,Philadelphia,Office Supplies,Appliances,36.0,1,0.2,12.61
ORD-2024-13008,2024-02-20,2024-02-22,CUST-0554,PROD-0054,South,Georgia,Atlanta,Office Supplies,Appliances,568.1,2,0.05,276.63
ORD-2024-14167,2024-02-20,2024-02-27,CUST-0780,PROD-0055,East,Pennsylvania,Philadelphia,Office Supplies,Appliances,291.9,3,0.3,83.28
ORD-2024-12026,2024-02-21,2024-02-23,CUST-0382,PROD-0026,West,Washington,Seattle,Furniture,Tables,1497.0,5,0.4,72.8
ORD-2024-12288,2024-02-21,2024-02-24,CUST-0421,PROD-0032,Central,Texas,Houston,Furniture,Bookcases,1355.75,5,0.15,528.38
ORD-2024-10445,2024-02-22,2024-02-27,CUST-0088,PROD-0029,East,Pennsylvania,Philadelphia,Furniture,Tables,1212.2,4,0.05,475.3
ORD-2024-10558,2024-02-22,2024-02-23,CUST-0107,PROD-0026,East,New Jersey,Newark,Furniture,Tables,474.05,1,0.05,190.92
ORD-2024-12382,2024-02-22,2024-02-26,CUST-0435,PROD-0033,Central,Texas,San Antonio,Furniture,Bookcases,135.2,1,0.2,43.58
ORD-2024-13442,2024-02-22,2024-02-26,CUST-0636,PROD-0019,West,California,Los Angeles,Technology,Copiers & Printers,1645.0,5,0.0,714.16
ORD-2024-10632,2024-02-24,2024-03-02,CUST-0124,PROD-0047,West,Nevada,Las Vegas,Office Supplies,Paper,64.8,3,0.1,25.0
ORD-2024-11815,2024-02-24,2024-02-25,CUST-0341,PROD-0060,South,Tennessee,Nashville,Office Supplies,Fasteners,28.0,2,0.0,4.02
ORD-2024-14253,2024-02-24,2024-02-26,CUST-0805,PROD-0060,Central,Ohio,Cleveland,Office Supplies,Fasteners,25.2,2,0.1,3.11
ORD-2024-11319,2024-02-25,2024-02-29,CUST-0247,PROD-0019,West,California,San Francisco,Technology,Copiers & Printers,526.4,2,0.2,159.64
ORD-2024-13287,2024-02-25,2024-02-28,CUST-0608,PROD-0010,West,Nevada,Las Vegas,Technology,Laptops,1449.0,1,0.0,594.65
ORD-2024-10988,2024-02-26,2024-02-29,CUST-0183,PROD-0038,South,Florida,Orlando,Office Supplies,Storage,226.8,2,0.4,26.82
ORD-2024-11674,2024-02-27,2024-03-02,CUST-0318,PROD-0029,East,New York,New York City,Furniture,Tables,255.2,1,0.2,69.85
ORD-2024-11964,2024-02-27,2024-03-01,CUST-0370,PROD-0012,Central ,Ohio,Columbus,Technology,Accessories,59.0,1,0.0,35.52
ORD-2024-10265,2024-02-28,2024-03-01,CUST-0061,PROD-0059,West,Washington,Seattle,Office Supplies,Fasteners,11.0,1,0.0,2.15
ORD-2024-11201,2024-02-28,2024-02-29,CUST-0227,PROD-0012,South,North Carolina,Charlotte,Technology,Accessories,59.0,1,0.0,34.22
ORD-2024-13636,2024-02-28,2024-03-02,CUST-0671,PROD-0016,East,New York,Buffalo,Technology,Copiers & Printers,1529.1,1,0.1,623.35
ORD-2024-10387,2024-02-29,2024-03-01,CUST-0081,PROD-0046,East,Massachusetts,Boston,Office Supplies,Paper,47.6,2,0.3,9.49
ORD-2024-12165,2024-02-29,2024-03-01,CUST-0401,PROD-0046,West,Arizona,Phoenix,Office Supplies,Paper,30.6,1,0.1,9.9
ORD-2024-10015,2024-03-01,2024-03-04,CUST-0003,PROD-0003,East,Pennsylvania,Pittsburgh,Technology,Phones,399.0,1,0.0,172.82
ORD-2024-10668,2024-03-01,2024-03-07,CUST-0129,PROD-0003,East,New Jersey,Newark,Technology,Phones,1356.6,4,0.15,463.97
ORD-2024-14365,2024-03-01,2024-03-05,CUST-0831,PROD-0038,South,Tennessee,Nashville,Office Supplies,Storage,453.6,4,0.4,45.91
ORD-2024-10514,2024-03-03,2024-03-05,CUST-0100,PROD-0031,West,California,Los Angeles,Furniture,Bookcases,396.0,5,0.2,142.69
ORD-2024-12476,2024-03-03,2024-03-04,CUST-0456,PROD-0033,Central,Minnesota,Minneapolis,Furniture,Bookcases,861.9,6,0.15,325.97
ORD-2024-10552,2024-03-04,2024-03-07,CUST-0106,PROD-0054,East,New Jersey,Newark,Office Supplies,Appliances,538.2,2,0.1,251.26
ORD-2024-12322,2024-03-04,2024-03-06,CUST-0425,PROD-0023,East,Pennsylvania,Philadelphia,Furniture,Chairs,498.0,2,0.0,245.05
ORD-2024-13482,2024-03-04,2024-03-07,CUST-0642,PROD-0013,South,Florida,Miami,Technology,Accessories,69.0,1,0.0,40.36
ORD-2024-10296,2024-03-05,2024-03-06,CUST-0065,PROD-0003,Central,Texas,Austin,Technology,Phones,399.0,1,0.0,172.76
ORD-2024-11181,2024-03-05,2024-03-06,CUST-0224,PROD-0050,Central,Ohio,Cleveland,Office Supplies,Binders,42.0,1,0.0,22.04
ORD-2024-13207,2024-03-05,2024-03-08,CUST-0594,PROD-0003,Central,Texas,Dallas,Technology,Phones,1596.0,4,0.0,698.09
ORD-2024-12425,2024-03-06,2024-03-09,CUST-0444,PROD-0039,East,Pennsylvania,Pittsburgh,Office Supplies,Storage,16.0,1,0.5,-1.44
ORD-2024-12506,2024-03-06,2024-03-08,CUST-0460,PROD-0014,Central,Minnesota,Minneapolis,Technology,Accessories,745.0,5,0.0,445.45
ORD-2024-13278,2024-03-08,2024-03-10,CUST-0607,PROD-0030,West,Arizona,Phoenix,Furniture,Bookcases,549.6,3,0.2,202.68
ORD-2024-14299,2024-03-08,2024-03-09,CUST-0816,PROD-0018,Central,Texas,San Antonio,Technology,Copiers & Printers,199.0,1,0.0,82.67
ORD-2024-10398,2024-03-09,2024-03-10,CUST-0082,PROD-0056,Central,Texas,Houston,Office Supplies,Appliances,1145.0,5,0.0,576.39
ORD-2024-13581,2024-03-09,2024-03-10,CUST-0660,PROD-0006,West,California,San Diego,Technology,Laptops,7404.3,6,0.05,2885.3
ORD-2024-10229,2024-03-10,2024-03-17,CUST-0052,PROD-0007,South,Virginia,Richmond,Technology,Laptops,1798.2,2,0.1,624.31
ORD-2024-11007,2024-03-10,2024-03-12,CUST-0189,PROD-0048,South,Virginia,Richmond,Office Supplies,Paper,26.6,1,0.05,12.44
ORD-2024-11769,2024-03-11,2024-03-13,CUST-0334,PROD-0028,Central ,Minnesota,Minneapolis,Furniture,Tables,759.05,1,0.05,305.85
ORD-2024-12238,2024-03-11,2024-03-13,CUST-0413,PROD-0056,Central,Ohio,Columbus,Office Supplies,Appliances,458.0,2,0.0,225.98
ORD-2024-13018,2024-03-11,2024-03-13,CUST-0556,PROD-0040,East,New York,New York City,Office Supplies,Storage,241.5,5,0.3,68.48
ORD-2024-13627,2024-03-12,2024-03-13,CUST-0671,PROD-0012,East,New York,Buffalo,Technology,Accessories,236.0,4,0.0,137.65
ORD-2024-10318,2024-03-13,2024-03-19,CUST-0069,PROD-0060,West,California,San Diego,Office Supplies,Fasteners,84.0,6,0.0,33.83
ORD-2024-13137,2024-03-13,2024-03-15,CUST-0582,PROD-0046,South,Florida,Tampa,Office Supplies,Paper,68.0,2,0.0,26.15
ORD-2024-13402,2024-03-13,2024-03-15,CUST-0626,PROD-0013,East,New Jersey,Newark,Technology,Accessories,69.0,1,0.0,42.02
ORD-2024-11090,2024-03-14,2024-03-17,CUST-0201,PROD-0057,West,Oregon,Portland,Office Supplies,Appliances,85.5,2,0.05,40.62
ORD-2024-12885,2024-03-15,2024-03-17,CUST-0523,PROD-0030,West,Washington,Spokane,Furniture,Bookcases,217.55,1,0.05,102.12
ORD-2024-13010,2024-03-15,2024-03-21,CUST-0554,PROD-0022,South,Georgia,Atlanta,Furniture,Chairs,186.15,1,0.15,86.59
ORD-2024-13022,2024-03-15,2024-03-17,CUST-0556,PROD-0012,East,New York,New York City,Technology,Accessories,59.0,1,0.0,36.69
ORD-2024-10082,2024-03-16,2024-03-17,CUST-0017,PROD-0053,West,California,San Diego,Office Supplies,Binders,36.0,3,0.0,11.56
ORD-2024-11997,2024-03-16,2024-03-18,CUST-0377,PROD-0055,West,Nevada,Las Vegas,Office Supplies,Appliances,472.6,4,0.15,194.54
ORD-2024-10024,2024-03-17,2024-03-20,CUST-0005,PROD-0058,West,California,Los Angeles,Office Supplies,Fasteners,27.55,1,0.05,11.24
ORD-2024-11804,2024-03-17,2024-03-19,CUST-0341,PROD-0057,South,Tennessee,Nashville,Office Supplies,Appliances,45.0,1,0.0,22.7
ORD-2024-11949,2024-03-17,2024-03-22,CUST-0367,PROD-0050,West,Washington,Spokane,Office Supplies,Binders,39.9,1,0.05,17.15
ORD-2024-13130,2024-03-17,2024-03-18,CUST-0580,PROD-0030,Central,Ohio,Columbus,Furniture,Bookcases,458.0,2,0.0,226.53
ORD-2024-13990,2024-03-17,2024-03-18,CUST-0749,PROD-0028,Central,Ohio,Columbus,Furniture,Tables,1438.2,2,0.1,528.36
ORD-2024-10047,2024-03-18,2024-03-19,CUST-0009,PROD-0028,Central,Minnesota,Minneapolis,Furniture,Tables,1518.1,2,0.05,605.26
ORD-2024-10534,2024-03-18,2024-03-21,CUST-0105,PROD-0012,East,New Jersey,Newark,Technology,Accessories,59.0,1,0.0,36.74
ORD-2024-11401,2024-03-18,2024-03-19,CUST-0265,PROD-0003,East,New York,Buffalo,Technology,Phones,718.2,2,0.1,265.82
ORD-2024-10086,2024-03-19,2024-03-20,CUST-0018,PROD-0030,Central,Texas,San Antonio,Furniture,Bookcases,435.1,2,0.05,204.12
ORD-2024-11126,2024-03-19,2024-03-21,CUST-0208,PROD-0034,East,New York,New York City,Furniture,Furnishings,58.5,1,0.1,27.0
ORD-2024-12492,2024-03-19,2024-03-22,CUST-0457,PROD-0046,Central,Ohio,Columbus,Office Supplies,Paper,47.6,2,0.3,10.51
ORD-2024-12510,2024-03-19,2024-03-22,CUST-0460,PROD-0028,Central,Minnesota,Minneapolis,Furniture,Tables,2716.6,4,0.15,901.75
ORD-2024-12166,2024-03-20,2024-03-22,CUST-0401,PROD-0056,West,Arizona,Phoenix,Office Supplies,Appliances,160.3,1,0.3,45.22
ORD-2024-11293,2024-03-21,2024-03-24,CUST-0241,PROD-0039,West,Colorado,Denver,Office Supplies,Storage,86.4,3,0.1,29.48
ORD-2024-12044,2024-03-21,2024-03-24,CUST-0384,PROD-0046,Central,Texas,San Antonio,Office Supplies,Paper,161.5,5,0.05,63.48
ORD-2024-12053,2024-03-21,2024-03-25,CUST-0385,PROD-0004,West,Oregon,Portland,Technology,Phones,3297.0,3,0.0,1237.44
ORD-2024-12473,2024-03-22,2024-03-29,CUST-0455,PROD-0057,South,Florida,Orlando,Office Supplies,Appliances,213.75,5,0.05,94.62
ORD-2024-14101,2024-03-22,2024-03-26,CUST-0765,PROD-0037,South,Tennessee,Nashville,Furniture,Furnishings,840.0,4,0.0,467.25
ORD-2024-10683,2024-03-23,2024-03-25,CUST-0131,PROD-0004,South,Florida,Tampa,Technology,Phones,2088.1,2,0.05,718.72
ORD-2024-12253,2024-03-23,2024-03-25,CUST-0416,PROD-0003,South,Virginia,Richmond,Technology,Phones,1077.3,3,0.1,404.31
ORD-2024-13382,2024-03-24,2024-03-26,CUST-0625,PROD-0045,West,Washington,Seattle,Office Supplies,Art,88.0,1,0.2,36.97
ORD-2024-10658,2024-03-25,2024-03-29,CUST-0127,PROD-0046,East,New York,New York City,Office Supplies,Paper,34.0,1,0.0,14.67
ORD-2024-13292,2024-03-25,2024-03-27,CUST-0608,PROD-0050,West,Nevada,Las Vegas,Office Supplies,Binders,420.0,10,0.0,191.15
ORD-2024-13975,2024-03-25,2024-03-29,CUST-0745,PROD-0009,East,New Jersey,Newark,Technology,Laptops,521.55,1,0.05,196.11
ORD-2024-13275,2024-03-26,2024-03-29,CUST-0606,PROD-0024,West,Oregon,Portland,Furniture,Chairs,568.1,2,0.05,281.98
ORD-2024-13817,2024-03-26,2024-03-27,CUST-0710,PROD-0043,Central,Illinois,Chicago,Office Supplies,Art,53.1,1,0.1,22.81
ORD-2024-10716,2024-03-27,2024-03-29,CUST-0138,PROD-0037,South,Virginia,Richmond,Furniture,Furnishings,199.5,1,0.05,106.36
ORD-2024-13072,2024-03-27,2024-03-30,CUST-0566,PROD-0060,West,Colorado,Denver,Office Supplies,Fasteners,14.0,1,0.0,3.11
ORD-2024-10166,2024-03-28,2024-04-01,CUST-0035,PROD-0050,East,Pennsylvania,Philadelphia,Office Supplies,Binders,42.0,1,0.0,20.98
ORD-2024-10549,2024-03-28,2024-03-31,CUST-0106,PROD-0059,East,New Jersey,Newark,Office Supplies,Fasteners,33.0,3,0.0,6.9
ORD-2024-12454,2024-03-28,2024-03-31,CUST-0453,PROD-0057,West,California,San Jose,Office Supplies,Appliances,270.0,6,0.0,132.94
ORD-2024-13935,2024-03-28,2024-04-01,CUST-0737,PROD-0029,West,California,San Francisco,Furniture,Tables,303.05,1,0.05,118.98
ORD-2024-14479,2024-03-28,2024-04-01,CUST-0850,PROD-0043,West,Oregon,Portland,Office Supplies,Art,59.0,1,0.0,28.2
ORD-2024-12699,2024-03-29,2024-03-31,CUST-0493,PROD-0038,West,California,San Jose,Office Supplies,Storage,321.3,2,0.15,125.18
ORD-2024-10066,2024-03-30,2024-04-05,CUST-0015,PROD-0022,East,New Jersey,Newark,Furniture,Chairs,208.05,1,0.05,109.21
ORD-2024-14092,2024-03-30,2024-04-01,CUST-0764,PROD-0027,East,Pennsylvania,Philadelphia,Furniture,Tables,834.0,6,0.0,351.6
ORD-2024-10562,2024-03-31,2024-04-04,CUST-0109,PROD-0056,West,Nevada,Las Vegas,Office Supplies,Appliances,206.1,1,0.1,90.43
ORD-2024-10817,2024-03-31,2024-04-05,CUST-0154,PROD-0004,West,Washington,Seattle,Technology,Phones,989.1,1,0.1,304.4
ORD-2024-11813,2024-04-02,2024-04-04,CUST-0341,PROD-0027,South,Tennessee,Nashville,Furniture,Tables,55.6,1,0.6,-24.54
ORD-2024-12701,2024-04-02,2024-04-05,CUST-0493,PROD-0010,West,California,San Jose,Technology,Laptops,1449.0,1,0.0,592.66
ORD-2024-10545,2024-04-03,2024-04-06,CUST-0106,PROD-0046,East,New Jersey,Newark,Office Supplies,Paper,34.0,1,0.0,15.48
ORD-2024-10710,2024-04-03,2024-04-05,CUST-0138,PROD-0060,South,Virginia,Richmond,Office Supplies,Fasteners,13.3,1,0.05,2.55
ORD-2024-10775,2024-04-03,2024-04-05,CUST-0147,PROD-0057,East,New York,Buffalo,Office Supplies,Appliances,90.0,2,0.0,45.72
ORD-2024-12271,2024-04-03,2024-04-08,CUST-0418,PROD-0003,South,Florida,Miami,Technology,Phones,1197.0,3,0.0,527.17
ORD-2024-10154,2024-04-04,2024-04-06,CUST-0033,PROD-0014,West,Arizona,Phoenix,Technology,Accessories,283.1,2,0.05,166.23
ORD-2024-11607,2024-04-04,2024-04-06,CUST-0309,PROD-0049,West,California,San Diego,Office Supplies,Paper,15.4,1,0.3,1.62
ORD-2024-13994,2024-04-05,2024-04-08,CUST-0749,PROD-0037,Central,Ohio,Columbus,Furniture,Furnishings,630.0,3,0.0,347.85
ORD-2024-10261,2024-04-06,2024-04-08,CUST-0061,PROD-0039,West,Washington,Seattle,Office Supplies,Storage,64.0,2,0.0,28.67
ORD-2024-12263,2024-04-06,2024-04-10,CUST-0417,PROD-0019,Central,Texas,Houston,Technology,Copiers & Printers,329.0,1,0.0,143.07
ORD-2024-11818,2024-04-08,2024-04-10,CUST-0342,PROD-0018,West,California,San Jose,Technology,Copiers & Printers,597.0,3,0.0,254.31
ORD-2024-12408,2024-04-09,2024-04-11,CUST-0441,PROD-0036,Central,Texas,Austin,Furniture,Furnishings,34.3,1,0.3,7.52
ORD-2024-11318,2024-04-10,2024-04-12,CUST-0247,PROD-0029,West,California,San Francisco,Furniture,Tables,271.15,1,0.15,86.96
ORD-2024-11205,2024-04-11,2024-04-12,CUST-0228,PROD-0029,West,California,San Diego,Furniture,Tables,271.15,1,0.15,88.08
ORD-2024-13981,2024-04-11,2024-04-18,CUST-0746,PROD-0014,East,Pennsylvania,Philadelphia,Technology,Accessories,253.3,2,0.15,135.16
ORD-2024-10167,2024-04-12,2024-04-14,CUST-0035,PROD-0056,East,Pennsylvania,Philadelphia,Office Supplies,Appliances,412.2,2,0.1,185.05
ORD-2024-11387,2024-04-12,2024-04-13,CUST-0261,PROD-0059,West,Oregon,Portland,Office Supplies,Fasteners,11.0,1,0.0,1.11
ORD-2024-12540,2024-04-12,2024-04-16,CUST-0463,PROD-0021,West,Washington,Seattle,Furniture,Chairs,798.0,2,0.0,406.97
ORD-2024-12639,2024-04-15,2024-04-18,CUST-0482,PROD-0025,Central,Texas,Dallas,Furniture,Tables,1233.1,2,0.05,461.88
ORD-2024-13752,2024-04-15,2024-04-17,CUST-0697,PROD-0025,West,Washington,Seattle,Furniture,Tables,551.65,1,0.15,167.67
ORD-2024-11824,2024-04-17,2024-04-18,CUST-0343,PROD-0007,South,Florida,Tampa,Technology,Laptops,9990.0,10,0.0,4153.56
ORD-2024-10123,2024-04-18,2024-04-20,CUST-0028,PROD-0022,West,Oregon,Portland,Furniture,Chairs,208.05,1,0.05,109.23
ORD-2024-11787,2024-04-19,2024-04-21,CUST-0335,PROD-0004,West,Washington,Seattle,Technology,Phones,1044.05,1,0.05,357.99
ORD-2024-14256,2024-04-19,2024-04-21,CUST-0805,PROD-0015,Central,Ohio,Cleveland,Technology,Accessories,338.2,4,0.05,177.54
ORD-2024-11945,2024-04-20,2024-04-25,CUST-0365,PROD-0048,East,Pennsylvania,Philadelphia,Office Supplies,Paper,75.6,3,0.1,30.66
ORD-2024-13228,2024-04-21,2024-04-23,CUST-0596,PROD-0054,South ,North Carolina,Charlotte,Office Supplies,Appliances,299.0,1,0.0,152.88
ORD-2024-10502,2024-04-22,2024-04-23,CUST-0097,PROD-0012,East,Massachusetts,Boston,Technology,Accessories,177.0,3,0.0,102.2
ORD-2024-10886,2024-04-22,2024-04-24,CUST-0163,PROD-0025,Central,Texas,Dallas,Furniture,Tables,649.0,1,0.0,262.6
ORD-2024-12181,2024-04-23,2024-04-24,CUST-0404,PROD-0010,Central,Ohio,Cleveland,Technology,Laptops,1376.55,1,0.05,522.41
ORD-2024-12596,2024-04-23,2024-04-26,CUST-0472,PROD-0029,South,Tennessee,Nashville,Furniture,Tables,319.0,1,0.0,135.8
ORD-2024-13870,2024-04-23,2024-04-24,CUST-0724,PROD-0035,West,Nevada,Las Vegas,Furniture,Furnishings,75.0,1,0.0,39.6
ORD-2024-14318,2024-04-24,2024-04-28,CUST-0820,PROD-0049,West,California,San Jose,Office Supplies,Paper,44.0,2,0.0,20.0
ORD-2024-12729,2024-04-25,2024-04-27,CUST-0498,PROD-0047,Central,Texas,Dallas,Office Supplies,Paper,72.0,3,0.0,34.9
ORD-2024-14471,2024-04-25,2024-04-27,CUST-0850,PROD-0014,West,Oregon,Portland,Technology,Accessories,141.55,1,0.05,83.54
ORD-2024-10565,2024-04-26,2024-04-27,CUST-0109,PROD-0027,West,Nevada,Las Vegas,Furniture,Tables,222.4,2,0.2,58.56
ORD-2024-11360,2024-04-27,2024-05-01,CUST-0257,PROD-0034,Central,Ohio,Cleveland,Furniture,Furnishings,130.0,2,0.0,69.04
ORD-2024-12209,2024-04-27,2024-04-28,CUST-0409,PROD-0046,West,Nevada,Las Vegas,Office Supplies,Paper,68.0,2,0.0,33.2
ORD-2024-10022,2024-04-28,2024-05-01,CUST-0004,PROD-0037,South,Florida,Orlando,Furniture,Furnishings,714.0,4,0.15,327.08
ORD-2024-11755,2024-04-28,2024-05-01,CUST-0330,PROD-0038,East,New Jersey,Newark,Office Supplies,Storage,179.55,1,0.05,80.7
ORD-2024-10155,2024-04-30,2024-05-04,CUST-0033,PROD-0017,West,Arizona,Phoenix,Technology,Copiers & Printers,1048.5,2,0.25,279.67
ORD-2024-10199,2024-05-01,2024-05-04,CUST-0045,PROD-0023,West,Oregon,Portland,Furniture,Chairs,249.0,1,0.0,122.72
ORD-2024-12277,2024-05-01,2024-05-04,CUST-0418,PROD-0017,South,Florida,Miami,Technology,Copiers & Printers,2656.2,4,0.05,1121.54
ORD-2024-10974,2024-05-02,2024-05-07,CUST-0181,PROD-0033,West,Arizona,Phoenix,Furniture,Bookcases,456.3,3,0.1,191.04
ORD-2024-11598,2024-05-02,2024-05-05,CUST-0306,PROD-0015,Central,Texas,Austin,Technology,Accessories,302.6,4,0.15,138.25
ORD-2024-12821,2024-05-02,2024-05-04,CUST-0516,PROD-0030,South,Florida,Miami,Furniture,Bookcases,217.55,1,0.05,104.36
ORD-2024-13659,2024-05-02,2024-05-04,CUST-0678,PROD-0015,East,Massachusetts,Boston,Technology,Accessories,89.0,1,0.0,50.72
ORD-2024-13770,2024-05-02,2024-05-03,CUST-0700,PROD-0035,West,California,Los Angeles,Furniture,Furnishings,71.25,1,0.05,38.15
ORD-2024-10134,2024-05-03,2024-05-07,CUST-0028,PROD-0010,West,Oregon,Portland,Technology,Laptops,3912.3,3,0.1,1342.74
ORD-2024-13538,2024-05-03,2024-05-05,CUST-0651,PROD-0038,West,Washington,Spokane,Office Supplies,Storage,113.4,1,0.4,12.84
ORD-2024-13643,2024-05-03,2024-05-06,CUST-0673,PROD-0023,South,Virginia,Richmond,Furniture,Chairs,224.1,1,0.1,99.08
ORD-2024-12366,2024-05-04,2024-05-06,CUST-0433,PROD-0015,Central,Illinois,Chicago,Technology,Accessories,169.1,2,0.05,87.97
ORD-2024-13969,2024-05-04,2024-05-08,CUST-0745,PROD-0035,East,New Jersey,Newark,Furniture,Furnishings,75.0,1,0.0,38.47
ORD-2024-12429,2024-05-05,2024-05-07,CUST-0447,PROD-0030,South,Georgia,Atlanta,Furniture,Bookcases,916.0,4,0.0,457.38
ORD-2024-12592,2024-05-05,2024-05-08,CUST-0471,PROD-0012,South,Florida,Orlando,Technology,Accessories,118.0,2,0.0,70.52
ORD-2024-12692,2024-05-05,2024-05-10,CUST-0491,PROD-0057,South,Virginia,Richmond,Office Supplies,Appliances,225.0,5,0.0,107.66
ORD-2024-13393,2024-05-05,2024-05-07,CUST-0625,PROD-0014,West,Washington,Seattle,Technology,Accessories,424.65,3,0.05,243.89
ORD-2024-12452,2024-05-06,2024-05-09,CUST-0453,PROD-0034,West,California,San Jose,Furniture,Furnishings,195.0,3,0.0,108.99
ORD-2024-13360,2024-05-06,2024-05-09,CUST-0621,PROD-0039,West,California,San Jose,Office Supplies,Storage,86.4,3,0.1,33.25
ORD-2024-13915,2024-05-06,2024-05-08,CUST-0734,PROD-0042,South,Tennessee,Nashville,Office Supplies,Art,186.2,4,0.05,94.03
ORD-2024-11919,2024-05-07,2024-05-09,CUST-0360,PROD-0018,South,Virginia,Richmond,Technology,Copiers & Printers,199.0,1,0.0,85.12
ORD-2024-12110,2024-05-07,2024-05-11,CUST-0394,PROD-0009,Central,Ohio,Cleveland,Technology,Laptops,521.55,1,0.05,197.67
ORD-2024-12593,2024-05-07,2024-05-09,CUST-0471,PROD-0046,South,Florida,Orlando,Office Supplies,Paper,68.0,2,0.0,28.21
ORD-2024-10613,2024-05-08,2024-05-10,CUST-0122,PROD-0023,Central,Ohio,Columbus,Furniture,Chairs,1344.6,6,0.1,604.26
ORD-2024-14185,2024-05-08,2024-05-12,CUST-0786,PROD-0031,South,Virginia,Richmond,Furniture,Bookcases,94.05,1,0.05,45.65
ORD-2024-13839,2024-05-10,2024-05-14,CUST-0712,PROD-0019,Central,Ohio,Cleveland,Technology,Copiers & Printers,658.0,2,0.0,288.51
ORD-2024-13904,2024-05-10,2024-05-11,CUST-0732,PROD-0021,West,Oregon,Portland,Furniture,Chairs,798.0,2,0.0,411.23
ORD-2024-11432,2024-05-11,2024-05-12,CUST-0272,PROD-0036,West,Colorado,Denver,Furniture,Furnishings,49.0,1,0.0,25.36
ORD-2024-11532,2024-05-11,2024-05-15,CUST-0292,PROD-0005,West,Washington,Seattle,Technology,Phones,855.0,1,0.1,249.71
ORD-2024-12254,2024-05-11,2024-05-13,CUST-0416,PROD-0042,South,Virginia,Richmond,Office Supplies,Art,93.1,2,0.05,47.72
ORD-2024-12268,2024-05-11,2024-05-15,CUST-0418,PROD-0019,South,Florida,Miami,Technology,Copiers & Printers,1233.75,5,0.25,311.15
ORD-2024-11282,2024-05-14,2024-05-16,CUST-0240,PROD-0031,West,Nevada,Las Vegas,Furniture,Bookcases,99.0,1,0.0,50.44
ORD-2024-12666,2024-05-14,2024-05-17,CUST-0487,PROD-0050,South,Florida,Orlando,Office Supplies,Binders,39.9,1,0.05,20.77
ORD-2024-13774,2024-05-14,2024-05-17,CUST-0702,PROD-0058,Central,Minnesota,Minneapolis,Office Supplies,Fasteners,58.0,2,0.0,27.92
ORD-2024-13859,2024-05-14,2024-05-18,CUST-0719,PROD-0045,West,Oregon,Portland,Office Supplies,Art,77.0,1,0.3,27.29
ORD-2024-14071,2024-05-14,2024-05-17,CUST-0760,PROD-0046,Central,Texas,San Antonio,Office Supplies,Paper,64.6,2,0.05,28.53
ORD-2024-14090,2024-05-14,2024-05-17,CUST-0764,PROD-0003,East,Pennsylvania,Philadelphia,Technology,Phones,359.1,1,0.1,134.19
ORD-2024-10190,2024-05-15,2024-05-17,CUST-0041,PROD-0053,South,Tennessee,Nashville,Office Supplies,Binders,24.0,2,0.0,8.51
ORD-2024-12113,2024-05-15,2024-05-16,CUST-0395,PROD-0011,East,Pennsylvania,Philadelphia,Technology,Accessories,116.1,1,0.1,66.7
ORD-2024-13897,2024-05-15,2024-05-16,CUST-0732,PROD-0026,West,Oregon,Portland,Furniture,Tables,1197.6,3,0.2,338.12
ORD-2024-11266,2024-05-16,2024-05-18,CUST-0237,PROD-0027,East,New Jersey,Newark,Furniture,Tables,417.0,3,0.0,174.33
ORD-2024-12973,2024-05-17,2024-05-19,CUST-0548,PROD-0050,West,Oregon,Portland,Office Supplies,Binders,168.0,4,0.0,83.55
ORD-2024-13896,2024-05-17,2024-05-19,CUST-0732,PROD-0054,West,Oregon,Portland,Office Supplies,Appliances,299.0,1,0.0,155.75
ORD-2024-14368,2024-05-17,2024-05-18,CUST-0831,PROD-0013,South,Tennessee,Nashville,Technology,Accessories,207.0,3,0.0,129.84
ORD-2024-14357,2024-05-18,2024-05-23,CUST-0827,PROD-0044,South,Florida,Orlando,Office Supplies,Art,71.1,1,0.1,33.27
ORD-2024-10920,2024-05-19,2024-05-20,CUST-0168,PROD-0020,South,Florida,Miami,Furniture,Chairs,349.0,1,0.0,183.59
ORD-2024-13595,2024-05-19,2024-05-21,CUST-0664,PROD-0054,South,North Carolina,Charlotte,Office Supplies,Appliances,1420.25,5,0.05,704.28
ORD-2024-11597,2024-05-20,2024-05-23,CUST-0306,PROD-0035,Central,Texas,Austin,Furniture,Furnishings,75.0,1,0.0,38.83
ORD-2024-12038,2024-05-20,2024-05-21,CUST-0384,PROD-0046,Central,Texas,San Antonio,Office Supplies,Paper,28.9,1,0.15,9.25
ORD-2024-10798,2024-05-21,2024-05-24,CUST-0150,PROD-0026,West,Arizona,Phoenix,Furniture,Tables,424.15,1,0.15,139.9
ORD-2024-14007,2024-05-21,2024-05-22,CUST-0750,PROD-0005,West,Washington,Spokane,Technology,Phones,2850.0,3,0.0,1031.33
ORD-2024-14241,2024-05-21,2024-05-26,CUST-0801,PROD-0009,West,Washington,Spokane,Technology,Laptops,1564.65,3,0.05,588.53
ORD-2024-11620,2024-05-22,2024-05-26,CUST-0310,PROD-0054,West,Nevada,Las Vegas,Office Supplies,Appliances,568.1,2,0.05,280.93
ORD-2024-12926,2024-05-22,2024-05-25,CUST-0535,PROD-0008,East,New York,Buffalo,Technology,Laptops,3798.0,2,0.0,1590.62
ORD-2024-13945,2024-05-23,2024-05-24,CUST-0739,PROD-0035,South,Georgia,Atlanta,Furniture,Furnishings,127.5,2,0.15,54.33
ORD-2024-13148,2024-05-24,2024-05-25,CUST-0584,PROD-0026,East,New York,New York City,Furniture,Tables,199.6,1,0.6,-86.6
ORD-2024-11610,2024-05-25,2024-05-26,CUST-0309,PROD-0011,West,California,San Diego,Technology,Accessories,129.0,1,0.0,77.63
ORD-2024-11645,2024-05-25,2024-05-27,CUST-0314,PROD-0011,Central,Texas,Dallas,Technology,Accessories,258.0,2,0.0,161.58
ORD-2024-14295,2024-05-25,2024-05-28,CUST-0816,PROD-0044,Central,Texas,San Antonio,Office Supplies,Art,71.1,1,0.1,32.77
ORD-2024-11538,2024-05-26,2024-05-28,CUST-0293,PROD-0012,Central,Ohio,Cleveland,Technology,Accessories,59.0,1,0.0,36.15
ORD-2024-14425,2024-05-26,2024-05-30,CUST-0843,PROD-0013,East,New Jersey,Newark,Technology,Accessories,69.0,1,0.0,40.06
ORD-2024-11239,2024-05-27,2024-05-29,CUST-0233,PROD-0048,South,Georgia,Atlanta,Office Supplies,Paper,28.0,1,0.0,10.69
ORD-2024-11809,2024-05-27,2024-06-01,CUST-0341,PROD-0037,South,Tennessee,Nashville,Furniture,Furnishings,504.0,3,0.2,219.87
ORD-2024-14193,2024-05-27,2024-05-30,CUST-0788,PROD-0024,West,Arizona,Phoenix,Furniture,Chairs,299.0,1,0.0,153.29
ORD-2024-11133,2024-05-28,2024-06-03,CUST-0209,PROD-0047,Central,Texas,Austin,Office Supplies,Paper,24.0,1,0.0,11.08
ORD-2024-13918,2024-05-28,2024-05-29,CUST-0735,PROD-0001,South,Florida,Miami,Technology,Phones,2277.15,3,0.05,915.58
ORD-2024-10077,2024-05-29,2024-05-30,CUST-0016,PROD-0005,East,Massachusetts,Boston,Technology,Phones,4750.0,5,0.0,1733.92
ORD-2024-11636,2024-05-29,2024-06-02,CUST-0311,PROD-0004,West,California,San Diego,Technology,Phones,1099.0,1,0.0,412.83
ORD-2024-11893,2024-05-29,2024-05-31,CUST-0356,PROD-0022,Central,Ohio,Cleveland,Furniture,Chairs,219.0,1,0.0,119.92
ORD-2024-12612,2024-05-29,2024-06-01,CUST-0475,PROD-0002,Central,Illinois,Chicago,Technology,Phones,1798.0,2,0.0,748.23
ORD-2024-12467,2024-05-30,2024-06-02,CUST-0454,PROD-0026,South,Florida,Orlando,Furniture,Tables,898.2,2,0.1,328.17
ORD-2024-13397,2024-05-30,2024-05-31,CUST-0626,PROD-0038,East,New Jersey,Newark,Office Supplies,Storage,189.0,1,0.0,89.31
ORD-2024-10235,2024-05-31,2024-06-03,CUST-0054,PROD-0041,Central,Texas,San Antonio,Office Supplies,Storage,37.05,1,0.05,17.71
ORD-2024-10291,2024-05-31,2024-06-03,CUST-0065,PROD-0007,Central,Texas,Austin,Technology,Laptops,2847.15,3,0.05,1091.91
ORD-2024-10362,2024-05-31,2024-06-02,CUST-0077,PROD-0038,East,New York,Buffalo,Office Supplies,Storage,340.2,3,0.4,35.34
ORD-2024-14123,2024-05-31,2024-06-03,CUST-0769,PROD-0005,Central,Texas,Austin,Technology,Phones,4750.0,5,0.0,1728.42
ORD-2024-11157,2024-06-01,2024-06-06,CUST-0216,PROD-0058,West,California,San Diego,Office Supplies,Fasteners,27.55,1,0.05,10.68
ORD-2024-14393,2024-06-01,2024-06-03,CUST-0837,PROD-0043,West,Oregon,Portland,Office Supplies,Art,106.2,2,0.1,46.28
ORD-2024-10589,2024-06-02,2024-06-04,CUST-0115,PROD-0037,West,California,San Francisco,Furniture,Furnishings,714.0,4,0.15,337.08
ORD-2024-11576,2024-06-02,2024-06-05,CUST-0303,PROD-0006,Central,Texas,Austin,Technology,Laptops,4936.2,4,0.05,1919.11
ORD-2024-14187,2024-06-02,2024-06-04,CUST-0788,PROD-0045,West,Arizona,Phoenix,Office Supplies,Art,99.0,1,0.1,48.72
ORD-2024-11083,2024-06-03,2024-06-06,CUST-0200,PROD-0044,Central,Texas,Dallas,Office Supplies,Art,189.6,3,0.2,73.42
ORD-2024-12088,2024-06-03,2024-06-06,CUST-0391,PROD-0001,South,North Carolina,Charlotte,Technology,Phones,2397.0,3,0.0,1029.12
ORD-2024-10344,2024-06-04,2024-06-05,CUST-0073,PROD-0040,West,Nevada,Las Vegas,Office Supplies,Storage,327.75,5,0.05,158.12
ORD-2024-11477,2024-06-04,2024-06-08,CUST-0280,PROD-0057,South,Florida,Miami,Office Supplies,Appliances,54.0,2,0.4,7.86
ORD-2024-12911,2024-06-04,2024-06-05,CUST-0528,PROD-0048,East,New York,New York City,Office Supplies,Paper,79.8,3,0.05,29.46
ORD-2024-13609,2024-06-04,2024-06-07,CUST-0666,PROD-0056,Central,Ohio,Cleveland,Office Supplies,Appliances,549.6,3,0.2,206.27
ORD-2024-14269,2024-06-04,2024-06-11,CUST-0809,PROD-0030,South,Florida,Miami,Furniture,Bookcases,137.4,1,0.4,24.3
ORD-2024-10383,2024-06-05,2024-06-07,CUST-0080,PROD-0051,East,Massachusetts,Boston,Office Supplies,Binders,51.3,3,0.05,22.62
ORD-2024-10133,2024-06-06,2024-06-11,CUST-0028,PROD-0050,West,Oregon,Portland,Office Supplies,Binders,33.6,1,0.2,10.93
ORD-2024-12062,2024-06-06,2024-06-09,CUST-0388,PROD-0038,East,New York,New York City,Office Supplies,Storage,481.95,3,0.15,178.07
ORD-2024-13985,2024-06-06,2024-06-08,CUST-0747,PROD-0028,West,Colorado,Denver,Furniture,Tables,2157.3,3,0.1,788.84
ORD-2024-13988,2024-06-06,2024-06-08,CUST-0748,PROD-0027,South,Georgia,Atlanta,Furniture,Tables,1181.5,10,0.15,398.91
ORD-2024-10959,2024-06-07,2024-06-10,CUST-0177,PROD-0058,West,Washington,Spokane,Office Supplies,Fasteners,49.3,2,0.15,13.55
ORD-2024-12709,2024-06-07,2024-06-08,CUST-0495,PROD-0041,South,North Carolina,Charlotte,Office Supplies,Storage,62.4,2,0.2,19.77
ORD-2024-13317,2024-06-07,2024-06-09,CUST-0612,PROD-0041,Central,Minnesota,Minneapolis,Office Supplies,Storage,39.0,2,0.5,-2.58
ORD-2024-14189,2024-06-07,2024-06-08,CUST-0788,PROD-0046,West,Arizona,Phoenix,Office Supplies,Paper,30.6,1,0.1,10.51
ORD-2024-11637,2024-06-08,2024-06-12,CUST-0311,PROD-0040,West,California,San Diego,Office Supplies,Storage,310.5,5,0.1,148.73
ORD-2024-14176,2024-06-09,2024-06-11,CUST-0783,PROD-0010,West,Oregon,Portland,Technology,Laptops,4347.0,3,0.0,1776.36
ORD-2024-10085,2024-06-10,2024-06-14,CUST-0017,PROD-0040,West,California,San Diego,Office Supplies,Storage,165.6,3,0.2,69.18
ORD-2024-10388,2024-06-10,2024-06-11,CUST-0081,PROD-0011,East,Massachusetts,Boston,Technology,Accessories,645.0,5,0.0,385.96
ORD-2024-11258,2024-06-10,2024-06-13,CUST-0235,PROD-0006,Central,Texas,Houston,Technology,Laptops,1299.0,1,0.0,543.88
ORD-2024-11933,2024-06-10,2024-06-12,CUST-0363,PROD-0027,Central,Texas,Dallas,Furniture,Tables,500.4,4,0.1,179.21
ORD-2024-12451,2024-06-10,2024-06-13,CUST-0453,PROD-0001,West,California,San Jose,Technology,Phones,799.0,1,0.0,345.22
ORD-2024-14369,2024-06-10,2024-06-13,CUST-0832,PROD-0026,East,Massachusetts,Boston,Furniture,Tables,449.1,1,0.1,164.17
ORD-2024-10222,2024-06-11,2024-06-15,CUST-0050,PROD-0015,East,New York,New York City,Technology,Accessories,89.0,1,0.0,49.65
ORD-2024-12503,2024-06-11,2024-06-14,CUST-0460,PROD-0051,Central,Minnesota,Minneapolis,Office Supplies,Binders,17.1,1,0.05,7.67
ORD-2024-12874,2024-06-11,2024-06-13,CUST-0521,PROD-0006,Central,Texas,San Antonio,Technology,Laptops,4936.2,4,0.05,1916.16
ORD-2024-13944,2024-06-11,2024-06-14,CUST-0739,PROD-0030,South,Georgia,Atlanta,Furniture,Bookcases,137.4,1,0.4,22.46
ORD-2024-10113,2024-06-12,2024-06-17,CUST-0027,PROD-0045,West,California,Los Angeles,Office Supplies,Art,176.0,2,0.2,75.24
ORD-2024-11814,2024-06-12,2024-06-19,CUST-0341,PROD-0033,South,Tennessee,Nashville,Furniture,Bookcases,152.1,1,0.1,60.86
ORD-2024-13632,2024-06-12,2024-06-16,CUST-0671,PROD-0012,East,New York,Buffalo,Technology,Accessories,53.1,1,0.1,31.38
ORD-2024-12759,2024-06-13,2024-06-15,CUST-0504,PROD-0050,West,California,San Diego,Office Supplies,Binders,84.0,2,0.0,41.46
ORD-2024-13446,2024-06-13,2024-06-15,CUST-0636,PROD-0003,West,California,Los Angeles,Technology,Phones,399.0,1,0.0,174.71
ORD-2024-11531,2024-06-14,2024-06-15,CUST-0292,PROD-0012,West,Washington,Seattle,Technology,Accessories,112.1,2,0.05,63.87
ORD-2024-11613,2024-06-14,2024-06-16,CUST-0309,PROD-0045,West,California,San Diego,Office Supplies,Art,1100.0,10,0.0,606.77
ORD-2024-11696,2024-06-14,2024-06-16,CUST-0320,PROD-0030,Central,Ohio,Columbus,Furniture,Bookcases,389.3,2,0.15,161.65
ORD-2024-12871,2024-06-14,2024-06-16,CUST-0521,PROD-0006,Central,Texas,San Antonio,Technology,Laptops,2468.1,2,0.05,954.46
ORD-2024-13637,2024-06-15,2024-06-18,CUST-0671,PROD-0053,East,New York,Buffalo,Office Supplies,Binders,8.4,1,0.3,-0.84
ORD-2024-11174,2024-06-16,2024-06-17,CUST-0222,PROD-0048,East,Massachusetts,Boston,Office Supplies,Paper,26.6,1,0.05,10.63
ORD-2024-11781,2024-06-16,2024-06-17,CUST-0334,PROD-0030,Central,Minnesota,Minneapolis,Furniture,Bookcases,435.1,2,0.05,204.64
ORD-2024-11099,2024-06-17,2024-06-18,CUST-0203,PROD-0012,Central,Ohio,Cleveland,Technology,Accessories,168.15,3,0.05,104.35
ORD-2024-11778,2024-06-17,2024-06-18,CUST-0334,PROD-0042,Central,Minnesota,Minneapolis,Office Supplies,Art,49.0,1,0.0,27.28
ORD-2024-11783,2024-06-17,2024-06-20,CUST-0334,PROD-0008,Central,Minnesota,Minneapolis,Technology,Laptops,1614.15,1,0.15,508.82
ORD-2024-12202,2024-06-17,2024-06-22,CUST-0407,PROD-0055,Central,Minnesota,Minneapolis,Office Supplies,Appliances,132.05,1,0.05,60.36
ORD-2024-12376,2024-06-17,2024-06-19,CUST-0435,PROD-0056,Central,Texas,San Antonio,Office Supplies,Appliances,687.0,3,0.0,340.84
ORD-2024-11859,2024-06-18,2024-06-20,CUST-0349,PROD-0024,South,Georgia,Atlanta,Furniture,Chairs,897.0,3,0.0,463.84
ORD-2024-13350,2024-06-18,2024-06-20,CUST-0618,PROD-0033,Central,Texas,San Antonio,Furniture,Bookcases,169.0,1,0.0,80.75
ORD-2024-14329,2024-06-19,2024-06-21,CUST-0822,PROD-0036,South,Virginia,Richmond,Furniture,Furnishings,245.0,5,0.0,123.72
ORD-2024-10539,2024-06-20,2024-06-21,CUST-0105,PROD-0017,East,New Jersey,Newark,Technology,Copiers & Printers,1188.3,2,0.15,421.15
ORD-2024-10811,2024-06-20,2024-06-21,CUST-0153,PROD-0030,West,California,San Jose,Furniture,Bookcases,229.0,1,0.0,114.13
ORD-2024-12523,2024-06-20,2024-06-23,CUST-0461,PROD-0029,Central,Texas,Houston,Furniture,Tables,638.0,2,0.0,266.16
ORD-2024-13716,2024-06-21,2024-06-24,CUST-0691,PROD-0006,Central,Michigan,Detroit,Technology,Laptops,3897.0,3,0.0,1635.23
ORD-2024-14290,2024-06-21,2024-06-23,CUST-0815,PROD-0057,South,Florida,Orlando,Office Supplies,Appliances,180.0,4,0.0,87.01
ORD-2024-10414,2024-06-22,2024-06-25,CUST-0085,PROD-0020,South,Florida,Tampa,Furniture,Chairs,1047.0,3,0.0,546.24
ORD-2024-10702,2024-06-22,2024-06-25,CUST-0136,PROD-0025,East,New Jersey,Newark,Furniture,Tables,324.5,1,0.5,-58.89
ORD-2024-10962,2024-06-22,2024-06-25,CUST-0177,PROD-0023,West,Washington,Spokane,Furniture,Chairs,1494.0,6,0.0,745.3
ORD-2024-11042,2024-06-22,2024-06-25,CUST-0192,PROD-0006,East,Massachusetts,Boston,Technology,Laptops,1299.0,1,0.0,545.42
ORD-2024-11353,2024-06-22,2024-06-27,CUST-0256,PROD-0060,West,Washington,Spokane,Office Supplies,Fasteners,11.9,1,0.15,0.66
ORD-2024-11940,2024-06-22,2024-06-25,CUST-0364,PROD-0027,East,New York,Buffalo,Furniture,Tables,208.5,3,0.5,-34.73
ORD-2024-12500,2024-06-23,2024-06-25,CUST-0458,PROD-0051,West,Arizona,Phoenix,Office Supplies,Binders,72.0,4,0.0,20.21
ORD-2024-10287,2024-06-24,2024-06-28,CUST-0065,PROD-0026,Central,Texas,Austin,Furniture,Tables,349.3,1,0.3,63.4
ORD-2024-12373,2024-06-24,2024-06-25,CUST-0435,PROD-0040,Central,Texas,San Antonio,Office Supplies,Storage,138.0,2,0.0,68.48
ORD-2024-12595,2024-06-24,2024-06-29,CUST-0471,PROD-0026,South,Florida,Orlando,Furniture,Tables,299.4,1,0.4,15.12
ORD-2024-11626,2024-06-25,2024-06-28,CUST-0311,PROD-0037,West,California,San Diego,Furniture,Furnishings,210.0,1,0.0,113.41
ORD-2024-12424,2024-06-26,2024-06-28,CUST-0444,PROD-0002,East,Pennsylvania,Pittsburgh,Technology,Phones,2697.0,3,0.0,1118.76
ORD-2024-12948,2024-06-26,2024-06-29,CUST-0541,PROD-0006,West,Arizona,Phoenix,Technology,Laptops,1234.05,1,0.05,477.49
ORD-2024-14099,2024-06-26,2024-07-01,CUST-0764,PROD-0046,East,Pennsylvania,Philadelphia,Office Supplies,Paper,30.6,1,0.1,12.96
ORD-2024-11092,2024-06-27,2024-07-01,CUST-0201,PROD-0041,West,Oregon,Portland,Office Supplies,Storage,37.05,1,0.05,16.52
ORD-2024-11735,2024-06-27,2024-07-01,CUST-0327,PROD-0011,Central,Texas,Dallas,Technology,Accessories,258.0,2,0.0,157.81
ORD-2024-14410,2024-06-27,2024-06-29,CUST-0839,PROD-0034,South,Virginia,Richmond,Furniture,Furnishings,308.75,5,0.05,160.36
ORD-2024-11775,2024-06-28,2024-06-29,CUST-0334,PROD-0053,Central,Minnesota,Minneapolis,Office Supplies,Binders,10.2,1,0.15,0.36
ORD-2024-13316,2024-06-29,2024-07-05,CUST-0612,PROD-0008,Central,Minnesota,Minneapolis,Technology,Laptops,1899.0,1,0.0,795.99
ORD-2024-12130,2024-06-30,2024-07-02,CUST-0397,PROD-0048,West,Oregon,Portland,Office Supplies,Paper,56.0,2,0.0,27.24
ORD-2024-11805,2024-07-01,2024-07-03,CUST-0341,PROD-0060,South,Tennessee,Nashville,Office Supplies,Fasteners,8.4,1,0.4,0.33
ORD-2024-12497,2024-07-01,2024-07-04,CUST-0457,PROD-0010,Central,Ohio,Columbus,Technology,Laptops,1449.0,1,0.0,595.49
ORD-2024-12563,2024-07-01,2024-07-03,CUST-0467,PROD-0017,Central,Texas,San Antonio,Technology,Copiers & Printers,664.05,1,0.05,277.99
ORD-2024-13493,2024-07-01,2024-07-05,CUST-0643,PROD-0048,Central,Texas,Austin,Office Supplies,Paper,28.0,1,0.0,12.58
ORD-2024-11038,2024-07-02,2024-07-05,CUST-0192,PROD-0056,East,Massachusetts,Boston,Office Supplies,Appliances,1305.3,6,0.05,619.36
ORD-2024-12775,2024-07-02,2024-07-03,CUST-0508,PROD-0027,West,California,San Diego,Furniture,Tables,556.0,4,0.0,232.43
ORD-2024-14281,2024-07-02,2024-07-04,CUST-0813,PROD-0005,Central,Minnesota,Minneapolis,Technology,Phones,902.5,1,0.05,298.52
ORD-2024-12050,2024-07-03,2024-07-05,CUST-0385,PROD-0020,West,Oregon,Portland,Furniture,Chairs,488.6,2,0.3,157.8
ORD-2024-12590,2024-07-03,2024-07-05,CUST-0471,PROD-0020,South,Florida,Orlando,Furniture,Chairs,628.2,2,0.1,300.81
ORD-2024-10384,2024-07-04,2024-07-07,CUST-0080,PROD-0013,East,Massachusetts,Boston,Technology,Accessories,207.0,3,0.0,130.82
ORD-2024-11736,2024-07-04,2024-07-06,CUST-0327,PROD-0028,Central,Texas,Dallas,Furniture,Tables,2397.0,3,0.0,1037.02
ORD-2024-12099,2024-07-04,2024-07-06,CUST-0394,PROD-0046,Central,Ohio,Cleveland,Office Supplies,Paper,64.6,2,0.05,22.63
ORD-2024-12256,2024-07-04,2024-07-07,CUST-0417,PROD-0007,Central,Texas,Houston,Technology,Laptops,1798.2,2,0.1,628.34
ORD-2024-12347,2024-07-04,2024-07-08,CUST-0427,PROD-0051,West,California,San Diego,Office Supplies,Binders,18.0,1,0.0,6.24
ORD-2024-12505,2024-07-04,2024-07-08,CUST-0460,PROD-0044,Central,Minnesota,Minneapolis,Office Supplies,Art,158.0,2,0.0,85.44
ORD-2024-12574,2024-07-04,2024-07-05,CUST-0468,PROD-0027,East,Massachusetts,Boston,Furniture,Tables,375.3,3,0.1,133.8
ORD-2024-13260,2024-07-04,2024-07-05,CUST-0600,PROD-0019,East,New York,New York City,Technology,Copiers & Printers,329.0,1,0.0,144.66
ORD-2024-13940,2024-07-04,2024-07-11,CUST-0737,PROD-0028,West,California,San Francisco,Furniture,Tables,2397.0,3,0.0,1027.39
ORD-2024-14346,2024-07-04,2024-07-11,CUST-0824,PROD-0024,South,Florida,Miami,Furniture,Chairs,717.6,3,0.2,285.22
ORD-2024-10165,2024-07-05,2024-07-07,CUST-0035,PROD-0016,East,Pennsylvania,Philadelphia,Technology,Copiers & Printers,1529.1,1,0.1,624.89
ORD-2024-10512,2024-07-05,2024-07-06,CUST-0099,PROD-0054,East,Pennsylvania,Philadelphia,Office Supplies,Appliances,568.1,2,0.05,275.1
ORD-2024-11481,2024-07-05,2024-07-09,CUST-0281,PROD-0055,Central,Texas,San Antonio,Office Supplies,Appliances,278.0,2,0.0,139.48
ORD-2024-13838,2024-07-05,2024-07-07,CUST-0712,PROD-0021,Central,Ohio,Cleveland,Furniture,Chairs,1197.0,3,0.0,615.92
ORD-2024-14239,2024-07-05,2024-07-09,CUST-0801,PROD-0024,West,Washington,Spokane,Furniture,Chairs,598.0,2,0.0,304.34
ORD-2024-10971,2024-07-06,2024-07-12,CUST-0180,PROD-0055,South,Virginia,Richmond,Office Supplies,Appliances,236.3,2,0.15,96.98
ORD-2024-12249,2024-07-06,2024-07-12,CUST-0416,PROD-0039,South,Virginia,Richmond,Office Supplies,Storage,19.2,1,0.4,1.04
ORD-2024-13991,2024-07-07,2024-07-10,CUST-0749,PROD-0002,Central,Ohio,Columbus,Technology,Phones,1798.0,2,0.0,745.97
ORD-2024-10187,2024-07-08,2024-07-11,CUST-0040,PROD-0041,South,Virginia,Richmond,Office Supplies,Storage,37.05,1,0.05,17.52
ORD-2024-12197,2024-07-08,2024-07-10,CUST-0406,PROD-0050,East,Massachusetts,Boston,Office Supplies,Binders,107.1,3,0.15,47.94
ORD-2024-10551,2024-07-09,2024-07-13,CUST-0106,PROD-0033,East,New Jersey,Newark,Furniture,Bookcases,169.0,1,0.0,79.02
ORD-2024-11712,2024-07-09,2024-07-12,CUST-0323,PROD-0021,Central,Michigan,Detroit,Furniture,Chairs,399.0,1,0.0,204.25
ORD-2024-12032,2024-07-09,2024-07-11,CUST-0383,PROD-0050,South,North Carolina,Charlotte,Office Supplies,Binders,75.6,3,0.4,9.9
ORD-2024-12059,2024-07-09,2024-07-11,CUST-0386,PROD-0035,South,Georgia,Atlanta,Furniture,Furnishings,750.0,10,0.0,388.98
ORD-2024-13428,2024-07-09,2024-07-11,CUST-0632,PROD-0012,South,Florida,Tampa,Technology,Accessories,59.0,1,0.0,34.34
ORD-2024-12213,2024-07-11,2024-07-13,CUST-0409,PROD-0029,West,Nevada,Las Vegas,Furniture,Tables,669.9,3,0.3,115.57
ORD-2024-11366,2024-07-12,2024-07-18,CUST-0257,PROD-0036,Central,Ohio,Cleveland,Furniture,Furnishings,93.1,2,0.05,44.07
ORD-2024-11796,2024-07-13,2024-07-17,CUST-0338,PROD-0022,West,Arizona,Phoenix,Furniture,Chairs,131.4,1,0.4,29.6
ORD-2024-10263,2024-07-14,2024-07-18,CUST-0061,PROD-0058,West,Washington,Seattle,Office Supplies,Fasteners,23.2,1,0.2,7.64
ORD-2024-10217,2024-07-15,2024-07-20,CUST-0048,PROD-0029,West,California,Los Angeles,Furniture,Tables,957.0,3,0.0,405.68
ORD-2024-10604,2024-07-15,2024-07-16,CUST-0119,PROD-0005,Central,Illinois,Chicago,Technology,Phones,855.0,1,0.1,250.33
ORD-2024-13426,2024-07-15,2024-07-18,CUST-0632,PROD-0016,South,Florida,Tampa,Technology,Copiers & Printers,3398.0,2,0.0,1590.27
ORD-2024-12471,2024-07-16,2024-07-17,CUST-0455,PROD-0042,South,Florida,Orlando,Office Supplies,Art,78.4,2,0.2,34.26
ORD-2024-14076,2024-07-16,2024-07-17,CUST-0761,PROD-0033,East,New Jersey,Newark,Furniture,Bookcases,202.8,2,0.4,21.55
ORD-2024-14162,2024-07-16,2024-07-18,CUST-0779,PROD-0027,South,Florida,Miami,Furniture,Tables,291.9,3,0.3,56.11
ORD-2024-14380,2024-07-16,2024-07-18,CUST-0834,PROD-0017,West,California,San Diego,Technology,Copiers & Printers,2796.0,4,0.0,1254.21
ORD-2024-13500,2024-07-17,2024-07-20,CUST-0643,PROD-0047,Central,Texas,Austin,Office Supplies,Paper,19.2,1,0.2,6.58
ORD-2024-11641,2024-07-18,2024-07-20,CUST-0312,PROD-0050,Central,Texas,Dallas,Office Supplies,Binders,79.8,2,0.05,35.79
ORD-2024-12417,2024-07-18,2024-07-21,CUST-0443,PROD-0002,Central,Ohio,Cleveland,Technology,Phones,1798.0,2,0.0,746.7
ORD-2024-13699,2024-07-18,2024-07-22,CUST-0687,PROD-0039,East,Pennsylvania,Philadelphia,Office Supplies,Storage,121.6,4,0.05,51.13
ORD-2024-14159,2024-07-18,2024-07-19,CUST-0779,PROD-0039,South,Florida,Miami,Office Supplies,Storage,28.8,1,0.1,10.32
ORD-2024-11537,2024-07-19,2024-07-21,CUST-0293,PROD-0054,Central,Ohio,Cleveland,Office Supplies,Appliances,269.1,1,0.1,122.57
ORD-2024-12051,2024-07-19,2024-07-23,CUST-0385,PROD-0021,West,Oregon,Portland,Furniture,Chairs,718.2,2,0.1,327.21
ORD-2024-12247,2024-07-19,2024-07-21,CUST-0416,PROD-0020,South,Virginia,Richmond,Furniture,Chairs,698.0,2,0.0,371.6
ORD-2024-12646,2024-07-19,2024-07-21,CUST-0483,PROD-0019,Central,Texas,Austin,Technology,Copiers & Printers,329.0,1,0.0,143.09
ORD-2024-12877,2024-07-19,2024-07-22,CUST-0521,PROD-0044,Central,Texas,San Antonio,Office Supplies,Art,150.1,2,0.05,75.99
ORD-2024-14315,2024-07-19,2024-07-21,CUST-0819,PROD-0007,Central,Minnesota,Minneapolis,Technology,Laptops,949.05,1,0.05,365.57
ORD-2024-10544,2024-07-21,2024-07-24,CUST-0106,PROD-0051,East,New Jersey,Newark,Office Supplies,Binders,34.2,2,0.05,9.4
ORD-2024-13618,2024-07-21,2024-07-22,CUST-0669,PROD-0053,South,North Carolina,Charlotte,Office Supplies,Binders,32.4,3,0.1,3.39
ORD-2024-13185,2024-07-22,2024-07-23,CUST-0590,PROD-0023,Central,Texas,Houston,Furniture,Chairs,236.55,1,0.05,112.49
ORD-2024-11040,2024-07-23,2024-07-27,CUST-0192,PROD-0015,East,Massachusetts,Boston,Technology,Accessories,84.55,1,0.05,45.0
ORD-2024-14126,2024-07-23,2024-07-25,CUST-0769,PROD-0010,Central,Texas,Austin,Technology,Laptops,1376.55,1,0.05,523.24
ORD-2024-11078,2024-07-24,2024-07-29,CUST-0200,PROD-0017,Central,Texas,Dallas,Technology,Copiers & Printers,699.0,1,0.0,315.95
ORD-2024-11519,2024-07-24,2024-07-26,CUST-0291,PROD-0051,Central ,Texas,Austin,Office Supplies,Binders,72.0,4,0.0,20.61
ORD-2024-14134,2024-07-24,2024-07-29,CUST-0774,PROD-0029,South,North Carolina,Charlotte,Furniture,Tables,1148.4,4,0.1,404.54
ORD-2024-14238,2024-07-24,2024-07-25,CUST-0800,PROD-0046,South,Tennessee,Nashville,Office Supplies,Paper,129.2,4,0.05,50.22
ORD-2024-11892,2024-07-25,2024-07-28,CUST-0355,PROD-0043,Central,Ohio,Cleveland,Office Supplies,Art,168.15,3,0.05,83.93
ORD-2024-12809,2024-07-25,2024-07-28,CUST-0514,PROD-0058,West,Arizona,Phoenix,Office Supplies,Fasteners,23.2,1,0.2,4.85
ORD-2024-13074,2024-07-25,2024-07-26,CUST-0566,PROD-0057,West,Colorado,Denver,Office Supplies,Appliances,45.0,1,0.0,20.04
ORD-2024-14221,2024-07-25,2024-07-28,CUST-0794,PROD-0024,West,California,Los Angeles,furniture,Chairs,269.1,1,0.1,122.28
ORD-2024-10473,2024-07-26,2024-07-29,CUST-0093,PROD-0004,West,California,Los Angeles,Technology,Phones,2967.3,3,0.1,907.15
ORD-2024-12900,2024-07-26,2024-07-29,CUST-0526,PROD-0051,West,California,Los Angeles,Office Supplies,Binders,18.0,1,0.0,6.48
ORD-2024-12923,2024-07-26,2024-07-29,CUST-0533,PROD-0006,Central,Minnesota,Minneapolis,Technology,Laptops,5845.5,6,0.25,1306.95
ORD-2024-12857,2024-07-27,2024-08-01,CUST-0518,PROD-0050,Central,Minnesota,Minneapolis,Office Supplies,Binders,420.0,10,0.0,203.05
ORD-2024-12980,2024-07-27,2024-07-29,CUST-0549,PROD-0055,East,Massachusetts,Boston,Office Supplies,Appliances,250.2,2,0.1,114.11
ORD-2024-13319,2024-07-27,2024-07-30,CUST-0613,PROD-0013,East,New Jersey,Newark,Technology,Accessories,69.0,1,0.0,43.88
ORD-2024-10160,2024-07-28,2024-07-30,CUST-0034,PROD-0044,East,New York,New York City,Office Supplies,Art,150.1,2,0.05,79.82
ORD-2024-10224,2024-07-28,2024-07-29,CUST-0051,PROD-0010,South,North Carolina,Charlotte,Technology,Laptops,4347.0,3,0.0,1783.56
ORD-2024-11614,2024-07-28,2024-07-31,CUST-0309,PROD-0031,West,California,San Diego,Furniture,Bookcases,84.15,1,0.15,34.61
ORD-2024-11713,2024-07-28,2024-08-01,CUST-0323,PROD-0009,Central,Michigan,Detroit,Technology,Laptops,521.55,1,0.05,197.68
ORD-2024-12089,2024-07-28,2024-07-30,CUST-0391,PROD-0041,South,North Carolina,Charlotte,Office Supplies,Storage,27.3,1,0.3,8.03
ORD-2024-13123,2024-07-28,2024-08-03,CUST-0578,PROD-0057,West,California,San Diego,Office Supplies,Appliances,85.5,2,0.05,40.7
ORD-2024-14291,2024-07-28,2024-07-30,CUST-0816,PROD-0012,Central,Texas,San Antonio,Technology,Accessories,59.0,1,0.0,35.41
ORD-2024-10818,2024-07-29,2024-07-31,CUST-0154,PROD-0050,West,Washington,Seattle,Office Supplies,Binders,39.9,1,0.05,19.65
ORD-2024-14096,2024-07-29,2024-08-01,CUST-0764,PROD-0034,East,Pennsylvania,Philadelphia,Furniture,Furnishings,65.0,1,0.0,36.46
ORD-2024-10859,2024-07-30,2024-08-02,CUST-0160,PROD-0009,East,Pennsylvania,Pittsburgh,Technology,Laptops,1564.65,3,0.05,590.48
ORD-2024-12372,2024-07-31,2024-08-02,CUST-0434,PROD-0039,East,Pennsylvania,Philadelphia,Office Supplies,Storage,32.0,1,0.0,13.53
ORD-2024-13399,2024-07-31,2024-08-02,CUST-0626,PROD-0031,East,New Jersey,Newark,Furniture,Bookcases,84.15,1,0.15,32.29
ORD-2024-10555,2024-08-01,2024-08-02,CUST-0106,PROD-0028,East,New Jersey,Newark,Furniture,Tables,1598.0,2,0.0,687.89
ORD-2024-11874,2024-08-01,2024-08-04,CUST-0353,PROD-0049,West,Washington,Seattle,Office Supplies,Paper,41.8,2,0.05,19.1
ORD-2024-12409,2024-08-01,2024-08-03,CUST-0441,PROD-0022,Central,Texas,Austin,Furniture,Chairs,657.0,3,0.0,352.66
ORD-2024-12981,2024-08-01,2024-08-05,CUST-0549,PROD-0052,East,Massachusetts,Boston,Office Supplies,Binders,18.05,1,0.05,4.2
ORD-2024-13804,2024-08-01,2024-08-03,CUST-0708,PROD-0021,South,Florida,Tampa,Furniture,Chairs,1077.3,3,0.1,488.62
ORD-2024-14148,2024-08-01,2024-08-03,CUST-0778,PROD-0021,West,Washington,Spokane,Furniture,Chairs,638.4,2,0.2,251.15
ORD-2024-14406,2024-08-01,2024-08-02,CUST-0838,PROD-0029,South,Georgia,Atlanta,Furniture,Tables,1531.2,6,0.2,426.93
ORD-2024-10890,2024-08-02,2024-08-04,CUST-0164,PROD-0059,East,Massachusetts,Boston,Office Supplies,Fasteners,22.0,2,0.0,2.03
ORD-2024-12108,2024-08-02,2024-08-04,CUST-0394,PROD-0025,Central,Ohio,Cleveland,Furniture,Tables,1298.0,2,0.0,526.03
ORD-2024-13487,2024-08-02,2024-08-04,CUST-0642,PROD-0054,South,Florida,Miami,Office Supplies,Appliances,598.0,2,0.0,305.25
ORD-2024-14183,2024-08-02,2024-08-05,CUST-0785,PROD-0055,Central,Michigan,Detroit,Office Supplies,Appliances,278.0,2,0.0,140.62
ORD-2024-14343,2024-08-02,2024-08-04,CUST-0824,PROD-0054,South,Florida,Miami,Office Supplies,Appliances,478.4,2,0.2,192.24
ORD-2024-10533,2024-08-03,2024-08-06,CUST-0105,PROD-0026,East,New Jersey,Newark,Furniture,Tables,898.2,2,0.1,325.7
ORD-2024-10784,2024-08-03,2024-08-06,CUST-0149,PROD-0006,Central,Ohio,Cleveland,technology,Laptops,5845.5,5,0.1,2065.51
ORD-2024-12583,2024-08-03,2024-08-06,CUST-0471,PROD-0049,South,Florida,Orlando,Office Supplies,Paper,62.7,3,0.05,29.58
ORD-2024-13603,2024-08-03,2024-08-06,CUST-0666,PROD-0043,Central,Ohio,Cleveland,Office Supplies,Art,59.0,1,0.0,28.28
ORD-2024-14287,2024-08-03,2024-08-06,CUST-0815,PROD-0053,South,Florida,Orlando,Office Supplies,Binders,24.0,2,0.0,4.57
ORD-2024-14151,2024-08-04,2024-08-06,CUST-0778,PROD-0018,West,Washington,Spokane,Technology,Copiers & Printers,1791.0,10,0.1,660.96
ORD-2024-10526,2024-08-05,2024-08-07,CUST-0104,PROD-0009,South,Georgia,Atlanta,Technology,Laptops,549.0,1,0.0,222.41
ORD-2024-12129,2024-08-05,2024-08-08,CUST-0397,PROD-0007,West,Oregon,Portland,Technology,Laptops,999.0,1,0.0,414.39
ORD-2024-12232,2024-08-05,2024-08-07,CUST-0412,PROD-0032,East,New York,Buffalo,Furniture,Bookcases,861.3,3,0.1,361.77
ORD-2024-13363,2024-08-05,2024-08-06,CUST-0622,PROD-0056,South,Florida,Orlando,Office Supplies,Appliances,412.2,2,0.1,183.0
ORD-2024-10308,2024-08-06,2024-08-08,CUST-0068,PROD-0011,Central,Illinois,Chicago,Technology,Accessories,122.55,1,0.05,72.93
ORD-2024-11780,2024-08-06,2024-08-07,CUST-0334,PROD-0044,Central,Minnesota,Minneapolis,Office Supplies,Art,75.05,1,0.05,38.64
ORD-2024-11528,2024-08-07,2024-08-13,CUST-0292,PROD-0024,West,Washington,Seattle,Furniture,Chairs,1196.0,4,0.0,617.72
ORD-2024-11896,2024-08-07,2024-08-08,CUST-0356,PROD-0035,Central,Ohio,Cleveland,Furniture,Furnishings,63.75,1,0.15,28.24
ORD-2024-13032,2024-08-07,2024-08-11,CUST-0559,PROD-0048,East,Pennsylvania,Philadelphia,Office Supplies,Paper,26.6,1,0.05,11.69
ORD-2024-11202,2024-08-08,2024-08-10,CUST-0227,PROD-0053,South,North Carolina,Charlotte,Office Supplies,Binders,24.0,2,0.0,2.07
ORD-2024-11627,2024-08-08,2024-08-09,CUST-0311,PROD-0047,West,California,San Diego,Office Supplies,Paper,96.0,4,0.0,41.7
ORD-2024-11852,2024-08-08,2024-08-10,CUST-0348,PROD-0002,Central,Texas,Austin,Technology,Phones,1798.0,2,0.0,748.0
ORD-2024-11928,2024-08-08,2024-08-13,CUST-0362,PROD-0058,Central,Texas,San Antonio,Office Supplies,Fasteners,174.0,6,0.0,68.18
ORD-2024-11935,2024-08-08,2024-08-10,CUST-0364,PROD-0044,East,New York,Buffalo,Office Supplies,Art,213.3,3,0.1,99.98
ORD-2024-10027,2024-08-09,2024-08-10,CUST-0005,PROD-0042,West,California,Los Angeles,Office Supplies,Art,83.3,2,0.15,34.43
ORD-2024-11003,2024-08-09,2024-08-13,CUST-0187,PROD-0009,West,Arizona,Phoenix,Technology,Laptops,1098.0,2,0.0,446.9
ORD-2024-12566,2024-08-09,2024-08-11,CUST-0467,PROD-0051,Central,Texas,San Antonio,Office Supplies,Binders,15.3,1,0.15,3.4
ORD-2024-13732,2024-08-09,2024-08-12,CUST-0693,PROD-0010,Central,Ohio,Columbus,Technology,Laptops,12316.5,10,0.15,3774.08
ORD-2024-10083,2024-08-10,2024-08-12,CUST-0017,PROD-0019,West,California,San Diego,Technology,Copiers & Printers,592.2,2,0.1,221.81
ORD-2024-10305,2024-08-10,2024-08-13,CUST-0068,PROD-0030,Central,Illinois,Chicago,Furniture,Bookcases,412.2,2,0.1,179.15
ORD-2024-10776,2024-08-10,2024-08-12,CUST-0147,PROD-0011,East,New York,Buffalo,Technology,Accessories,109.65,1,0.15,57.69
ORD-2024-11284,2024-08-10,2024-08-11,CUST-0240,PROD-0017,West,Nevada,Las Vegas,Technology,Copiers & Printers,3320.25,5,0.05,1388.1
ORD-2024-13374,2024-08-10,2024-08-13,CUST-0623,PROD-0011,West,Nevada,Las Vegas,Technology,Accessories,129.0,1,0.0,77.9
ORD-2024-13384,2024-08-10,2024-08-11,CUST-0625,PROD-0030,West,Washington,Seattle,Furniture,Bookcases,1145.0,5,0.0,572.21
ORD-2024-13974,2024-08-10,2024-08-16,CUST-0745,PROD-0049,East,New Jersey,Newark,Office Supplies,Paper,20.9,1,0.05,7.55
ORD-2024-12535,2024-08-11,2024-08-13,CUST-0463,PROD-0053,West,Washington,Seattle,Office Supplies,Binders,12.0,1,0.0,1.6
ORD-2024-10079,2024-08-12,2024-08-13,CUST-0016,PROD-0034,East,Massachusetts,Boston,Furniture,Furnishings,195.0,3,0.0,103.04
ORD-2024-10493,2024-08-13,2024-08-15,CUST-0096,PROD-0038,Central,Michigan,Detroit,Office Supplies,Storage,113.4,1,0.4,11.43
ORD-2024-10891,2024-08-13,2024-08-14,CUST-0164,PROD-0041,East,Massachusetts,Boston,Office Supplies,Storage,37.05,1,0.05,18.78
ORD-2024-12601,2024-08-13,2024-08-14,CUST-0473,PROD-0007,West,Nevada,Las Vegas,Technology,Laptops,1998.0,2,0.0,824.15
ORD-2024-13837,2024-08-13,2024-08-15,CUST-0712,PROD-0033,Central,Ohio,Cleveland,Furniture,Bookcases,304.2,2,0.1,128.03
ORD-2024-10659,2024-08-14,2024-08-16,CUST-0127,PROD-0047,East,New York,New York City,Office Supplies,Paper,38.4,2,0.2,11.01
ORD-2024-11129,2024-08-14,2024-08-16,CUST-0208,PROD-0060,East,New York,New York City,Office Supplies,Fasteners,13.3,1,0.05,1.56
ORD-2024-13362,2024-08-14,2024-08-15,CUST-0622,PROD-0006,South,Florida,Orlando,Technology,Laptops,2598.0,2,0.0,1087.47
ORD-2024-14154,2024-08-14,2024-08-17,CUST-0778,PROD-0040,West,Washington,Spokane,Office Supplies,Storage,55.2,1,0.2,21.29
ORD-2024-10175,2024-08-15,2024-08-17,CUST-0035,PROD-0049,East,Pennsylvania,Philadelphia,Office Supplies,Paper,41.8,2,0.05,12.01
ORD-2024-10309,2024-08-15,2024-08-22,CUST-0069,PROD-0028,West,California,San Diego,Furniture,Tables,1598.0,2,0.0,690.73
ORD-2024-11005,2024-08-15,2024-08-17,CUST-0187,PROD-0055,West,Arizona,Phoenix,Office Supplies,Appliances,278.0,2,0.0,141.04
ORD-2024-11036,2024-08-15,2024-08-16,CUST-0192,PROD-0049,East,Massachusetts,Boston,Office Supplies,Paper,22.0,1,0.0,9.51
ORD-2024-11894,2024-08-15,2024-08-18,CUST-0356,PROD-0020,Central,Ohio,Cleveland,Furniture,Chairs,296.65,1,0.15,131.58
ORD-2024-14216,2024-08-15,2024-08-17,CUST-0794,PROD-0055,West,California,Los Angeles,Office Supplies,Appliances,139.0,1,0.0,70.48
ORD-2024-14453,2024-08-15,2024-08-18,CUST-0848,PROD-0022,Central,Texas,San Antonio,Furniture,Chairs,657.0,3,0.0,357.66
ORD-2024-11428,2024-08-16,2024-08-19,CUST-0270,PROD-0015,Central,Texas,Houston,Technology,Accessories,267.0,3,0.0,143.51
ORD-2024-12599,2024-08-16,2024-08-20,CUST-0473,PROD-0056,West,Nevada,Las Vegas,Office Supplies,Appliances,229.0,1,0.0,113.62
ORD-2024-13357,2024-08-16,2024-08-18,CUST-0621,PROD-0057,West,California,San Jose,Office Supplies,Appliances,45.0,1,0.0,22.04
ORD-2024-12642,2024-08-17,2024-08-21,CUST-0483,PROD-0058,Central,Texas,Austin,Office Supplies,Fasteners,29.0,1,0.0,10.25
ORD-2024-10950,2024-08-18,2024-08-20,CUST-0174,PROD-0027,South,Tennessee,Nashville,Furniture,Tables,139.0,1,0.0,57.66
ORD-2024-11203,2024-08-19,2024-08-22,CUST-0228,PROD-0052,West,California,San Diego,Office Supplies,Binders,19.0,1,0.0,6.52
ORD-2024-12404,2024-08-19,2024-08-21,CUST-0439,PROD-0037,Central,Ohio,Cleveland,Furniture,Furnishings,178.5,1,0.15,83.0
ORD-2024-13308,2024-08-19,2024-08-22,CUST-0610,PROD-0047,West,Nevada,Las Vegas,Office Supplies,Paper,21.6,1,0.1,8.45
ORD-2024-11012,2024-08-20,2024-08-21,CUST-0189,PROD-0007,South,Virginia,Richmond,Technology,Laptops,1998.0,2,0.0,831.97
ORD-2024-11932,2024-08-20,2024-08-22,CUST-0362,PROD-0042,Central,Texas,San Antonio,Office Supplies,Art,49.0,1,0.0,24.73
ORD-2024-12515,2024-08-21,2024-08-22,CUST-0460,PROD-0014,Central,Minnesota,Minneapolis,Technology,Accessories,149.0,1,0.0,90.5
ORD-2024-10276,2024-08-22,2024-08-24,CUST-0063,PROD-0006,West ,Washington,Seattle,Technology,Laptops,1169.1,1,0.1,415.65
ORD-2024-11995,2024-08-22,2024-08-23,CUST-0377,PROD-0059,West,Nevada,Las Vegas,Office Supplies,Fasteners,22.0,2,0.0,1.85
ORD-2024-10178,2024-08-24,2024-08-28,CUST-0036,PROD-0019,South,Georgia,Atlanta,Technology,Copiers & Printers,937.65,3,0.05,387.12
ORD-2024-10911,2024-08-24,2024-08-26,CUST-0168,PROD-0021,South,Florida,Miami,Furniture,Chairs,718.2,2,0.1,330.11
ORD-2024-10983,2024-08-24,2024-08-26,CUST-0181,PROD-0023,West,Arizona,Phoenix,Furniture,Chairs,1892.4,8,0.05,897.53
ORD-2024-11183,2024-08-24,2024-08-26,CUST-0225,PROD-0005,Central,Ohio,Cleveland,Technology,Phones,855.0,1,0.1,248.79
ORD-2024-12086,2024-08-24,2024-08-29,CUST-0391,PROD-0033,South,North Carolina,Charlotte,Furniture,Bookcases,236.6,2,0.3,55.31
ORD-2024-12480,2024-08-25,2024-08-26,CUST-0456,PROD-0018,Central,Minnesota,Minneapolis,Technology,Copiers & Printers,378.1,2,0.05,146.78
ORD-2024-10474,2024-08-26,2024-09-02,CUST-0094,PROD-0022,Central,Texas,San Antonio,Furniture,Chairs,591.3,3,0.1,296.54
ORD-2024-12134,2024-08-26,2024-08-29,CUST-0397,PROD-0022,West,Oregon,Portland,Furniture,Chairs,657.0,3,0.0,359.6
ORD-2024-12936,2024-08-26,2024-08-28,CUST-0537,PROD-0038,Central,Texas,Houston,Office Supplies,Storage,170.1,1,0.1,70.7
ORD-2024-12338,2024-08-28,2024-09-02,CUST-0427,PROD-0024,West,California,San Diego,Furniture,Chairs,269.1,1,0.1,122.55
ORD-2024-12511,2024-08-28,2024-08-31,CUST-0460,PROD-0043,Central,Minnesota,Minneapolis,Office Supplies,Art,118.0,2,0.0,60.44
ORD-2024-10070,2024-08-29,2024-09-02,CUST-0016,PROD-0004,East,Massachusetts,Boston,Technology,Phones,1044.05,1,0.05,360.81
ORD-2024-11872,2024-08-29,2024-08-31,CUST-0352,PROD-0036,East,New York,New York City,Furniture,Furnishings,49.0,1,0.0,23.75
ORD-2024-13757,2024-08-29,2024-09-01,CUST-0697,PROD-0012,West,Washington,Seattle,Technology,Accessories,200.6,4,0.15,111.26
ORD-2024-11345,2024-08-30,2024-09-01,CUST-0254,PROD-0032,West,Oregon,Portland,furniture,Bookcases,909.15,3,0.05,417.01
ORD-2024-13587,2024-08-30,2024-09-03,CUST-0661,PROD-0043,East,New Jersey,Newark,Office Supplies,Art,56.05,1,0.05,26.31
ORD-2024-11348,2024-08-31,2024-09-01,CUST-0254,PROD-0053,West,Oregon,Portland,Office Supplies,Binders,12.0,1,0.0,2.08
ORD-2024-11623,2024-08-31,2024-09-02,CUST-0311,PROD-0056,West,California,San Diego,Office Supplies,Appliances,458.0,2,0.0,229.39
ORD-2024-11774,2024-08-31,2024-09-02,CUST-0334,PROD-0003,Central,Minnesota,Minneapolis,Technology,Phones,1197.0,3,0.0,527.09
ORD-2024-12450,2024-08-31,2024-09-05,CUST-0453,PROD-0056,West,California,San Jose,Office Supplies,Appliances,458.0,2,0.0,230.37
ORD-2024-13365,2024-08-31,2024-09-02,CUST-0622,PROD-0027,South,Florida,Orlando,Furniture,Tables,166.8,2,0.4,8.03
ORD-2024-13727,2024-08-31,2024-09-03,CUST-0693,PROD-0004,Central,Ohio,Columbus,Technology,Phones,1099.0,1,0.0,412.78
ORD-2024-14451,2024-08-31,2024-09-06,CUST-0848,PROD-0049,Central,Texas,San Antonio,Office Supplies,Paper,13.2,1,0.4,0.2
ORD-2024-13166,2024-09-01,2024-09-03,CUST-0586,PROD-0021,South,Florida,Orlando,Furniture,Chairs,718.2,2,0.1,326.6
ORD-2024-10340,2024-09-02,2024-09-04,CUST-0073,PROD-0054,West,Nevada,Las Vegas,Office Supplies,Appliances,284.05,1,0.05,139.96
ORD-2024-11681,2024-09-02,2024-09-04,CUST-0318,PROD-0058,East,New York,New York City,Office Supplies,Fasteners,82.65,3,0.05,30.03
ORD-2024-12927,2024-09-02,2024-09-05,CUST-0535,PROD-0050,East,New York,Buffalo,Office Supplies,Binders,84.0,2,0.0,38.25
ORD-2024-13673,2024-09-02,2024-09-07,CUST-0681,PROD-0023,West,California,San Jose,Furniture,Chairs,224.1,1,0.1,100.91
ORD-2024-13802,2024-09-02,2024-09-05,CUST-0708,PROD-0050,South,Florida,Tampa,Office Supplies,Binders,147.0,5,0.3,43.15
ORD-2024-14014,2024-09-02,2024-09-07,CUST-0753,PROD-0019,West,California,Los Angeles,Technology,Copiers & Printers,658.0,2,0.0,291.39
ORD-2024-12872,2024-09-03,2024-09-06,CUST-0521,PROD-0024,Central,Texas,San Antonio,Furniture,Chairs,598.0,2,0.0,307.19
ORD-2024-13967,2024-09-03,2024-09-05,CUST-0745,PROD-0048,East,New Jersey,Newark,Office Supplies,Paper,56.0,2,0.0,24.06
ORD-2024-10685,2024-09-04,2024-09-05,CUST-0132,PROD-0018,West,California,Los Angeles,Technology,Copiers & Printers,199.0,1,0.0,84.9
ORD-2024-14219,2024-09-04,2024-09-07,CUST-0794,PROD-0057,West,California,Los Angeles,Office Supplies,Appliances,76.5,2,0.15,27.84
ORD-2024-10898,2024-09-05,2024-09-08,CUST-0165,PROD-0042,East,Massachusetts,Boston,Office Supplies,Art,41.65,1,0.15,19.65
ORD-2024-11132,2024-09-05,2024-09-07,CUST-0209,PROD-0051,Central,Texas,Austin,Office Supplies,Binders,16.2,1,0.1,5.51
ORD-2024-11711,2024-09-05,2024-09-10,CUST-0323,PROD-0042,Central,Michigan,Detroit,Office Supplies,Art,98.0,2,0.0,55.76
ORD-2024-11941,2024-09-05,2024-09-07,CUST-0364,PROD-0059,East,New York,Buffalo,Office Supplies,Fasteners,52.25,5,0.05,0.8
ORD-2024-11950,2024-09-05,2024-09-06,CUST-0367,PROD-0057,West,Washington,Spokane,Office Supplies,Appliances,45.0,1,0.0,21.48
ORD-2024-13778,2024-09-05,2024-09-07,CUST-0702,PROD-0041,Central,Minnesota,Minneapolis,Office Supplies,Storage,31.2,1,0.2,12.23
ORD-2024-10812,2024-09-06,2024-09-07,CUST-0153,PROD-0013,West,California,San Jose,Technology,Accessories,62.1,1,0.1,33.63
ORD-2024-10144,2024-09-07,2024-09-09,CUST-0032,PROD-0012,West,Washington,Spokane,Technology,Accessories,100.3,2,0.15,51.13
ORD-2024-10648,2024-09-07,2024-09-10,CUST-0125,PROD-0006,East,Pennsylvania,Pittsburgh,Technology,Laptops,2598.0,2,0.0,1086.13
ORD-2024-10945,2024-09-07,2024-09-10,CUST-0172,PROD-0034,East,New York,Buffalo,Furniture,Furnishings,130.0,2,0.0,67.12
ORD-2024-11310,2024-09-07,2024-09-11,CUST-0245,PROD-0056,West,Oregon,Portland,Office Supplies,Appliances,458.0,2,0.0,227.34
ORD-2024-12163,2024-09-07,2024-09-12,CUST-0401,PROD-0004,West,Arizona,Phoenix,Technology,Phones,1099.0,1,0.0,414.3
ORD-2024-12183,2024-09-07,2024-09-08,CUST-0405,PROD-0024,Central,Texas,Austin,Furniture,Chairs,1196.0,4,0.0,622.15
ORD-2024-12684,2024-09-07,2024-09-14,CUST-0490,PROD-0039,South,Virginia,Richmond,Office Supplies,Storage,30.4,1,0.05,13.77
ORD-2024-12812,2024-09-07,2024-09-10,CUST-0514,PROD-0044,West,Arizona,Phoenix,Office Supplies,Art,79.0,1,0.0,42.68
ORD-2024-10052,2024-09-08,2024-09-11,CUST-0009,PROD-0046,Central,Minnesota,Minneapolis,Office Supplies,Paper,204.0,6,0.0,83.43
ORD-2024-10822,2024-09-08,2024-09-09,CUST-0156,PROD-0020,East,New Jersey,Newark,Furniture,Chairs,279.2,1,0.2,112.54
ORD-2024-12740,2024-09-08,2024-09-10,CUST-0499,PROD-0011,East,New York,Buffalo,Technology,Accessories,116.1,1,0.1,65.89
ORD-2024-13941,2024-09-08,2024-09-11,CUST-0738,PROD-0032,South,Virginia,Richmond,Furniture,Bookcases,191.4,1,0.4,25.61
ORD-2024-12584,2024-09-09,2024-09-10,CUST-0471,PROD-0016,South,Florida,Orlando,Technology,Copiers & Printers,10194.0,6,0.0,4752.16
ORD-2024-13593,2024-09-09,2024-09-13,CUST-0664,PROD-0030,South,North Carolina,Charlotte,Furniture,Bookcases,137.4,1,0.4,23.27
ORD-2024-13784,2024-09-09,2024-09-12,CUST-0703,PROD-0006,East,Massachusetts,Boston,Technology,Laptops,1299.0,1,0.0,542.09
ORD-2024-12978,2024-09-10,2024-09-15,CUST-0549,PROD-0003,East,Massachusetts,Boston,Technology,Phones,359.1,1,0.1,135.61
ORD-2024-13707,2024-09-10,2024-09-13,CUST-0689,PROD-0032,West,Nevada,Las Vegas,Furniture,Bookcases,574.2,3,0.4,76.09
ORD-2024-13738,2024-09-10,2024-09-16,CUST-0694,PROD-0040,Central,Texas,Dallas,Office Supplies,Storage,220.8,4,0.2,87.68
ORD-2024-10038,2024-09-11,2024-09-14,CUST-0008,PROD-0009,West,California,San Diego,Technology,Laptops,1098.0,2,0.0,447.42
ORD-2024-10173,2024-09-11,2024-09-12,CUST-0035,PROD-0002,East,Pennsylvania,Philadelphia,Technology,Phones,1708.1,2,0.05,661.25
ORD-2024-11048,2024-09-11,2024-09-13,CUST-0193,PROD-0045,Central,Minnesota,Minneapolis,Office Supplies,Art,104.5,1,0.05,54.65
ORD-2024-12422,2024-09-11,2024-09-18,CUST-0443,PROD-0044,Central,Ohio,Cleveland,Office Supplies,Art,300.2,4,0.05,146.26
ORD-2024-12934,2024-09-11,2024-09-13,CUST-0537,PROD-0055,Central,Texas,Houston,Office Supplies,Appliances,278.0,2,0.0,135.09
ORD-2024-13631,2024-09-11,2024-09-15,CUST-0671,PROD-0023,East,New York,Buffalo,Furniture,Chairs,211.65,1,0.15,87.97
ORD-2024-11376,2024-09-12,2024-09-18,CUST-0260,PROD-0059,East,Pennsylvania,Pittsburgh,Office Supplies,Fasteners,22.0,2,0.0,7.78
ORD-2024-11773,2024-09-12,2024-09-13,CUST-0334,PROD-0049,Central,Minnesota,Minneapolis,Office Supplies,Paper,59.4,3,0.1,24.34
ORD-2024-12395,2024-09-12,2024-09-14,CUST-0437,PROD-0021,Central,Minnesota,Minneapolis,Furniture,Chairs,399.0,1,0.0,202.43
ORD-2024-12660,2024-09-12,2024-09-19,CUST-0485,PROD-0037,Central,Texas,San Antonio,Furniture,Furnishings,1260.0,6,0.0,678.23
ORD-2024-13599,2024-09-12,2024-09-15,CUST-0665,PROD-0012,West,California,San Jose,Technology,Accessories,177.0,3,0.0,102.56
ORD-2024-13794,2024-09-12,2024-09-14,CUST-0706,PROD-0057,East,New York,New York City,Office Supplies,Appliances,114.75,3,0.15,47.33
ORD-2024-10835,2024-09-13,2024-09-16,CUST-0156,PROD-0029,East,New Jersey,Newark,Furniture,Tables,765.6,3,0.2,214.55
ORD-2024-13324,2024-09-13,2024-09-20,CUST-0615,PROD-0045,East,Pennsylvania,Philadelphia,Office Supplies,Art,110.0,1,0.0,61.85
ORD-2024-13383,2024-09-13,2024-09-15,CUST-0625,PROD-0029,West,Washington,Seattle,Furniture,Tables,303.05,1,0.05,116.26
ORD-2024-13621,2024-09-13,2024-09-17,CUST-0669,PROD-0010,South,North Carolina,Charlotte,Technology,Laptops,2898.0,2,0.0,1189.45
ORD-2024-14332,2024-09-13,2024-09-18,CUST-0822,PROD-0054,South,Virginia,Richmond,Office Supplies,Appliances,358.8,2,0.4,64.86
ORD-2024-10746,2024-09-14,2024-09-18,CUST-0144,PROD-0018,Central,Ohio,Columbus,Technology,Copiers & Printers,199.0,1,0.0,82.69
ORD-2024-11433,2024-09-14,2024-09-15,CUST-0272,PROD-0033,West,Colorado,Denver,Furniture,Bookcases,507.0,6,0.5,-39.69
ORD-2024-13132,2024-09-14,2024-09-16,CUST-0581,PROD-0025,East,New Jersey,Newark,Furniture,Tables,1103.3,2,0.15,334.85
ORD-2024-10380,2024-09-16,2024-09-19,CUST-0080,PROD-0020,East,Massachusetts,Boston,Furniture,Chairs,628.2,2,0.1,300.92
ORD-2024-10422,2024-09-16,2024-09-18,CUST-0086,PROD-0041,West,Colorado,Denver,Office Supplies,Storage,78.0,2,0.0,38.54
ORD-2024-10969,2024-09-16,2024-09-18,CUST-0180,PROD-0053,South,Virginia,Richmond,Office Supplies,Binders,11.4,1,0.05,1.73
ORD-2024-11002,2024-09-16,2024-09-20,CUST-0187,PROD-0013,West,Arizona,Phoenix,Technology,Accessories,207.0,3,0.0,124.8
ORD-2024-12647,2024-09-16,2024-09-18,CUST-0483,PROD-0029,Central,Texas,Austin,Furniture,Tables,1435.5,5,0.1,508.53
ORD-2024-14062,2024-09-16,2024-09-19,CUST-0759,PROD-0003,West,Oregon,Portland,Technology,Phones,2274.3,6,0.05,927.33
ORD-2024-14073,2024-09-16,2024-09-19,CUST-0761,PROD-0023,East,New Jersey,Newark,Furniture,Chairs,149.4,1,0.4,25.63
ORD-2024-12849,2024-09-17,2024-09-23,CUST-0518,PROD-0035,Central,Minnesota,Minneapolis,Furniture,Furnishings,300.0,4,0.0,155.38
ORD-2024-11343,2024-09-18,2024-09-22,CUST-0254,PROD-0024,West,Oregon,Portland,Furniture,Chairs,254.15,1,0.15,107.39
ORD-2024-11404,2024-09-18,2024-09-20,CUST-0267,PROD-0003,South,Florida,Orlando,Technology,Phones,399.0,1,0.0,175.78
ORD-2024-13296,2024-09-18,2024-09-23,CUST-0609,PROD-0041,East,New York,New York City,Office Supplies,Storage,81.9,3,0.3,23.57
ORD-2024-10033,2024-09-19,2024-09-21,CUST-0007,PROD-0003,Central,Minnesota,Minneapolis,Technology,Phones,379.05,1,0.05,155.64
ORD-2024-10353,2024-09-19,2024-09-23,CUST-0074,PROD-0002,West,California,San Diego,Technology,Phones,854.05,1,0.05,330.33
ORD-2024-10667,2024-09-19,2024-09-20,CUST-0129,PROD-0002,East,New Jersey,Newark,Technology,Phones,1618.2,2,0.1,564.3
ORD-2024-10828,2024-09-19,2024-09-24,CUST-0156,PROD-0026,East,New Jersey,Newark,Furniture,Tables,424.15,1,0.15,140.9
ORD-2024-11420,2024-09-19,2024-09-22,CUST-0270,PROD-0049,Central,Texas,Houston,Office Supplies,Paper,41.8,2,0.05,15.76
ORD-2024-14036,2024-09-19,2024-09-23,CUST-0756,PROD-0017,South,North Carolina,Charlotte,Technology,Copiers & Printers,559.2,1,0.2,173.83
ORD-2024-10905,2024-09-20,2024-09-24,CUST-0166,PROD-0001,West,Washington,Seattle,Technology,Phones,2397.0,3,0.0,1026.38
ORD-2024-10985,2024-09-20,2024-09-21,CUST-0182,PROD-0058,East,New Jersey,Newark,Office Supplies,Fasteners,58.0,2,0.0,27.44
ORD-2024-11717,2024-09-20,2024-09-24,CUST-0324,PROD-0007,South,Tennessee,Nashville,Technology,Laptops,799.2,1,0.2,214.89
ORD-2024-12925,2024-09-20,2024-09-27,CUST-0534,PROD-0043,West,Arizona,Phoenix,Office Supplies,Art,118.0,2,0.0,58.6
ORD-2024-13124,2024-09-20,2024-09-22,CUST-0578,PROD-0049,West,California,San Diego,Office Supplies,Paper,41.8,2,0.05,19.06
ORD-2024-10951,2024-09-21,2024-09-23,CUST-0174,PROD-0047,South,Tennessee,Nashville,Office Supplies,Paper,50.4,3,0.3,12.58
ORD-2024-12200,2024-09-21,2024-09-23,CUST-0407,PROD-0038,Central,Minnesota,Minneapolis,Office Supplies,Storage,897.75,5,0.05,391.07
ORD-2024-12240,2024-09-21,2024-09-25,CUST-0414,PROD-0041,East,New Jersey,Newark,Office Supplies,Storage,66.3,2,0.15,28.01
ORD-2024-12478,2024-09-21,2024-09-23,CUST-0456,PROD-0033,Central,Minnesota,Minneapolis,Furniture,Bookcases,760.5,5,0.1,302.9
ORD-2024-14072,2024-09-21,2024-09-23,CUST-0761,PROD-0052,East,New Jersey,Newark,Office Supplies,Binders,38.0,2,0.0,17.66
ORD-2024-10109,2024-09-22,2024-09-25,CUST-0025,PROD-0053,West,California,Los Angeles,Office Supplies,Binders,34.2,3,0.05,6.44
ORD-2024-11136,2024-09-22,2024-09-26,CUST-0209,PROD-0015,Central,Texas,Austin,Technology,Accessories,84.55,1,0.05,42.98
ORD-2024-10386,2024-09-23,2024-09-26,CUST-0081,PROD-0029,East,Massachusetts,Boston,Furniture,Tables,382.8,2,0.4,10.95
ORD-2024-10913,2024-09-23,2024-09-25,CUST-0168,PROD-0030,South,Florida,Miami,Furniture,Bookcases,229.0,1,0.0,112.11
ORD-2024-11486,2024-09-23,2024-09-28,CUST-0282,PROD-0038,Central,Ohio,Cleveland,Office Supplies,Storage,160.65,1,0.15,62.48
ORD-2024-12879,2024-09-24,2024-09-27,CUST-0522,PROD-0045,Central,Texas,Austin,Office Supplies,Art,209.0,2,0.05,108.05
ORD-2024-14255,2024-09-24,2024-09-28,CUST-0805,PROD-0052,Central,Ohio,Cleveland,Office Supplies,Binders,22.8,2,0.4,2.46
ORD-2024-10574,2024-09-25,2024-09-27,CUST-0112,PROD-0009,Central,Minnesota,Minneapolis,Technology,Laptops,439.2,1,0.2,115.96
ORD-2024-12867,2024-09-26,2024-10-01,CUST-0519,PROD-0051,Central,Texas,Dallas,Office Supplies,Binders,10.8,1,0.4,-1.71
ORD-2024-12946,2024-09-26,2024-09-29,CUST-0539,PROD-0020,West,California,San Francisco,Furniture,Chairs,349.0,1,0.0,182.26
ORD-2024-13498,2024-09-26,2024-09-28,CUST-0643,PROD-0011,Central,Texas,Austin,Technology,Accessories,367.65,3,0.05,218.0
ORD-2024-12667,2024-09-27,2024-09-29,CUST-0487,PROD-0031,South,Florida,Orlando,Furniture,Bookcases,94.05,1,0.05,43.84
ORD-2024-13134,2024-09-27,2024-09-29,CUST-0581,PROD-0025,East,New Jersey,Newark,Furniture,Tables,1654.95,3,0.15,505.82
ORD-2024-13171,2024-09-27,2024-09-30,CUST-0587,PROD-0004,West,Arizona,Phoenix,Technology,Phones,2088.1,2,0.05,714.96
ORD-2024-13480,2024-09-27,2024-10-02,CUST-0641,PROD-0010,West,California,San Jose,Technology,Laptops,3912.3,3,0.1,1347.07
ORD-2024-12571,2024-09-28,2024-10-01,CUST-0468,PROD-0014,East,Massachusetts,Boston,Technology,Accessories,149.0,1,0.0,87.23
ORD-2024-13214,2024-09-28,2024-09-30,CUST-0595,PROD-0026,South,Virginia,Richmond,Furniture,Tables,449.1,1,0.1,162.48
ORD-2024-13311,2024-09-29,2024-10-01,CUST-0611,PROD-0006,West,Washington,Spokane,Technology,Laptops,1299.0,1,0.0,543.98
ORD-2024-11100,2024-09-30,2024-10-02,CUST-0203,PROD-0026,Central,Ohio,Cleveland,Furniture,Tables,424.15,1,0.15,139.78
ORD-2024-12258,2024-09-30,2024-10-04,CUST-0417,PROD-0022,Central,Texas,Houston,Furniture,Chairs,175.2,1,0.2,75.35
ORD-2024-10221,2024-10-01,2024-10-06,CUST-0049,PROD-0003,South,Virginia,Richmond,Technology,Phones,379.05,1,0.05,155.99
ORD-2024-11621,2024-10-01,2024-10-02,CUST-0310,PROD-0047,West,Nevada,Las Vegas,Office Supplies,Paper,38.4,2,0.2,6.49
ORD-2024-11690,2024-10-01,2024-10-05,CUST-0319,PROD-0040,South,Florida,Tampa,Office Supplies,Storage,234.6,4,0.15,109.09
ORD-2024-12100,2024-10-01,2024-10-03,CUST-0394,PROD-0048,Central,Ohio,Cleveland,Office Supplies,Paper,26.6,1,0.05,10.09
ORD-2024-13423,2024-10-01,2024-10-02,CUST-0630,PROD-0043,Central,Illinois,Chicago,Office Supplies,Art,59.0,1,0.0,29.75
ORD-2024-14370,2024-10-01,2024-10-03,CUST-0832,PROD-0012,East,Massachusetts,Boston,Technology,Accessories,59.0,1,0.0,37.46
ORD-2024-11229,2024-10-02,2024-10-03,CUST-0231,PROD-0050,West,Oregon,Portland,office supplies,Binders,79.8,2,0.05,37.26
ORD-2024-11390,2024-10-02,2024-10-03,CUST-0261,PROD-0002,West,Oregon,Portland,Technology,Phones,2562.15,3,0.05,985.65
ORD-2024-11609,2024-10-02,2024-10-05,CUST-0309,PROD-0041,West,California,San Diego,Office Supplies,Storage,111.15,3,0.05,54.89
ORD-2024-13062,2024-10-02,2024-10-03,CUST-0566,PROD-0030,West,Colorado,Denver,Furniture,Bookcases,458.0,2,0.0,225.53
ORD-2024-13140,2024-10-02,2024-10-04,CUST-0582,PROD-0026,South,Florida,Tampa,Furniture,Tables,848.3,2,0.15,275.97
ORD-2024-13579,2024-10-02,2024-10-03,CUST-0660,PROD-0034,West,California,San Diego,Furniture,Furnishings,61.75,1,0.05,31.76
ORD-2024-14105,2024-10-02,2024-10-06,CUST-0766,PROD-0013,East,New York,Buffalo,Technology,Accessories,69.0,1,0.0,42.41
ORD-2024-14184,2024-10-02,2024-10-04,CUST-0786,PROD-0035,South,Virginia,Richmond,furniture,Furnishings,225.0,3,0.0,119.73
ORD-2024-10071,2024-10-03,2024-10-05,CUST-0016,PROD-0036,East,Massachusetts,Boston,Furniture,Furnishings,245.0,5,0.0,129.6
ORD-2024-10901,2024-10-03,2024-10-06,CUST-0165,PROD-0012,East,Massachusetts,Boston,Technology,Accessories,59.0,1,0.0,37.07
ORD-2024-11771,2024-10-03,2024-10-07,CUST-0334,PROD-0047,Central,Minnesota,Minneapolis,Office Supplies,Paper,22.8,1,0.05,10.01
ORD-2024-12128,2024-10-03,2024-10-04,CUST-0397,PROD-0012,West,Oregon,Portland,Technology,Accessories,59.0,1,0.0,35.99
ORD-2024-12969,2024-10-03,2024-10-08,CUST-0546,PROD-0002,Central,Ohio,Columbus,Technology,Phones,1798.0,2,0.0,749.24
ORD-2024-10990,2024-10-04,2024-10-05,CUST-0184,PROD-0053,West,Colorado,Denver,Office Supplies,Binders,21.6,2,0.1,7.27
ORD-2024-13304,2024-10-04,2024-10-06,CUST-0609,PROD-0008,East,New York,New York City,Technology,Laptops,3418.2,2,0.1,1210.46
ORD-2024-10734,2024-10-05,2024-10-07,CUST-0141,PROD-0022,East,New Jersey,Newark,Furniture,Chairs,876.0,4,0.0,480.73
ORD-2024-12284,2024-10-05,2024-10-08,CUST-0420,PROD-0039,South,Tennessee,Nashville,Office Supplies,Storage,81.6,3,0.15,35.99
ORD-2024-13499,2024-10-05,2024-10-07,CUST-0643,PROD-0058,Central,Texas,Austin,Office Supplies,Fasteners,26.1,1,0.1,9.65
ORD-2024-10366,2024-10-06,2024-10-08,CUST-0077,PROD-0048,East,New York,Buffalo,Office Supplies,Paper,26.6,1,0.05,11.91
ORD-2024-10538,2024-10-06,2024-10-08,CUST-0105,PROD-0047,East,New Jersey,Newark,Office Supplies,Paper,48.0,2,0.0,21.96
ORD-2024-11488,2024-10-06,2024-10-09,CUST-0282,PROD-0051,Central,Ohio,Cleveland,Office Supplies,Binders,18.0,1,0.0,7.27
ORD-2024-12390,2024-10-06,2024-10-09,CUST-0436,PROD-0039,West,Arizona,Phoenix,Office Supplies,Storage,102.4,4,0.2,35.03
ORD-2024-12683,2024-10-06,2024-10-09,CUST-0490,PROD-0023,South,Virginia,Richmond,Furniture,Chairs,348.6,2,0.3,100.67
ORD-2024-10728,2024-10-07,2024-10-11,CUST-0140,PROD-0022,East,Pennsylvania,Philadelphia,Furniture,Chairs,197.1,1,0.1,95.46
ORD-2024-12290,2024-10-07,2024-10-11,CUST-0421,PROD-0007,Central,Texas,Houston,Technology,Laptops,999.0,1,0.0,414.08
ORD-2024-12362,2024-10-07,2024-10-09,CUST-0432,PROD-0047,East,Pennsylvania,Philadelphia,Office Supplies,Paper,24.0,1,0.0,9.28
ORD-2024-13758,2024-10-07,2024-10-11,CUST-0697,PROD-0003,West,Washington,Seattle,Technology,Phones,798.0,2,0.0,347.16
ORD-2024-14450,2024-10-07,2024-10-09,CUST-0848,PROD-0047,Central,Texas,San Antonio,Office Supplies,Paper,24.0,1,0.0,9.96
ORD-2024-11032,2024-10-08,2024-10-10,CUST-0192,PROD-0020,East,Massachusetts,Boston,Furniture,Chairs,209.4,1,0.4,45.05
ORD-2024-13369,2024-10-08,2024-10-11,CUST-0622,PROD-0058,South,Florida,Orlando,Office Supplies,Fasteners,29.0,1,0.0,11.54
ORD-2024-13922,2024-10-08,2024-10-11,CUST-0735,PROD-0019,South,Florida,Miami,Technology,Copiers & Printers,329.0,1,0.0,142.56
ORD-2024-14268,2024-10-08,2024-10-11,CUST-0809,PROD-0046,South,Florida,Miami,Office Supplies,Paper,34.0,1,0.0,14.75
ORD-2024-10910,2024-10-09,2024-10-14,CUST-0167,PROD-0005,Central,Texas,Dallas,Technology,Phones,855.0,1,0.1,250.34
ORD-2024-12316,2024-10-09,2024-10-11,CUST-0424,PROD-0011,East,New York,New York City,Technology,Accessories,387.0,3,0.0,237.51
ORD-2024-13809,2024-10-09,2024-10-11,CUST-0709,PROD-0007,East,Pennsylvania,Philadelphia,Technology,Laptops,1998.0,2,0.0,824.91
ORD-2024-13999,2024-10-09,2024-10-11,CUST-0749,PROD-0031,Central,Ohio,Columbus,Furniture,Bookcases,84.15,1,0.15,33.63
ORD-2024-10670,2024-10-10,2024-10-17,CUST-0129,PROD-0032,East,New Jersey,Newark,Furniture,Bookcases,478.5,3,0.5,-11.96
ORD-2024-12292,2024-10-10,2024-10-13,CUST-0421,PROD-0026,Central,Texas,Houston,Furniture,Tables,1397.2,4,0.3,262.62
ORD-2024-13986,2024-10-10,2024-10-15,CUST-0747,PROD-0017,West,Colorado,Denver,Technology,Copiers & Printers,1328.1,2,0.05,555.94
ORD-2024-12047,2024-10-11,2024-10-16,CUST-0384,PROD-0041,Central,Texas,San Antonio,Office Supplies,Storage,37.05,1,0.05,17.21
ORD-2024-12230,2024-10-12,2024-10-13,CUST-0412,PROD-0028,East,New York,Buffalo,Furniture,Tables,2716.6,4,0.15,890.18
ORD-2024-12682,2024-10-12,2024-10-14,CUST-0490,PROD-0015,South,Virginia,Richmond,Technology,Accessories,80.1,1,0.1,40.3
ORD-2024-13190,2024-10-12,2024-10-15,CUST-0590,PROD-0010,Central,Texas,Houston,Technology,Laptops,1449.0,1,0.0,593.69
ORD-2024-10764,2024-10-13,2024-10-15,CUST-0146,PROD-0008,East,Pennsylvania,Philadelphia,Technology,Laptops,3798.0,2,0.0,1584.34
ORD-2024-12299,2024-10-13,2024-10-14,CUST-0423,PROD-0035,South,Tennessee,Nashville,Furniture,Furnishings,71.25,1,0.05,34.88
ORD-2024-13713,2024-10-13,2024-10-19,CUST-0690,PROD-0034,West,Washington,Seattle,Furniture,Furnishings,65.0,1,0.0,33.74
ORD-2024-10697,2024-10-14,2024-10-16,CUST-0135,PROD-0051,South,North Carolina,Charlotte,Office Supplies,Binders,54.0,3,0.0,15.37
ORD-2024-11471,2024-10-14,2024-10-16,CUST-0278,PROD-0017,Central,Ohio,Columbus,Technology,Copiers & Printers,664.05,1,0.05,279.61
ORD-2024-11616,2024-10-14,2024-10-17,CUST-0309,PROD-0038,West,California,San Diego,Office Supplies,Storage,378.0,2,0.0,179.06
ORD-2024-11869,2024-10-14,2024-10-18,CUST-0351,PROD-0029,West,California,San Jose,Furniture,Tables,382.8,2,0.4,16.65
ORD-2024-12029,2024-10-14,2024-10-20,CUST-0383,PROD-0032,South,North Carolina,Charlotte,Furniture,Bookcases,542.3,2,0.15,212.1
ORD-2024-13504,2024-10-14,2024-10-16,CUST-0643,PROD-0004,Central,Texas,Austin,Technology,Phones,1978.2,2,0.1,609.46
ORD-2024-10195,2024-10-15,2024-10-18,CUST-0043,PROD-0037,South,Florida,Orlando,Furniture,Furnishings,126.0,1,0.4,29.76
ORD-2024-12357,2024-10-15,2024-10-17,CUST-0431,PROD-0040,South,Virginia,Richmond,Office Supplies,Storage,65.55,1,0.05,31.26
ORD-2024-12499,2024-10-15,2024-10-17,CUST-0458,PROD-0059,West,Arizona,Phoenix,Office Supplies,Fasteners,11.0,1,0.0,0.65
ORD-2024-13654,2024-10-16,2024-10-19,CUST-0676,PROD-0040,Central,Ohio,Columbus,Office Supplies,Storage,27.6,1,0.6,-5.24
ORD-2024-13715,2024-10-16,2024-10-19,CUST-0691,PROD-0039,Central,Michigan,Detroit,Office Supplies,Storage,32.0,1,0.0,15.17
ORD-2024-14367,2024-10-16,2024-10-18,CUST-0831,PROD-0041,South,Tennessee,Nashville,Office Supplies,Storage,35.1,1,0.1,13.46
ORD-2024-10484,2024-10-17,2024-10-19,CUST-0095,PROD-0051,South,Tennessee,Nashville,Office Supplies,Binders,51.3,3,0.05,12.57
ORD-2024-11189,2024-10-17,2024-10-22,CUST-0227,PROD-0052,South,North Carolina,Charlotte,Office Supplies,Binders,13.3,1,0.3,0.94
ORD-2024-11575,2024-10-17,2024-10-18,CUST-0303,PROD-0037,Central,Texas,Austin,Furniture,Furnishings,189.0,1,0.1,94.17
ORD-2024-13937,2024-10-17,2024-10-20,CUST-0737,PROD-0009,West,California,San Francisco,Technology,Laptops,1866.6,4,0.15,565.77
ORD-2024-11957,2024-10-18,2024-10-21,CUST-0369,PROD-0038,West,Washington,Seattle,Office Supplies,Storage,113.4,1,0.4,11.57
ORD-2024-12656,2024-10-18,2024-10-19,CUST-0485,PROD-0048,Central,Texas,San Antonio,Office Supplies,Paper,75.6,3,0.1,26.57
ORD-2024-13046,2024-10-18,2024-10-21,CUST-0562,PROD-0015,Central,Illinois,Chicago,Technology,Accessories,267.0,3,0.0,141.6
ORD-2024-10044,2024-10-19,2024-10-20,CUST-0009,PROD-0034,Central,Minnesota,Minneapolis,Furniture,Furnishings,52.0,1,0.2,22.07
ORD-2024-10219,2024-10-19,2024-10-21,CUST-0049,PROD-0047,South,Virginia,Richmond,Office Supplies,Paper,24.0,1,0.0,8.77
ORD-2024-11228,2024-10-19,2024-10-25,CUST-0231,PROD-0007,West,Oregon,Portland,Technology,Laptops,999.0,1,0.0,412.76
ORD-2024-12907,2024-10-19,2024-10-20,CUST-0528,PROD-0013,East,New York,New York City,Technology,Accessories,65.55,1,0.05,39.51
ORD-2024-13712,2024-10-19,2024-10-21,CUST-0690,PROD-0033,West,Washington,Seattle,Furniture,Bookcases,405.6,3,0.2,131.34
ORD-2024-14201,2024-10-19,2024-10-22,CUST-0789,PROD-0037,East,New York,New York City,Furniture,Furnishings,378.0,2,0.1,187.16
ORD-2024-12921,2024-10-20,2024-10-21,CUST-0533,PROD-0047,Central,Minnesota,Minneapolis,Office Supplies,Paper,72.0,3,0.0,29.7
ORD-2024-13797,2024-10-20,2024-10-23,CUST-0706,PROD-0031,East,New York,New York City,Furniture,Bookcases,168.3,2,0.15,65.8
ORD-2024-14018,2024-10-20,2024-10-22,CUST-0753,PROD-0016,West,California,Los Angeles,Technology,Copiers & Printers,8070.25,5,0.05,3543.81
ORD-2024-14324,2024-10-20,2024-10-22,CUST-0821,PROD-0028,South,Tennessee,Nashville,Furniture,Tables,479.4,1,0.4,22.45
ORD-2024-14427,2024-10-20,2024-10-22,CUST-0844,PROD-0045,South,Georgia,Atlanta,Office Supplies,Art,104.5,1,0.05,54.25
ORD-2024-10448,2024-10-21,2024-10-23,CUST-0088,PROD-0015,East,Pennsylvania,Philadelphia,Technology,Accessories,89.0,1,0.0,47.39
ORD-2024-11702,2024-10-21,2024-10-25,CUST-0320,PROD-0007,Central ,Ohio,Columbus,Technology,Laptops,1998.0,2,0.0,825.08
ORD-2024-13234,2024-10-21,2024-10-23,CUST-0597,PROD-0009,West,California,Los Angeles,Technology,Laptops,549.0,1,0.0,224.61
ORD-2024-13984,2024-10-21,2024-10-24,CUST-0747,PROD-0045,West,Colorado,Denver,Office Supplies,Art,313.5,3,0.05,162.64
ORD-2024-14016,2024-10-21,2024-10-24,CUST-0753,PROD-0055,West,California,Los Angeles,Office Supplies,Appliances,97.3,1,0.3,28.3
ORD-2024-10379,2024-10-22,2024-10-25,CUST-0080,PROD-0025,East,Massachusetts,Boston,Furniture,Tables,1557.6,3,0.2,407.09
ORD-2024-10485,2024-10-22,2024-10-24,CUST-0095,PROD-0004,South,Tennessee,Nashville,Technology,Phones,4176.2,4,0.05,1440.23
ORD-2024-11206,2024-10-22,2024-10-26,CUST-0228,PROD-0039,West,California,San Diego,Office Supplies,Storage,51.2,2,0.2,16.46
ORD-2024-11784,2024-10-22,2024-10-24,CUST-0334,PROD-0057,Central,Minnesota,Minneapolis,Office Supplies,Appliances,171.0,4,0.05,80.26
ORD-2024-11877,2024-10-22,2024-10-25,CUST-0353,PROD-0024,West,Washington,Seattle,Furniture,Chairs,269.1,1,0.1,124.08
ORD-2024-11478,2024-10-23,2024-10-24,CUST-0280,PROD-0008,South ,Florida,Miami,Technology,Laptops,1899.0,1,0.0,792.44
ORD-2024-14233,2024-10-23,2024-10-24,CUST-0797,PROD-0039,West,Oregon,Portland,Office Supplies,Storage,28.8,1,0.1,12.4
ORD-2024-13461,2024-10-24,2024-10-29,CUST-0639,PROD-0013,East,New Jersey,Newark,Technology,Accessories,65.55,1,0.05,37.75
ORD-2024-11631,2024-10-25,2024-10-27,CUST-0311,PROD-0060,West,California,San Diego,Office Supplies,Fasteners,28.0,2,0.0,5.14
ORD-2024-13196,2024-10-25,2024-10-29,CUST-0592,PROD-0042,Central,Ohio,Columbus,Office Supplies,Art,49.0,1,0.0,26.07
ORD-2024-10682,2024-10-26,2024-10-29,CUST-0131,PROD-0023,South,Florida,Tampa,Furniture,Chairs,249.0,1,0.0,123.99
ORD-2024-12519,2024-10-26,2024-10-30,CUST-0461,PROD-0035,Central,Texas,Houston,Furniture,Furnishings,75.0,1,0.0,39.79
ORD-2024-13320,2024-10-26,2024-10-30,CUST-0614,PROD-0030,Central,Texas,Dallas,Furniture,Bookcases,160.3,1,0.3,46.39
ORD-2024-14150,2024-10-26,2024-11-01,CUST-0778,PROD-0005,West,Washington,Spokane,Technology,Phones,1710.0,2,0.1,498.17
ORD-2024-10547,2024-10-27,2024-10-31,CUST-0106,PROD-0020,East,New Jersey,Newark,Furniture,Chairs,349.0,1,0.0,185.64
ORD-2024-10794,2024-10-27,2024-10-29,CUST-0150,PROD-0024,West,Arizona,Phoenix,Furniture,Chairs,299.0,1,0.0,153.07
ORD-2024-10801,2024-10-27,2024-10-29,CUST-0151,PROD-0024,West,Arizona,Phoenix,Furniture,Chairs,598.0,2,0.0,309.52
ORD-2024-12734,2024-10-27,2024-10-29,CUST-0499,PROD-0058,East,New York,Buffalo,Office Supplies,Fasteners,82.65,3,0.05,27.62
ORD-2024-10718,2024-10-28,2024-11-01,CUST-0138,PROD-0014,South,Virginia,Richmond,Technology,Accessories,141.55,1,0.05,81.99
ORD-2024-11188,2024-10-28,2024-10-30,CUST-0227,PROD-0043,South,North Carolina,Charlotte,Office Supplies,Art,212.4,4,0.1,100.02
ORD-2024-11257,2024-10-28,2024-10-29,CUST-0235,PROD-0028,Central,Texas,Houston,Furniture,Tables,1598.0,2,0.0,691.61
ORD-2024-11264,2024-10-28,2024-10-30,CUST-0237,PROD-0042,East,New Jersey,Newark,Office Supplies,Art,49.0,1,0.0,27.38
ORD-2024-11308,2024-10-28,2024-11-03,CUST-0244,PROD-0025,West,Washington,Seattle,Furniture,Tables,1298.0,2,0.0,526.65
ORD-2024-11527,2024-10-28,2024-10-30,CUST-0292,PROD-0003,West,Washington,Seattle,Technology,Phones,1017.45,3,0.15,336.5
ORD-2024-10045,2024-10-29,2024-10-31,CUST-0009,PROD-0015,Central,Minnesota,Minneapolis,Technology,Accessories,356.0,4,0.0,194.43
ORD-2024-10286,2024-10-29,2024-11-04,CUST-0065,PROD-0048,Central,Texas,Austin,Office Supplies,Paper,98.0,5,0.3,26.71
ORD-2024-11599,2024-10-29,2024-11-03,CUST-0306,PROD-0005,Central,Texas,Austin,Technology,Phones,950.0,1,0.0,345.39
ORD-2024-12274,2024-10-29,2024-11-01,CUST-0418,PROD-0014,South,Florida,Miami,Technology,Accessories,126.65,1,0.15,66.25
ORD-2024-12939,2024-10-29,2024-11-01,CUST-0537,PROD-0046,Central,Texas,Houston,Office Supplies,Paper,61.2,3,0.4,4.66
ORD-2024-13017,2024-10-29,2024-11-01,CUST-0555,PROD-0045,West,Colorado,Denver,Office Supplies,Art,440.0,4,0.0,245.62
ORD-2024-13221,2024-10-29,2024-11-03,CUST-0595,PROD-0054,South,Virginia,Richmond,Office Supplies,Appliances,269.1,1,0.1,125.67
ORD-2024-14066,2024-10-29,2024-10-30,CUST-0759,PROD-0054,West,Oregon,Portland,Office Supplies,Appliances,897.0,3,0.0,462.27
ORD-2024-14203,2024-10-29,2024-11-01,CUST-0789,PROD-0047,East,New York,New York City,Office Supplies,Paper,24.0,1,0.0,11.26
ORD-2024-12317,2024-10-30,2024-11-02,CUST-0424,PROD-0029,East,New York,New York City,Furniture,Tables,255.2,1,0.2,68.57
ORD-2024-14246,2024-10-30,2024-11-05,CUST-0803,PROD-0029,East,Massachusetts,Boston,Furniture,Tables,606.1,2,0.05,235.71
ORD-2024-10132,2024-10-31,2024-11-03,CUST-0028,PROD-0044,West,Oregon,Portland,Office Supplies,Art,201.45,3,0.15,92.74
ORD-2024-10374,2024-10-31,2024-11-04,CUST-0079,PROD-0027,West,Oregon,Portland,Furniture,Tables,417.0,3,0.0,177.85
ORD-2024-10816,2024-10-31,2024-11-04,CUST-0154,PROD-0014,West,Washington,Seattle,Technology,Accessories,134.1,1,0.1,75.51
ORD-2024-11043,2024-10-31,2024-11-03,CUST-0192,PROD-0005,East,Massachusetts,Boston,Technology,Phones,855.0,1,0.1,248.97
ORD-2024-11522,2024-10-31,2024-11-04,CUST-0291,PROD-0004,Central,Texas,Austin,Technology,Phones,1099.0,1,0.0,412.17
ORD-2024-12664,2024-10-31,2024-11-02,CUST-0486,PROD-0037,East,Massachusetts,Boston,Furniture,Furnishings,535.5,3,0.15,255.27
ORD-2024-14069,2024-10-31,2024-11-03,CUST-0760,PROD-0003,Central,Texas,San Antonio,Technology,Phones,399.0,1,0.0,175.38
ORD-2024-14405,2024-10-31,2024-11-04,CUST-0838,PROD-0054,South,Georgia,Atlanta,Office Supplies,Appliances,568.1,2,0.05,274.24
ORD-2024-10786,2024-11-01,2024-11-04,CUST-0150,PROD-0032,West,Arizona,Phoenix,Furniture,Bookcases,909.15,3,0.05,415.86
ORD-2024-11628,2024-11-01,2024-11-03,CUST-0311,PROD-0044,West,California,San Diego,Office Supplies,Art,165.9,3,0.3,54.24
ORD-2024-11709,2024-11-01,2024-11-06,CUST-0322,PROD-0025,West,California,San Francisco,Furniture,Tables,454.3,1,0.3,70.83
ORD-2024-12082,2024-11-01,2024-11-03,CUST-0390,PROD-0010,Central,Texas,Austin,Technology,Laptops,1449.0,1,0.0,595.56
ORD-2024-12394,2024-11-01,2024-11-04,CUST-0437,PROD-0057,Central,Minnesota,Minneapolis,Office Supplies,Appliances,121.5,3,0.1,48.77
ORD-2024-12545,2024-11-01,2024-11-03,CUST-0464,PROD-0016,West,California,San Jose,Technology,Copiers & Printers,1359.2,1,0.2,452.6
ORD-2024-12938,2024-11-01,2024-11-02,CUST-0537,PROD-0048,Central,Texas,Houston,Office Supplies,Paper,19.6,1,0.3,4.58
ORD-2024-13726,2024-11-01,2024-11-03,CUST-0693,PROD-0038,Central,Ohio,Columbus,Office Supplies,Storage,160.65,1,0.15,62.11
ORD-2024-14222,2024-11-01,2024-11-06,CUST-0794,PROD-0023,West,California,Los Angeles,Furniture,Chairs,174.3,1,0.3,49.85
ORD-2024-10391,2024-11-02,2024-11-06,CUST-0081,PROD-0032,East,Massachusetts,Boston,Furniture,Bookcases,287.1,1,0.1,123.83
ORD-2024-10761,2024-11-02,2024-11-05,CUST-0146,PROD-0005,East,Pennsylvania,Philadelphia,Technology,Phones,3562.5,5,0.25,536.19
ORD-2024-10781,2024-11-02,2024-11-04,CUST-0149,PROD-0030,Central,Ohio,Cleveland,Furniture,Bookcases,412.2,2,0.1,179.98
ORD-2024-11328,2024-11-02,2024-11-04,CUST-0251,PROD-0010,Central,Texas,Dallas,Technology,Laptops,4347.0,3,0.0,1778.76
ORD-2024-10343,2024-11-03,2024-11-05,CUST-0073,PROD-0046,West,Nevada,Las Vegas,Office Supplies,Paper,64.6,2,0.05,22.96
ORD-2024-10567,2024-11-03,2024-11-04,CUST-0110,PROD-0048,South,North Carolina,Charlotte,Office Supplies,Paper,28.0,1,0.0,12.88
ORD-2024-10691,2024-11-03,2024-11-07,CUST-0133,PROD-0022,Central,Ohio,Cleveland,Furniture,Chairs,394.2,2,0.1,190.28
ORD-2024-13294,2024-11-03,2024-11-06,CUST-0609,PROD-0038,East,New York,New York City,Office Supplies,Storage,179.55,1,0.05,81.33
ORD-2024-13821,2024-11-03,2024-11-05,CUST-0710,PROD-0036,Central,Illinois,Chicago,Furniture,Furnishings,49.0,1,0.0,25.44
ORD-2024-14029,2024-11-03,2024-11-06,CUST-0756,PROD-0043,South,North Carolina,Charlotte,Office Supplies,Art,118.0,2,0.0,57.01
ORD-2024-10153,2024-11-04,2024-11-08,CUST-0033,PROD-0054,West,Arizona,Phoenix,Office Supplies,Appliances,598.0,2,0.0,310.92
ORD-2024-10524,2024-11-04,2024-11-06,CUST-0104,PROD-0034,South,Georgia,Atlanta,Furniture,Furnishings,195.0,3,0.0,99.92
ORD-2024-10735,2024-11-04,2024-11-05,CUST-0141,PROD-0037,East,New Jersey,Newark,Furniture,Furnishings,756.0,4,0.1,371.75
ORD-2024-10858,2024-11-04,2024-11-05,CUST-0160,PROD-0018,East,Pennsylvania,Pittsburgh,Technology,Copiers & Printers,199.0,1,0.0,85.93
ORD-2024-11041,2024-11-04,2024-11-06,CUST-0192,PROD-0032,East,Massachusetts,Boston,Furniture,Bookcases,638.0,2,0.0,309.7
ORD-2024-11606,2024-11-04,2024-11-10,CUST-0308,PROD-0031,Central,Texas,Dallas,Furniture,Bookcases,99.0,1,0.0,49.04
ORD-2024-13375,2024-11-04,2024-11-06,CUST-0624,PROD-0053,East,Pennsylvania,Pittsburgh,Office Supplies,Binders,7.2,1,0.4,-0.88
ORD-2024-11548,2024-11-05,2024-11-08,CUST-0296,PROD-0004,South,Tennessee,Nashville,Technology,Phones,1044.05,1,0.05,360.45
ORD-2024-12023,2024-11-05,2024-11-11,CUST-0381,PROD-0048,Central,Texas,Austin,Office Supplies,Paper,47.6,2,0.15,13.19
ORD-2024-12058,2024-11-05,2024-11-08,CUST-0386,PROD-0040,South,Georgia,Atlanta,Office Supplies,Storage,131.1,2,0.05,67.95
ORD-2024-12065,2024-11-05,2024-11-08,CUST-0389,PROD-0041,East,New York,New York City,Office Supplies,Storage,117.0,3,0.0,55.11
ORD-2024-13371,2024-11-05,2024-11-07,CUST-0622,PROD-0057,South,Florida,Orlando,Office Supplies,Appliances,85.5,2,0.05,42.4
ORD-2024-13717,2024-11-05,2024-11-08,CUST-0691,PROD-0049,Central,Michigan,Detroit,Office Supplies,Paper,154.0,10,0.3,18.61
ORD-2024-10365,2024-11-06,2024-11-08,CUST-0077,PROD-0033,East,New York,Buffalo,Furniture,Bookcases,101.4,1,0.4,12.04
ORD-2024-11112,2024-11-06,2024-11-09,CUST-0207,PROD-0029,West,California,Los Angeles,Furniture,Tables,574.2,2,0.1,203.74
ORD-2024-11779,2024-11-06,2024-11-07,CUST-0334,PROD-0047,Central,Minnesota,Minneapolis,Office Supplies,Paper,86.4,4,0.1,38.13
ORD-2024-11861,2024-11-06,2024-11-09,CUST-0349,PROD-0021,South,Georgia,Atlanta,Furniture,Chairs,399.0,1,0.0,204.11
ORD-2024-12308,2024-11-06,2024-11-11,CUST-0423,PROD-0017,South,Tennessee,Nashville,Technology,Copiers & Printers,699.0,1,0.0,312.39
ORD-2024-12838,2024-11-06,2024-11-07,CUST-0517,PROD-0006,South,Georgia,Atlanta,Technology,Laptops,2338.2,2,0.1,830.86
ORD-2024-12866,2024-11-06,2024-11-07,CUST-0519,PROD-0047,Central,Texas,Dallas,Office Supplies,Paper,72.0,3,0.0,24.59
ORD-2024-13016,2024-11-06,2024-11-08,CUST-0555,PROD-0059,West,Colorado,Denver,Office Supplies,Fasteners,33.0,3,0.0,1.89
ORD-2024-13377,2024-11-06,2024-11-08,CUST-0624,PROD-0013,East,Pennsylvania,Pittsburgh,Technology,Accessories,207.0,3,0.0,128.12
ORD-2024-14139,2024-11-06,2024-11-07,CUST-0775,PROD-0021,South,Virginia,Richmond,Furniture,Chairs,319.2,1,0.2,125.99
ORD-2024-14305,2024-11-06,2024-11-09,CUST-0816,PROD-0014,Central,Texas,San Antonio,Technology,Accessories,298.0,2,0.0,181.36
ORD-2024-10423,2024-11-07,2024-11-09,CUST-0086,PROD-0022,West,Colorado,Denver,Furniture,Chairs,558.45,3,0.15,258.21
ORD-2024-10789,2024-11-07,2024-11-09,CUST-0150,PROD-0014,West,Arizona,Phoenix,Technology,Accessories,536.4,4,0.1,303.43
ORD-2024-10814,2024-11-07,2024-11-09,CUST-0154,PROD-0007,West,Washington,Seattle,Technology,Laptops,999.0,1,0.0,413.42
ORD-2024-11015,2024-11-07,2024-11-09,CUST-0189,PROD-0047,South,Virginia,Richmond,Office Supplies,Paper,16.8,1,0.3,0.8
ORD-2024-11503,2024-11-07,2024-11-08,CUST-0286,PROD-0057,Central,Ohio,Columbus,Office Supplies,Appliances,45.0,1,0.0,20.21
ORD-2024-11990,2024-11-07,2024-11-09,CUST-0376,PROD-0020,West,Washington,Spokane,Furniture,Chairs,349.0,1,0.0,185.93
ORD-2024-12845,2024-11-07,2024-11-09,CUST-0517,PROD-0022,South,Georgia,Atlanta,Furniture,Chairs,394.2,2,0.1,194.44
ORD-2024-13709,2024-11-07,2024-11-08,CUST-0689,PROD-0025,West,Nevada,Las Vegas,Furniture,Tables,519.2,1,0.2,132.47
ORD-2024-13812,2024-11-07,2024-11-09,CUST-0709,PROD-0043,East,Pennsylvania,Philadelphia,Office Supplies,Art,47.2,1,0.2,18.3
ORD-2024-13894,2024-11-07,2024-11-08,CUST-0732,PROD-0002,West,Oregon,Portland,Technology,Phones,899.0,1,0.0,372.49
ORD-2024-10893,2024-11-08,2024-11-11,CUST-0164,PROD-0012,East,Massachusetts,Boston,Technology,Accessories,56.05,1,0.05,32.84
ORD-2024-11030,2024-11-08,2024-11-12,CUST-0191,PROD-0051,Central ,Texas,San Antonio,Office Supplies,Binders,17.1,1,0.05,4.9
ORD-2024-14403,2024-11-08,2024-11-10,CUST-0838,PROD-0046,South,Georgia,Atlanta,Office Supplies,Paper,64.6,2,0.05,27.81
ORD-2024-10588,2024-11-09,2024-11-13,CUST-0114,PROD-0018,East,Massachusetts,Boston,Technology,Copiers & Printers,189.05,1,0.05,76.0
ORD-2024-10639,2024-11-09,2024-11-12,CUST-0125,PROD-0027,East,Pennsylvania,Pittsburgh,Furniture,Tables,111.2,1,0.2,30.7
ORD-2024-11794,2024-11-09,2024-11-10,CUST-0337,PROD-0052,East,New York,Buffalo,Office Supplies,Binders,18.05,1,0.05,4.63
ORD-2024-11820,2024-11-09,2024-11-11,CUST-0342,PROD-0051,West,California,San Jose,Office Supplies,Binders,12.6,1,0.3,0.96
ORD-2024-12246,2024-11-09,2024-11-11,CUST-0416,PROD-0044,South,Virginia,Richmond,Office Supplies,Art,79.0,1,0.0,41.91
ORD-2024-13264,2024-11-09,2024-11-12,CUST-0601,PROD-0015,East,Massachusetts,Boston,Technology,Accessories,89.0,1,0.0,48.65
ORD-2024-10732,2024-11-10,2024-11-12,CUST-0141,PROD-0019,East,New Jersey,Newark,Technology,Copiers & Printers,312.55,1,0.05,126.14
ORD-2024-12017,2024-11-10,2024-11-12,CUST-0381,PROD-0004,Central,Texas,Austin,Technology,Phones,1099.0,1,0.0,414.79
ORD-2024-13035,2024-11-10,2024-11-11,CUST-0561,PROD-0059,East,New York,Buffalo,Office Supplies,Fasteners,11.0,1,0.0,3.33
ORD-2024-13589,2024-11-10,2024-11-13,CUST-0661,PROD-0008,East,New Jersey,Newark,Technology,Laptops,1709.1,1,0.1,605.68
ORD-2024-10135,2024-11-11,2024-11-13,CUST-0029,PROD-0009,West,Nevada,Las Vegas,Technology,Laptops,494.1,1,0.1,168.65
ORD-2024-10578,2024-11-11,2024-11-13,CUST-0114,PROD-0041,East,Massachusetts,Boston,Office Supplies,Storage,23.4,1,0.4,1.69
ORD-2024-11688,2024-11-11,2024-11-14,CUST-0319,PROD-0016,South,Florida,Tampa,Technology,Copiers & Printers,3398.0,2,0.0,1586.71
ORD-2024-12578,2024-11-11,2024-11-13,CUST-0469,PROD-0013,East,New York,Buffalo,Technology,Accessories,124.2,2,0.1,73.78
ORD-2024-12611,2024-11-11,2024-11-14,CUST-0475,PROD-0044,Central,Illinois,Chicago,Office Supplies,Art,134.3,2,0.15,59.39
ORD-2024-14120,2024-11-11,2024-11-14,CUST-0769,PROD-0001,Central,Texas,Austin,Technology,Phones,799.0,1,0.0,343.74
ORD-2024-11694,2024-11-12,2024-11-13,CUST-0320,PROD-0051,Central,Ohio,Columbus,Office Supplies,Binders,36.0,2,0.0,12.56
ORD-2024-11759,2024-11-12,2024-11-16,CUST-0331,PROD-0003,Central,Ohio,Columbus,Technology,Phones,339.15,1,0.15,113.79
ORD-2024-12054,2024-11-12,2024-11-13,CUST-0385,PROD-0027,West,Oregon,Portland,Furniture,Tables,83.4,1,0.4,2.47
ORD-2024-12836,2024-11-12,2024-11-14,CUST-0517,PROD-0040,South,Georgia,Atlanta,Office Supplies,Storage,58.65,1,0.15,24.79
ORD-2024-13173,2024-11-12,2024-11-15,CUST-0588,PROD-0052,South,Florida,Miami,Office Supplies,Binders,30.4,2,0.2,3.44
ORD-2024-13971,2024-11-12,2024-11-15,CUST-0745,PROD-0052,East,New Jersey,Newark,Office Supplies,Binders,32.3,2,0.15,5.47
ORD-2024-14419,2024-11-12,2024-11-13,CUST-0842,PROD-0013,Central,Texas,San Antonio,Technology,Accessories,62.1,1,0.1,33.59
ORD-2024-10037,2024-11-13,2024-11-16,CUST-0007,PROD-0031,Central,Minnesota,Minneapolis,Furniture,Bookcases,178.2,2,0.1,77.47
ORD-2024-11585,2024-11-13,2024-11-14,CUST-0305,PROD-0042,West,Washington,Spokane,Office Supplies,Art,44.1,1,0.1,19.68
ORD-2024-12117,2024-11-13,2024-11-14,CUST-0395,PROD-0060,East,Pennsylvania,Philadelphia,Office Supplies,Fasteners,50.4,4,0.1,5.37
ORD-2024-12262,2024-11-13,2024-11-16,CUST-0417,PROD-0011,Central,Texas,Houston,Technology,Accessories,580.5,5,0.1,331.12
ORD-2024-12742,2024-11-13,2024-11-15,CUST-0499,PROD-0056,East,New York,Buffalo,Office Supplies,Appliances,435.1,2,0.05,208.73
ORD-2024-14025,2024-11-13,2024-11-16,CUST-0753,PROD-0056,West,California,Los Angeles,Office Supplies,Appliances,183.2,1,0.2,70.03
ORD-2024-10191,2024-11-14,2024-11-17,CUST-0041,PROD-0024,South,Tennessee,Nashville,Furniture,Chairs,299.0,1,0.0,154.07
ORD-2024-11423,2024-11-14,2024-11-15,CUST-0270,PROD-0057,Central,Texas,Houston,Office Supplies,Appliances,171.0,4,0.05,75.2
ORD-2024-13204,2024-11-14,2024-11-17,CUST-0594,PROD-0008,Central,Texas,Dallas,Technology,Laptops,9495.0,5,0.0,3962.98
ORD-2024-13213,2024-11-14,2024-11-16,CUST-0595,PROD-0049,South,Virginia,Richmond,Office Supplies,Paper,59.4,3,0.1,26.39
ORD-2024-13276,2024-11-14,2024-11-17,CUST-0606,PROD-0017,West,Oregon,Portland,Technology,Copiers & Printers,3495.0,5,0.0,1571.33
ORD-2024-13798,2024-11-14,2024-11-16,CUST-0706,PROD-0037,East,New York,New York City,Furniture,Furnishings,399.0,2,0.05,209.01
ORD-2024-14079,2024-11-14,2024-11-16,CUST-0762,PROD-0056,West,Arizona,Phoenix,Office Supplies,Appliances,229.0,1,0.0,113.31
ORD-2024-14285,2024-11-14,2024-11-19,CUST-0814,PROD-0051,West,Arizona,Phoenix,Office Supplies,Binders,18.0,1,0.0,5.18
ORD-2024-10061,2024-11-15,2024-11-20,CUST-0012,PROD-0014,Central,Minnesota,Minneapolis,Technology,Accessories,134.1,1,0.1,72.75
ORD-2024-11080,2024-11-15,2024-11-18,CUST-0200,PROD-0016,Central,Texas,Dallas,Technology,Copiers & Printers,1699.0,1,0.0,796.0
ORD-2024-11448,2024-11-15,2024-11-17,CUST-0275,PROD-0058,East,Pennsylvania,Pittsburgh,Office Supplies,Fasteners,82.65,3,0.05,32.43
ORD-2024-11937,2024-11-15,2024-11-16,CUST-0364,PROD-0008,East,New York,Buffalo,Technology,Laptops,3798.0,2,0.0,1586.82
ORD-2024-10084,2024-11-16,2024-11-19,CUST-0017,PROD-0042,West,California,San Diego,Office Supplies,Art,49.0,1,0.0,26.95
ORD-2024-10112,2024-11-16,2024-11-20,CUST-0027,PROD-0006,West,California,Los Angeles,Technology,Laptops,2468.1,2,0.05,960.36
ORD-2024-10475,2024-11-16,2024-11-20,CUST-0094,PROD-0011,Central,Texas,San Antonio,Technology,Accessories,387.0,3,0.0,236.85
ORD-2024-11325,2024-11-16,2024-11-19,CUST-0251,PROD-0026,Central,Texas,Dallas,Furniture,Tables,1796.4,4,0.1,649.99
ORD-2024-12557,2024-11-16,2024-11-17,CUST-0467,PROD-0054,Central,Texas,San Antonio,Office Supplies,Appliances,1495.0,5,0.0,764.55
ORD-2024-10579,2024-11-17,2024-11-19,CUST-0114,PROD-0053,East,Massachusetts,Boston,Office Supplies,Binders,12.0,1,0.0,2.41
ORD-2024-12141,2024-11-17,2024-11-19,CUST-0398,PROD-0038,Central,Ohio,Cleveland,Office Supplies,Storage,378.0,2,0.0,174.97
ORD-2024-12950,2024-11-17,2024-11-19,CUST-0541,PROD-0002,West,Arizona,Phoenix,Technology,Phones,3416.2,4,0.05,1318.02
ORD-2024-10705,2024-11-18,2024-11-24,CUST-0136,PROD-0030,East,New Jersey,Newark,Furniture,Bookcases,194.65,1,0.15,77.82
ORD-2024-12280,2024-11-18,2024-11-22,CUST-0418,PROD-0032,South,Florida,Miami,Furniture,Bookcases,1148.4,4,0.1,485.97
ORD-2024-12819,2024-11-18,2024-11-21,CUST-0515,PROD-0039,South,Florida,Tampa,office supplies,Storage,91.2,3,0.05,42.54
ORD-2024-12833,2024-11-18,2024-11-20,CUST-0517,PROD-0021,South,Georgia,Atlanta,Furniture,Chairs,798.0,2,0.0,407.02
ORD-2024-11116,2024-11-19,2024-11-22,CUST-0207,PROD-0041,West,California,Los Angeles,Office Supplies,Storage,54.6,2,0.3,17.43
ORD-2024-11731,2024-11-19,2024-11-22,CUST-0327,PROD-0034,Central,Texas,Dallas,Furniture,Furnishings,58.5,1,0.1,26.9
ORD-2024-12767,2024-11-19,2024-11-22,CUST-0505,PROD-0046,South,Tennessee,Nashville,Office Supplies,Paper,34.0,1,0.0,14.51
ORD-2024-13427,2024-11-19,2024-11-21,CUST-0632,PROD-0049,South,Florida,Tampa,office supplies,Paper,39.6,2,0.1,15.27
ORD-2024-10675,2024-11-20,2024-11-23,CUST-0129,PROD-0034,East,New Jersey,Newark,Furniture,Furnishings,123.5,2,0.05,62.21
ORD-2024-12739,2024-11-20,2024-11-26,CUST-0499,PROD-0027,East,New York,Buffalo,Furniture,Tables,111.2,1,0.2,32.42
ORD-2024-13582,2024-11-20,2024-11-21,CUST-0660,PROD-0019,West,California,San Diego,Technology,Copiers & Printers,312.55,1,0.05,129.3
ORD-2024-13612,2024-11-20,2024-11-22,CUST-0666,PROD-0020,Central,Ohio,Cleveland,Furniture,Chairs,1396.0,4,0.0,728.26
ORD-2024-10056,2024-11-21,2024-11-23,CUST-0011,PROD-0060,East,Massachusetts,Boston,Office Supplies,Fasteners,14.0,1,0.0,5.3
ORD-2024-10194,2024-11-21,2024-11-27,CUST-0042,PROD-0019,East,Pennsylvania,Philadelphia,Technology,Copiers & Printers,329.0,1,0.0,142.31
ORD-2024-10975,2024-11-21,2024-11-24,CUST-0181,PROD-0042,West,Arizona,Phoenix,Office Supplies,Art,249.9,6,0.15,118.52
ORD-2024-12220,2024-11-21,2024-11-25,CUST-0410,PROD-0016,South,Tennessee,Nashville,Technology,Copiers & Printers,3398.0,2,0.0,1584.74
ORD-2024-13585,2024-11-21,2024-11-25,CUST-0661,PROD-0058,East,New Jersey,Newark,Office Supplies,Fasteners,20.3,1,0.3,4.06
ORD-2024-10241,2024-11-22,2024-11-25,CUST-0055,PROD-0002,East,New York,New York City,Technology,Phones,5394.0,6,0.0,2252.67
ORD-2024-11649,2024-11-22,2024-11-26,CUST-0315,PROD-0038,East,New York,New York City,Office Supplies,Storage,538.65,3,0.05,239.92
ORD-2024-11670,2024-11-22,2024-11-24,CUST-0317,PROD-0037,West,Oregon,Portland,Furniture,Furnishings,840.0,5,0.2,365.04
ORD-2024-12186,2024-11-22,2024-11-23,CUST-0406,PROD-0060,East,Massachusetts,Boston,Office Supplies,Fasteners,23.8,2,0.15,7.61
ORD-2024-12237,2024-11-22,2024-11-23,CUST-0412,PROD-0051,East,New York,Buffalo,Office Supplies,Binders,54.0,3,0.0,15.61
ORD-2024-12368,2024-11-22,2024-11-24,CUST-0433,PROD-0003,Central,Illinois,Chicago,Technology,Phones,1596.0,4,0.0,692.11
ORD-2024-13948,2024-11-22,2024-11-25,CUST-0740,PROD-0039,West,Washington,Spokane,Office Supplies,Storage,25.6,1,0.2,9.72
ORD-2024-14190,2024-11-22,2024-11-24,CUST-0788,PROD-0058,West,Arizona,Phoenix,Office Supplies,Fasteners,27.55,1,0.05,9.84
ORD-2024-10736,2024-11-23,2024-11-25,CUST-0141,PROD-0009,East,New Jersey,Newark,Technology,Laptops,549.0,1,0.0,225.86
ORD-2024-11421,2024-11-23,2024-11-24,CUST-0270,PROD-0029,Central,Texas,Houston,Furniture,Tables,1531.2,6,0.2,420.3
ORD-2024-11658,2024-11-23,2024-11-28,CUST-0316,PROD-0013,West,California,San Jose,Technology,Accessories,207.0,3,0.0,128.91
ORD-2024-12769,2024-11-23,2024-11-26,CUST-0506,PROD-0021,West,Washington,Spokane,Furniture,Chairs,359.1,1,0.1,162.15
ORD-2024-13181,2024-11-23,2024-11-24,CUST-0589,PROD-0037,Central,Minnesota,Minneapolis,Furniture,Furnishings,199.5,1,0.05,103.41
ORD-2024-14067,2024-11-23,2024-11-28,CUST-0759,PROD-0025,West,Oregon,Portland,Furniture,Tables,908.6,2,0.3,139.15
ORD-2024-12016,2024-11-24,2024-11-27,CUST-0381,PROD-0041,Central,Texas,Austin,Office Supplies,Storage,175.5,5,0.1,69.32
ORD-2024-12079,2024-11-24,2024-11-27,CUST-0390,PROD-0030,Central,Texas,Austin,Furniture,Bookcases,435.1,2,0.05,208.58
ORD-2024-12749,2024-11-24,2024-11-27,CUST-0500,PROD-0006,East,New Jersey,Newark,Technology,Laptops,12990.0,10,0.0,5437.2
ORD-2024-12846,2024-11-24,2024-11-28,CUST-0518,PROD-0052,Central,Minnesota,Minneapolis,Office Supplies,Binders,15.2,1,0.2,3.95
ORD-2024-13233,2024-11-24,2024-11-28,CUST-0597,PROD-0004,West,California,Los Angeles,Technology,Phones,989.1,1,0.1,303.3
ORD-2024-13429,2024-11-24,2024-11-28,CUST-0632,PROD-0032,South,Florida,Tampa,Furniture,Bookcases,606.1,2,0.05,275.5
ORD-2024-13724,2024-11-25,2024-11-28,CUST-0692,PROD-0033,South,Florida,Tampa,Furniture,Bookcases,135.2,1,0.2,43.82
ORD-2024-14070,2024-11-25,2024-11-28,CUST-0760,PROD-0034,Central,Texas,San Antonio,Furniture,Furnishings,130.0,2,0.0,68.71
ORD-2024-14262,2024-11-25,2024-11-27,CUST-0807,PROD-0011,East,New York,New York City,Technology,Accessories,387.0,3,0.0,231.44
ORD-2024-11110,2024-11-26,2024-11-27,CUST-0207,PROD-0028,West,California,Los Angeles,Furniture,Tables,1438.2,2,0.1,531.68
ORD-2024-11767,2024-11-26,2024-11-29,CUST-0333,PROD-0014,West,California,San Francisco,Technology,Accessories,149.0,1,0.0,87.03
ORD-2024-12418,2024-11-26,2024-11-28,CUST-0443,PROD-0024,Central,Ohio,Cleveland,Furniture,Chairs,568.1,2,0.05,278.62
ORD-2024-12507,2024-11-26,2024-11-27,CUST-0460,PROD-0036,Central,Minnesota,Minneapolis,Furniture,Furnishings,83.3,2,0.15,30.65
ORD-2024-13470,2024-11-26,2024-11-28,CUST-0639,PROD-0010,East,New Jersey,Newark,Technology,Laptops,1449.0,1,0.0,594.64
ORD-2024-14349,2024-11-26,2024-12-03,CUST-0825,PROD-0043,South,Georgia,Atlanta,Office Supplies,Art,200.6,4,0.15,82.26
ORD-2024-11147,2024-11-27,2024-12-02,CUST-0214,PROD-0058,Central,Texas,Dallas,Office Supplies,Fasteners,29.0,1,0.0,10.15
ORD-2024-11427,2024-11-27,2024-12-01,CUST-0270,PROD-0038,Central,Texas,Houston,Office Supplies,Storage,756.0,5,0.2,249.04
ORD-2024-11442,2024-11-27,2024-11-30,CUST-0275,PROD-0056,East,Pennsylvania,Pittsburgh,Office Supplies,Appliances,229.0,1,0.0,114.96
ORD-2024-14271,2024-11-27,2024-11-28,CUST-0810,PROD-0026,South,Tennessee,Nashville,Furniture,Tables,948.1,2,0.05,380.69
ORD-2024-10620,2024-11-28,2024-12-02,CUST-0123,PROD-0026,West,California,San Diego,Furniture,Tables,424.15,1,0.15,138.43
ORD-2024-11391,2024-11-28,2024-12-01,CUST-0261,PROD-0021,West,Oregon,Portland,Furniture,Chairs,3192.0,8,0.0,1638.83
ORD-2024-11444,2024-11-28,2024-11-29,CUST-0275,PROD-0008,East,Pennsylvania,Pittsburgh,Technology,Laptops,1899.0,1,0.0,793.27
ORD-2024-11948,2024-11-28,2024-12-02,CUST-0366,PROD-0057,Central,Ohio,Cleveland,Office Supplies,Appliances,108.0,3,0.2,37.1
ORD-2024-12310,2024-11-28,2024-12-03,CUST-0423,PROD-0013,South,Tennessee,Nashville,Technology,Accessories,117.3,2,0.15,63.25
ORD-2024-14207,2024-11-28,2024-11-29,CUST-0792,PROD-0050,West,Colorado,Denver,Office Supplies,Binders,239.4,6,0.05,113.22
ORD-2024-14273,2024-11-28,2024-11-30,CUST-0810,PROD-0043,South,Tennessee,Nashville,Office Supplies,Art,56.05,1,0.05,25.07
ORD-2024-10203,2024-11-29,2024-12-02,CUST-0046,PROD-0012,West,Arizona,Phoenix,Technology,Accessories,59.0,1,0.0,37.97
ORD-2024-10238,2024-11-29,2024-12-02,CUST-0055,PROD-0048,East,New York,New York City,Office Supplies,Paper,112.0,4,0.0,49.05
ORD-2024-10393,2024-11-29,2024-11-30,CUST-0082,PROD-0047,Central,Texas,Houston,Office Supplies,Paper,21.6,1,0.1,6.94
ORD-2024-10759,2024-11-29,2024-12-01,CUST-0146,PROD-0019,East,Pennsylvania,Philadelphia,Technology,Copiers & Printers,658.0,2,0.0,291.64
ORD-2024-12250,2024-11-29,2024-12-02,CUST-0416,PROD-0036,South,Virginia,Richmond,Furniture,Furnishings,98.0,2,0.0,46.39
ORD-2024-12374,2024-11-29,2024-12-01,CUST-0435,PROD-0052,Central,Texas,San Antonio,Office Supplies,Binders,26.6,2,0.3,0.95
ORD-2024-12637,2024-11-29,2024-11-30,CUST-0482,PROD-0051,Central,Texas,Dallas,Office Supplies,Binders,16.2,1,0.1,6.66
ORD-2024-13420,2024-11-29,2024-12-04,CUST-0629,PROD-0020,East,New York,New York City,Furniture,Chairs,628.2,2,0.1,301.5
ORD-2024-13434,2024-11-29,2024-12-02,CUST-0633,PROD-0047,West,Washington,Seattle,Office Supplies,Paper,72.0,3,0.0,25.57
ORD-2024-13556,2024-11-29,2024-11-30,CUST-0653,PROD-0045,West,Arizona,Phoenix,Office Supplies,Art,99.0,1,0.1,49.34
ORD-2024-14296,2024-11-29,2024-12-01,CUST-0816,PROD-0031,Central,Texas,San Antonio,Furniture,Bookcases,158.4,2,0.2,55.29
ORD-2024-10096,2024-11-30,2024-12-02,CUST-0021,PROD-0009,West,Arizona,Phoenix,Technology,Laptops,549.0,1,0.0,223.17
ORD-2024-12098,2024-11-30,2024-12-02,CUST-0394,PROD-0036,Central,Ohio,Cleveland,Furniture,Furnishings,147.0,3,0.0,77.55
ORD-2024-12227,2024-11-30,2024-12-02,CUST-0412,PROD-0009,East,New York,Buffalo,Technology,Laptops,439.2,1,0.2,113.89
ORD-2024-12321,2024-11-30,2024-12-04,CUST-0425,PROD-0040,East,Pennsylvania,Philadelphia,Office Supplies,Storage,220.8,4,0.2,93.79
ORD-2024-12678,2024-11-30,2024-12-02,CUST-0489,PROD-0059,Central,Michigan,Detroit,Office Supplies,Fasteners,11.0,1,0.0,3.5
ORD-2024-13411,2024-11-30,2024-12-01,CUST-0627,PROD-0052,West,Colorado,Denver,Office Supplies,Binders,18.05,1,0.05,5.68
ORD-2024-13562,2024-11-30,2024-12-03,CUST-0655,PROD-0021,South,Florida,Miami,Furniture,Chairs,718.2,2,0.1,327.69
ORD-2024-10570,2024-12-01,2024-12-02,CUST-0112,PROD-0048,Central,Minnesota,Minneapolis,Office Supplies,Paper,56.0,2,0.0,20.25
ORD-2024-10803,2024-12-01,2024-12-03,CUST-0151,PROD-0020,West,Arizona,Phoenix,Furniture,Chairs,889.95,3,0.15,400.51
ORD-2024-11829,2024-12-01,2024-12-04,CUST-0343,PROD-0048,South,Florida,Tampa,Office Supplies,Paper,23.8,1,0.15,6.75
ORD-2024-12178,2024-12-01,2024-12-07,CUST-0404,PROD-0027,Central,Ohio,Cleveland,Furniture,Tables,528.2,4,0.05,203.6
ORD-2024-12754,2024-12-01,2024-12-04,CUST-0503,PROD-0048,East,Massachusetts,Boston,Office Supplies,Paper,53.2,2,0.05,22.38
ORD-2024-13912,2024-12-01,2024-12-03,CUST-0734,PROD-0005,South,Tennessee,Nashville,Technology,Phones,1900.0,2,0.0,692.77
ORD-2024-13958,2024-12-01,2024-12-03,CUST-0743,PROD-0047,South,Florida,Miami,Office Supplies,Paper,122.4,6,0.15,41.98
ORD-2024-14288,2024-12-01,2024-12-02,CUST-0815,PROD-0045,South,Florida,Orlando,Office Supplies,Art,104.5,1,0.05,56.24
ORD-2024-14473,2024-12-01,2024-12-03,CUST-0850,PROD-0010,West,Oregon,Portland,Technology,Laptops,1376.55,1,0.05,520.05
ORD-2024-11357,2024-12-02,2024-12-03,CUST-0256,PROD-0060,West,Washington,Spokane,Office Supplies,Fasteners,44.8,4,0.2,12.11
ORD-2024-11833,2024-12-02,2024-12-06,CUST-0345,PROD-0039,Central,Ohio,Cleveland,Office Supplies,Storage,76.8,3,0.2,26.18
ORD-2024-13730,2024-12-02,2024-12-06,CUST-0693,PROD-0049,Central,Ohio,Columbus,Office Supplies,Paper,59.4,3,0.1,20.85
ORD-2024-10796,2024-12-03,2024-12-06,CUST-0150,PROD-0053,West,Arizona,Phoenix,Office Supplies,Binders,32.4,3,0.1,9.83
ORD-2024-12149,2024-12-03,2024-12-05,CUST-0400,PROD-0040,South,Tennessee,Nashville,Office Supplies,Storage,62.1,1,0.1,28.88
ORD-2024-12212,2024-12-03,2024-12-05,CUST-0409,PROD-0025,West,Nevada,Las Vegas,Furniture,Tables,1168.2,2,0.1,394.87
ORD-2024-12634,2024-12-03,2024-12-06,CUST-0481,PROD-0057,East,Pennsylvania,Pittsburgh,Office Supplies,Appliances,45.0,1,0.0,21.14
ORD-2024-13131,2024-12-03,2024-12-05,CUST-0580,PROD-0051,Central,Ohio,Columbus,Office Supplies,Binders,34.2,2,0.05,10.74
ORD-2024-13600,2024-12-03,2024-12-08,CUST-0665,PROD-0025,West,California,San Jose,Furniture,Tables,649.0,1,0.0,265.17
ORD-2024-13808,2024-12-03,2024-12-08,CUST-0709,PROD-0036,East,Pennsylvania,Philadelphia,Furniture,Furnishings,147.0,3,0.0,66.26
ORD-2024-11178,2024-12-04,2024-12-08,CUST-0224,PROD-0033,Central,Ohio,Cleveland,Furniture,Bookcases,143.65,1,0.15,52.89
ORD-2024-12133,2024-12-04,2024-12-06,CUST-0397,PROD-0037,West,Oregon,Portland,Furniture,Furnishings,210.0,1,0.0,116.3
ORD-2024-12516,2024-12-04,2024-12-06,CUST-0461,PROD-0055,Central,Texas,Houston,Office Supplies,Appliances,139.0,1,0.0,67.16
ORD-2024-12832,2024-12-04,2024-12-05,CUST-0517,PROD-0041,South,Georgia,Atlanta,Office Supplies,Storage,35.1,1,0.1,17.04
ORD-2024-13037,2024-12-04,2024-12-09,CUST-0561,PROD-0057,East,New York,Buffalo,Office Supplies,Appliances,180.0,4,0.0,89.66
ORD-2024-13177,2024-12-04,2024-12-06,CUST-0588,PROD-0056,South,Florida,Miami,Office Supplies,Appliances,824.4,4,0.1,371.98
ORD-2024-13777,2024-12-04,2024-12-06,CUST-0702,PROD-0017,Central,Minnesota,Minneapolis,Technology,Copiers & Printers,699.0,1,0.0,313.65
ORD-2024-14059,2024-12-04,2024-12-06,CUST-0759,PROD-0033,West ,Oregon,Portland,Furniture,Bookcases,270.4,2,0.2,88.2
ORD-2024-14155,2024-12-04,2024-12-07,CUST-0779,PROD-0041,South,Florida,Miami,Office Supplies,Storage,35.1,1,0.1,16.71
ORD-2024-11238,2024-12-05,2024-12-07,CUST-0232,PROD-0027,Central,Texas,Houston,Furniture,Tables,556.0,4,0.0,235.94
ORD-2024-12177,2024-12-05,2024-12-07,CUST-0404,PROD-0043,Central,Ohio,Cleveland,Office Supplies,Art,59.0,1,0.0,28.0
ORD-2024-12761,2024-12-05,2024-12-09,CUST-0504,PROD-0029,West,California,San Diego,Furniture,Tables,638.0,2,0.0,266.62
ORD-2024-12965,2024-12-05,2024-12-10,CUST-0545,PROD-0029,West,Washington,Spokane,Furniture,Tables,813.45,3,0.15,257.6
ORD-2024-13764,2024-12-05,2024-12-07,CUST-0700,PROD-0038,West,California,Los Angeles,Office Supplies,Storage,718.2,4,0.05,313.95
ORD-2024-11836,2024-12-06,2024-12-08,CUST-0345,PROD-0001,Central,Ohio,Cleveland,Technology,Phones,1518.1,2,0.05,609.17
ORD-2024-11970,2024-12-06,2024-12-09,CUST-0372,PROD-0048,West,California,San Jose,Office Supplies,Paper,98.0,5,0.3,21.9
ORD-2024-11976,2024-12-06,2024-12-11,CUST-0373,PROD-0053,East,New York,New York City,Office Supplies,Binders,28.8,3,0.2,-3.95
ORD-2024-12229,2024-12-06,2024-12-11,CUST-0412,PROD-0046,East,New York,Buffalo,Office Supplies,Paper,64.6,2,0.05,28.75
ORD-2024-13179,2024-12-06,2024-12-07,CUST-0588,PROD-0056,South,Florida,Miami,Office Supplies,Appliances,229.0,1,0.0,113.24
ORD-2024-13869,2024-12-06,2024-12-08,CUST-0723,PROD-0043,West,Washington,Spokane,Office Supplies,Art,236.0,4,0.0,117.06
ORD-2024-14137,2024-12-06,2024-12-07,CUST-0774,PROD-0008,South,North Carolina,Charlotte,Technology,Laptops,5127.3,3,0.1,1808.87
ORD-2024-14390,2024-12-06,2024-12-08,CUST-0836,PROD-0016,South,Florida,Miami,Technology,Copiers & Printers,1614.05,1,0.05,709.81
ORD-2024-10704,2024-12-07,2024-12-10,CUST-0136,PROD-0045,East,New Jersey,Newark,Office Supplies,Art,88.0,1,0.2,37.15
ORD-2024-10955,2024-12-07,2024-12-11,CUST-0175,PROD-0032,West,Oregon,Portland,Furniture,Bookcases,478.5,3,0.5,-15.56
ORD-2024-11591,2024-12-07,2024-12-08,CUST-0305,PROD-0032,West,Washington,Spokane,Furniture,Bookcases,303.05,1,0.05,138.63
ORD-2024-11748,2024-12-07,2024-12-09,CUST-0330,PROD-0044,East,New Jersey,Newark,Office Supplies,Art,142.2,2,0.1,65.49
ORD-2024-13326,2024-12-07,2024-12-11,CUST-0616,PROD-0057,East ,New Jersey,Newark,Office Supplies,Appliances,72.0,2,0.2,26.28
ORD-2024-10184,2024-12-08,2024-12-10,CUST-0038,PROD-0037,West,California,Los Angeles,Furniture,Furnishings,210.0,1,0.0,113.49
ORD-2024-10546,2024-12-08,2024-12-10,CUST-0106,PROD-0030,East,New Jersey,Newark,Furniture,Bookcases,91.6,1,0.6,-24.59
ORD-2024-12283,2024-12-08,2024-12-11,CUST-0420,PROD-0003,South,Tennessee,Nashville,Technology,Phones,379.05,1,0.05,152.26
ORD-2024-12306,2024-12-08,2024-12-11,CUST-0423,PROD-0037,South,Tennessee,Nashville,Furniture,Furnishings,420.0,2,0.0,226.44
ORD-2024-13578,2024-12-08,2024-12-10,CUST-0660,PROD-0055,West,California,San Diego,Office Supplies,Appliances,132.05,1,0.05,60.77
ORD-2024-10730,2024-12-09,2024-12-11,CUST-0140,PROD-0005,East,Pennsylvania,Philadelphia,Technology,Phones,1900.0,2,0.0,689.86
ORD-2024-11496,2024-12-09,2024-12-11,CUST-0286,PROD-0054,Central,Ohio,Columbus,Office Supplies,Appliances,897.0,3,0.0,458.65
ORD-2024-11551,2024-12-09,2024-12-11,CUST-0297,PROD-0058,Central,Michigan,Detroit,Office Supplies,Fasteners,55.1,2,0.05,23.31
ORD-2024-12448,2024-12-09,2024-12-11,CUST-0453,PROD-0009,West,California,San Jose,Technology,Laptops,549.0,1,0.0,224.95
ORD-2024-12831,2024-12-09,2024-12-12,CUST-0517,PROD-0011,South,Georgia,Atlanta,Technology,Accessories,129.0,1,0.0,77.5
ORD-2024-13220,2024-12-09,2024-12-11,CUST-0595,PROD-0037,South,Virginia,Richmond,Furniture,Furnishings,399.0,2,0.05,210.72
ORD-2024-13380,2024-12-09,2024-12-15,CUST-0624,PROD-0039,East,Pennsylvania,Pittsburgh,Office Supplies,Storage,22.4,1,0.3,3.63
ORD-2024-14153,2024-12-09,2024-12-11,CUST-0778,PROD-0013,West,Washington,Spokane,Technology,Accessories,196.65,3,0.05,115.93
ORD-2024-10174,2024-12-10,2024-12-13,CUST-0035,PROD-0058,East,Pennsylvania,Philadelphia,Office Supplies,Fasteners,49.3,2,0.15,13.71
ORD-2024-13469,2024-12-10,2024-12-12,CUST-0639,PROD-0019,East,New Jersey,Newark,Technology,Copiers & Printers,329.0,1,0.0,142.8
ORD-2024-14307,2024-12-10,2024-12-12,CUST-0817,PROD-0031,East,Massachusetts,Boston,Furniture,Bookcases,94.05,1,0.05,43.51
ORD-2024-10312,2024-12-11,2024-12-14,CUST-0069,PROD-0050,West,California,San Diego,Office Supplies,Binders,210.0,5,0.0,97.31
ORD-2024-13157,2024-12-11,2024-12-12,CUST-0585,PROD-0030,Central,Texas,Houston,Furniture,Bookcases,217.55,1,0.05,102.87
ORD-2024-13353,2024-12-11,2024-12-15,CUST-0620,PROD-0027,West,Washington,Seattle,Furniture,Tables,194.6,2,0.3,38.03
ORD-2024-13613,2024-12-11,2024-12-13,CUST-0667,PROD-0009,West,Washington,Seattle,Technology,Laptops,549.0,1,0.0,223.04
ORD-2024-14003,2024-12-11,2024-12-16,CUST-0750,PROD-0034,West,Washington,Spokane,Furniture,Furnishings,130.0,2,0.0,69.24
ORD-2024-14298,2024-12-11,2024-12-13,CUST-0816,PROD-0019,Central,Texas,San Antonio,Technology,Copiers & Printers,279.65,1,0.15,93.03
ORD-2024-10131,2024-12-12,2024-12-15,CUST-0028,PROD-0028,West,Oregon,Portland,Furniture,Tables,2876.4,6,0.4,150.5
ORD-2024-11050,2024-12-12,2024-12-14,CUST-0194,PROD-0053,West,California,San Diego,Office Supplies,Binders,24.0,2,0.0,5.26
ORD-2024-11265,2024-12-12,2024-12-14,CUST-0237,PROD-0011,East,New Jersey,Newark,Technology,Accessories,245.1,2,0.05,143.76
ORD-2024-11706,2024-12-12,2024-12-16,CUST-0322,PROD-0002,West,California,San Francisco,Technology,Phones,809.1,1,0.1,284.39
ORD-2024-12136,2024-12-12,2024-12-14,CUST-0397,PROD-0013,West,Oregon,Portland,Technology,Accessories,65.55,1,0.05,37.63
ORD-2024-13503,2024-12-12,2024-12-15,CUST-0643,PROD-0038,Central,Texas,Austin,Office Supplies,Storage,803.25,5,0.15,312.2
ORD-2024-10390,2024-12-13,2024-12-14,CUST-0081,PROD-0010,East,Massachusetts,Boston,Technology,Laptops,1376.55,1,0.05,523.36
ORD-2024-10956,2024-12-13,2024-12-15,CUST-0176,PROD-0043,Central,Texas,Dallas,Office Supplies,Art,106.2,3,0.4,24.2
ORD-2024-11777,2024-12-13,2024-12-14,CUST-0334,PROD-0010,Central,Minnesota,Minneapolis,Technology,Laptops,3912.3,3,0.1,1349.78
ORD-2024-11788,2024-12-13,2024-12-16,CUST-0336,PROD-0009,Central,Michigan,Detroit,Technology,Laptops,1482.3,3,0.1,501.54
ORD-2024-12080,2024-12-13,2024-12-15,CUST-0390,PROD-0033,Central,Texas,Austin,Furniture,Bookcases,1081.6,8,0.2,357.53
ORD-2024-12201,2024-12-13,2024-12-15,CUST-0407,PROD-0024,Central,Minnesota,Minneapolis,Furniture,Chairs,598.0,2,0.0,305.9
ORD-2024-12691,2024-12-13,2024-12-15,CUST-0491,PROD-0037,South,Virginia,Richmond,Furniture,Furnishings,1596.0,8,0.05,830.25
ORD-2024-13548,2024-12-13,2024-12-15,CUST-0652,PROD-0029,South,Florida,Orlando,Furniture,Tables,255.2,1,0.2,70.68
ORD-2024-10490,2024-12-14,2024-12-18,CUST-0096,PROD-0051,Central,Michigan,Detroit,Office Supplies,Binders,32.4,2,0.1,10.98
ORD-2024-10839,2024-12-14,2024-12-16,CUST-0157,PROD-0022,East,Massachusetts,Boston,Furniture,Chairs,438.0,2,0.0,234.69
ORD-2024-11045,2024-12-14,2024-12-15,CUST-0193,PROD-0005,Central,Minnesota,Minneapolis,Technology,Phones,1615.0,2,0.15,408.52
ORD-2024-11379,2024-12-14,2024-12-16,CUST-0260,PROD-0016,East,Pennsylvania,Pittsburgh,Technology,Copiers & Printers,3398.0,2,0.0,1591.51
ORD-2024-12101,2024-12-14,2024-12-18,CUST-0394,PROD-0002,Central,Ohio,Cleveland,Technology,Phones,3820.75,5,0.15,1199.75
ORD-2024-13272,2024-12-14,2024-12-20,CUST-0605,PROD-0056,South,Tennessee,Nashville,Office Supplies,Appliances,320.6,2,0.3,89.9
ORD-2024-13656,2024-12-14,2024-12-15,CUST-0676,PROD-0013,Central,Ohio,Columbus,Technology,Accessories,207.0,3,0.0,127.88
ORD-2024-13950,2024-12-14,2024-12-16,CUST-0742,PROD-0045,West,California,San Jose,Office Supplies,Art,88.0,1,0.2,37.85
ORD-2024-14371,2024-12-14,2024-12-15,CUST-0832,PROD-0011,East,Massachusetts,Boston,Technology,Accessories,877.2,8,0.15,491.3
ORD-2024-10560,2024-12-15,2024-12-21,CUST-0108,PROD-0051,West,Washington,Spokane,Office Supplies,Binders,18.0,1,0.0,7.0
ORD-2024-11326,2024-12-15,2024-12-16,CUST-0251,PROD-0049,Central,Texas,Dallas,Office Supplies,Paper,20.9,1,0.05,9.56
ORD-2024-12007,2024-12-15,2024-12-17,CUST-0380,PROD-0002,West,California,San Francisco,Technology,Phones,899.0,1,0.0,373.57
ORD-2024-13531,2024-12-15,2024-12-17,CUST-0649,PROD-0027,Central,Texas,Austin,Furniture,Tables,118.15,1,0.15,40.1
ORD-2024-13955,2024-12-15,2024-12-20,CUST-0742,PROD-0056,West,California,San Jose,Office Supplies,Appliances,458.0,2,0.0,231.73
ORD-2024-14232,2024-12-15,2024-12-16,CUST-0797,PROD-0042,West,Oregon,Portland,office supplies,Art,196.0,4,0.0,108.58
ORD-2024-14250,2024-12-15,2024-12-18,CUST-0804,PROD-0042,West,Oregon,Portland,Office Supplies,Art,156.8,4,0.2,67.91
ORD-2024-14402,2024-12-15,2024-12-17,CUST-0838,PROD-0020,South,Georgia,Atlanta,Furniture,Chairs,698.0,2,0.0,366.25
ORD-2024-12489,2024-12-16,2024-12-19,CUST-0457,PROD-0040,Central,Ohio,Columbus,Office Supplies,Storage,327.75,5,0.05,156.72
ORD-2024-13537,2024-12-16,2024-12-19,CUST-0650,PROD-0027,South,Florida,Orlando,Furniture,Tables,1112.0,8,0.0,479.65
ORD-2024-13931,2024-12-16,2024-12-17,CUST-0736,PROD-0034,West,California,San Jose,Furniture,Furnishings,370.5,6,0.05,191.95
ORD-2024-10363,2024-12-17,2024-12-20,CUST-0077,PROD-0028,East,New York,Buffalo,Furniture,Tables,1358.3,2,0.15,450.16
ORD-2024-11409,2024-12-17,2024-12-20,CUST-0267,PROD-0034,South ,Florida,Orlando,Furniture,Furnishings,65.0,1,0.0,33.59
ORD-2024-11440,2024-12-17,2024-12-19,CUST-0273,PROD-0036,South,Virginia,Richmond,Furniture,Furnishings,49.0,1,0.0,24.23
ORD-2024-11962,2024-12-17,2024-12-24,CUST-0370,PROD-0009,Central,Ohio,Columbus,Technology,Laptops,549.0,1,0.0,224.39
ORD-2024-13343,2024-12-17,2024-12-19,CUST-0617,PROD-0032,West,Washington,Seattle,Furniture,Bookcases,957.0,3,0.0,460.16
ORD-2024-13606,2024-12-17,2024-12-20,CUST-0666,PROD-0027,Central,Ohio,Cleveland,Furniture,Tables,236.3,2,0.15,73.36
ORD-2024-13901,2024-12-17,2024-12-19,CUST-0732,PROD-0004,West,Oregon,Portland,Technology,Phones,989.1,1,0.1,302.33
ORD-2024-14248,2024-12-17,2024-12-18,CUST-0804,PROD-0052,West,Oregon,Portland,Office Supplies,Binders,16.15,1,0.15,4.62
ORD-2024-10440,2024-12-18,2024-12-25,CUST-0087,PROD-0057,South,Florida,Tampa,Office Supplies,Appliances,40.5,1,0.1,19.03
ORD-2024-10605,2024-12-18,2024-12-21,CUST-0120,PROD-0029,Central,Michigan,Detroit,Furniture,Tables,765.6,3,0.2,213.16
ORD-2024-12300,2024-12-18,2024-12-23,CUST-0423,PROD-0024,South,Tennessee,Nashville,Furniture,Chairs,897.0,3,0.0,460.76
ORD-2024-13387,2024-12-18,2024-12-21,CUST-0625,PROD-0048,West,Washington,Seattle,Office Supplies,Paper,53.2,2,0.05,18.12
ORD-2024-13559,2024-12-18,2024-12-21,CUST-0654,PROD-0033,West,Arizona,Phoenix,Furniture,Bookcases,118.3,1,0.3,27.9
ORD-2024-11037,2024-12-19,2024-12-23,CUST-0192,PROD-0001,East,Massachusetts,Boston,Technology,Phones,2277.15,3,0.05,914.06
ORD-2024-11831,2024-12-19,2024-12-22,CUST-0343,PROD-0055,South,Florida,Tampa,Office Supplies,Appliances,792.3,6,0.05,371.73
ORD-2024-11931,2024-12-19,2024-12-24,CUST-0362,PROD-0003,Central,Texas,San Antonio,Technology,Phones,399.0,1,0.0,173.18
ORD-2024-12393,2024-12-19,2024-12-22,CUST-0437,PROD-0012,Central,Minnesota,Minneapolis,Technology,Accessories,56.05,1,0.05,32.46
ORD-2024-13108,2024-12-19,2024-12-21,CUST-0575,PROD-0045,Central,Texas,Dallas,Office Supplies,Art,264.0,3,0.2,115.58
ORD-2024-13321,2024-12-19,2024-12-22,CUST-0615,PROD-0034,East,Pennsylvania,Philadelphia,Furniture,Furnishings,52.0,1,0.2,20.93
ORD-2024-13976,2024-12-19,2024-12-23,CUST-0745,PROD-0034,East,New Jersey,Newark,Furniture,Furnishings,195.0,3,0.0,100.71
ORD-2024-14080,2024-12-19,2024-12-21,CUST-0762,PROD-0050,West,Arizona,Phoenix,Office Supplies,Binders,42.0,1,0.0,22.46
ORD-2024-14396,2024-12-19,2024-12-22,CUST-0837,PROD-0019,West,Oregon,Portland,Technology,Copiers & Printers,329.0,1,0.0,142.97
ORD-2024-10213,2024-12-20,2024-12-23,CUST-0048,PROD-0052,West,California,Los Angeles,Office Supplies,Binders,54.15,3,0.05,24.11
ORD-2024-11534,2024-12-20,2024-12-25,CUST-0293,PROD-0008,Central,Ohio,Cleveland,Technology,Laptops,1899.0,1,0.0,795.12
ORD-2024-11705,2024-12-20,2024-12-23,CUST-0321,PROD-0033,Central,Ohio,Cleveland,Furniture,Bookcases,304.2,3,0.4,29.25
ORD-2024-11747,2024-12-20,2024-12-22,CUST-0330,PROD-0032,East,New Jersey,Newark,Furniture,Bookcases,606.1,2,0.05,273.78
ORD-2024-12118,2024-12-20,2024-12-23,CUST-0395,PROD-0014,East,Pennsylvania,Philadelphia,Technology,Accessories,402.3,3,0.1,225.05
ORD-2024-12222,2024-12-20,2024-12-23,CUST-0411,PROD-0052,Central,Texas,San Antonio,Office Supplies,Binders,38.0,2,0.0,13.44
ORD-2024-12915,2024-12-20,2024-12-23,CUST-0530,PROD-0003,Central,Texas,Austin,Technology,Phones,399.0,1,0.0,174.14
ORD-2024-11185,2024-12-21,2024-12-27,CUST-0225,PROD-0049,Central,Ohio,Cleveland,Office Supplies,Paper,39.6,2,0.1,17.54
ORD-2024-12386,2024-12-21,2024-12-28,CUST-0436,PROD-0046,West,Arizona,Phoenix,Office Supplies,Paper,28.9,1,0.15,11.41
ORD-2024-12420,2024-12-21,2024-12-23,CUST-0443,PROD-0009,Central,Ohio,Cleveland,Technology,Laptops,1564.65,3,0.05,592.48
ORD-2024-12843,2024-12-21,2024-12-22,CUST-0517,PROD-0012,South,Georgia,Atlanta,Technology,Accessories,118.0,2,0.0,74.23
ORD-2024-13341,2024-12-21,2024-12-25,CUST-0617,PROD-0030,West,Washington,Seattle,Furniture,Bookcases,320.6,2,0.3,91.81
ORD-2024-14161,2024-12-21,2024-12-24,CUST-0779,PROD-0019,South,Florida,Miami,Technology,Copiers & Printers,329.0,1,0.0,142.28
ORD-2024-10092,2024-12-22,2024-12-25,CUST-0021,PROD-0008,West,Arizona,Phoenix,Technology,Laptops,1804.05,1,0.05,700.26
ORD-2024-11081,2024-12-22,2024-12-25,CUST-0200,PROD-0011,Central,Texas,Dallas,Technology,Accessories,129.0,1,0.0,78.42
ORD-2024-12105,2024-12-22,2024-12-24,CUST-0394,PROD-0032,Central,Ohio,Cleveland,Furniture,Bookcases,909.15,3,0.05,411.32
ORD-2024-13409,2024-12-22,2024-12-25,CUST-0627,PROD-0008,West,Colorado,Denver,Technology,Laptops,1709.1,1,0.1,604.65
ORD-2024-10412,2024-12-23,2024-12-25,CUST-0084,PROD-0039,Central,Illinois,Chicago,Office Supplies,Storage,32.0,1,0.0,13.93
ORD-2024-11192,2024-12-23,2024-12-26,CUST-0227,PROD-0026,South,North Carolina,Charlotte,Furniture,Tables,449.1,1,0.1,165.94
ORD-2024-11240,2024-12-23,2024-12-26,CUST-0233,PROD-0015,South,Georgia,Atlanta,Technology,Accessories,178.0,2,0.0,96.19
ORD-2024-11802,2024-12-23,2024-12-24,CUST-0340,PROD-0004,Central ,Texas,San Antonio,Technology,Phones,2198.0,2,0.0,826.85
ORD-2024-12285,2024-12-23,2024-12-28,CUST-0421,PROD-0002,Central,Texas,Houston,Technology,Phones,1618.2,2,0.1,571.08
ORD-2024-12441,2024-12-23,2024-12-24,CUST-0451,PROD-0047,South,Florida,Miami,Office Supplies,Paper,24.0,1,0.0,8.31
ORD-2024-12518,2024-12-23,2024-12-29,CUST-0461,PROD-0041,Central,Texas,Houston,Office Supplies,Storage,78.0,2,0.0,37.73
ORD-2024-13349,2024-12-23,2024-12-25,CUST-0617,PROD-0024,West,Washington,Seattle,Furniture,Chairs,897.0,3,0.0,466.54
ORD-2024-13485,2024-12-23,2024-12-27,CUST-0642,PROD-0040,South,Florida,Miami,Office Supplies,Storage,117.3,2,0.15,47.58
ORD-2024-10902,2024-12-24,2024-12-26,CUST-0166,PROD-0040,West,Washington,Seattle,Office Supplies,Storage,55.2,1,0.2,22.9
ORD-2024-11577,2024-12-24,2024-12-26,CUST-0303,PROD-0057,Central,Texas,Austin,Office Supplies,Appliances,162.0,4,0.1,73.84
ORD-2024-11580,2024-12-24,2024-12-26,CUST-0304,PROD-0008,Central,Minnesota,Minneapolis,Technology,Laptops,1899.0,1,0.0,792.69
ORD-2024-12069,2024-12-24,2024-12-26,CUST-0389,PROD-0018,East,New York,New York City,Technology,Copiers & Printers,1890.5,10,0.05,731.63
ORD-2024-12225,2024-12-24,2024-12-31,CUST-0412,PROD-0021,East,New York,Buffalo,Furniture,Chairs,1995.0,5,0.0,1013.84
ORD-2024-13068,2024-12-24,2024-12-27,CUST-0566,PROD-0048,West,Colorado,Denver,Office Supplies,Paper,23.8,1,0.15,6.17
ORD-2024-13258,2024-12-24,2024-12-27,CUST-0599,PROD-0056,Central,Ohio,Cleveland,Office Supplies,Appliances,916.0,4,0.0,453.36
ORD-2024-13861,2024-12-24,2024-12-27,CUST-0721,PROD-0057,Central,Minnesota,Minneapolis,Office Supplies,Appliances,90.0,2,0.0,40.01
ORD-2024-14024,2024-12-24,2024-12-27,CUST-0753,PROD-0051,West,California,Los Angeles,Office Supplies,Binders,18.0,1,0.0,5.14
ORD-2024-11408,2024-12-25,2024-12-30,CUST-0267,PROD-0029,South,Florida,Orlando,Furniture,Tables,1116.5,5,0.3,183.71
ORD-2024-12146,2024-12-25,2024-12-26,CUST-0400,PROD-0047,South,Tennessee,Nashville,Office Supplies,Paper,48.0,2,0.0,20.24
ORD-2024-13071,2024-12-25,2024-12-29,CUST-0566,PROD-0003,West,Colorado,Denver,Technology,Phones,1197.0,3,0.0,527.91
ORD-2024-13352,2024-12-25,2024-12-29,CUST-0619,PROD-0001,East,New York,Buffalo,Technology,Phones,1438.2,2,0.1,530.51
ORD-2024-13418,2024-12-25,2024-12-29,CUST-0628,PROD-0039,East,New York,Buffalo,Office Supplies,Storage,86.4,3,0.1,40.74
ORD-2024-13494,2024-12-25,2024-12-31,CUST-0643,PROD-0028,Central,Texas,Austin,Furniture,Tables,1677.9,3,0.3,313.87
ORD-2024-13535,2024-12-25,2024-12-27,CUST-0650,PROD-0038,South,Florida,Orlando,Office Supplies,Storage,302.4,4,0.6,-98.65
ORD-2024-13698,2024-12-25,2024-12-27,CUST-0687,PROD-0060,East,Pennsylvania,Philadelphia,Office Supplies,Fasteners,28.0,2,0.0,11.89
ORD-2024-14122,2024-12-25,2024-12-30,CUST-0769,PROD-0018,Central,Texas,Austin,Technology,Copiers & Printers,179.1,1,0.1,63.33
ORD-2024-10802,2024-12-26,2024-12-28,CUST-0151,PROD-0056,West,Arizona,Phoenix,Office Supplies,Appliances,1087.75,5,0.05,521.07
ORD-2024-10925,2024-12-26,2024-12-28,CUST-0170,PROD-0008,Central,Illinois,Chicago,Technology,Laptops,9495.0,5,0.0,3972.4
ORD-2024-11191,2024-12-26,2024-12-30,CUST-0227,PROD-0015,South,North Carolina,Charlotte,Technology,Accessories,89.0,1,0.0,48.39
ORD-2024-12520,2024-12-26,2024-12-29,CUST-0461,PROD-0054,Central,Texas,Houston,Office Supplies,Appliances,478.4,2,0.2,191.62
ORD-2024-12862,2024-12-26,2024-12-29,CUST-0519,PROD-0040,Central,Texas,Dallas,Office Supplies,Storage,69.0,1,0.0,36.75
ORD-2024-13432,2024-12-26,2024-12-29,CUST-0633,PROD-0020,West,Washington,Seattle,Furniture,Chairs,349.0,1,0.0,184.14
ORD-2024-13464,2024-12-26,2024-12-30,CUST-0639,PROD-0051,East,New Jersey,Newark,Office Supplies,Binders,36.0,2,0.0,16.08
ORD-2024-14038,2024-12-26,2024-12-27,CUST-0756,PROD-0034,South,North Carolina,Charlotte,Furniture,Furnishings,130.0,2,0.0,68.5
ORD-2024-11431,2024-12-27,2024-12-29,CUST-0272,PROD-0017,West,Colorado,Denver,Technology,Copiers & Printers,3495.0,5,0.0,1574.69
ORD-2024-11954,2024-12-27,2024-12-30,CUST-0368,PROD-0054,South,Tennessee,Nashville,Office Supplies,Appliances,284.05,1,0.05,139.22
ORD-2024-12156,2024-12-27,2024-12-31,CUST-0400,PROD-0016,South,Tennessee,Nashville,Technology,Copiers & Printers,3398.0,2,0.0,1587.32
ORD-2024-12587,2024-12-27,2025-01-01,CUST-0471,PROD-0003,South,Florida,Orlando,Technology,Phones,1596.0,4,0.0,688.5
ORD-2024-14363,2024-12-27,2024-12-30,CUST-0830,PROD-0025,East,Massachusetts,Boston,Furniture,Tables,1298.0,2,0.0,530.33
ORD-2024-10611,2024-12-28,2024-12-30,CUST-0122,PROD-0060,Central,Ohio,Columbus,Office Supplies,Fasteners,14.0,1,0.0,2.09
ORD-2024-10840,2024-12-28,2024-12-31,CUST-0157,PROD-0038,East,Massachusetts,Boston,Office Supplies,Storage,340.2,2,0.1,141.01
ORD-2024-11115,2024-12-28,2024-12-30,CUST-0207,PROD-0031,West,California,Los Angeles,Furniture,Bookcases,297.0,3,0.0,147.3
ORD-2024-11542,2024-12-28,2024-12-29,CUST-0295,PROD-0036,West,California,San Diego,Furniture,Furnishings,88.2,2,0.1,36.2
ORD-2024-12640,2024-12-28,2024-12-30,CUST-0482,PROD-0028,Central,Texas,Dallas,Furniture,Tables,479.4,1,0.4,26.23
ORD-2024-13067,2024-12-28,2025-01-01,CUST-0566,PROD-0052,West,Colorado,Denver,Office Supplies,Binders,19.0,1,0.0,7.22
ORD-2024-13466,2024-12-28,2025-01-02,CUST-0639,PROD-0025,East,New Jersey,Newark,Furniture,Tables,1298.0,2,0.0,531.17
ORD-2024-10347,2024-12-29,2025-01-02,CUST-0073,PROD-0019,West,Nevada,Las Vegas,Technology,Copiers & Printers,526.4,2,0.2,159.17
ORD-2024-11135,2024-12-29,2025-01-04,CUST-0209,PROD-0025,Central,Texas,Austin,Furniture,Tables,551.65,1,0.15,164.83
ORD-2024-11521,2024-12-29,2025-01-03,CUST-0291,PROD-0022,Central,Texas,Austin,Furniture,Chairs,219.0,1,0.0,117.18
ORD-2024-11547,2024-12-29,2025-01-04,CUST-0296,PROD-0024,South,Tennessee,Nashville,Furniture,Chairs,538.2,2,0.1,246.59
ORD-2024-11596,2024-12-29,2024-12-31,CUST-0306,PROD-0053,Central,Texas,Austin,Office Supplies,Binders,28.8,4,0.4,-4.6
ORD-2024-12343,2024-12-29,2025-01-01,CUST-0427,PROD-0029,West,California,San Diego,Furniture,Tables,574.2,2,0.1,205.86
ORD-2024-12825,2024-12-29,2025-01-03,CUST-0516,PROD-0045,South,Florida,Miami,Office Supplies,Art,104.5,1,0.05,55.77
ORD-2024-14480,2024-12-29,2025-01-01,CUST-0850,PROD-0034,West,Oregon,Portland,Furniture,Furnishings,185.25,3,0.05,90.65
ORD-2024-11289,2024-12-30,2025-01-01,CUST-0241,PROD-0007,West,Colorado,Denver,Technology,Laptops,1798.2,2,0.1,628.8
ORD-2024-11497,2024-12-30,2024-12-31,CUST-0286,PROD-0037,Central,Ohio,Columbus,Furniture,Furnishings,189.0,1,0.1,95.75
ORD-2024-11589,2024-12-30,2025-01-01,CUST-0305,PROD-0015,West,Washington,Spokane,Technology,Accessories,89.0,1,0.0,49.6
ORD-2024-12203,2024-12-30,2025-01-01,CUST-0407,PROD-0059,Central,Minnesota,Minneapolis,Office Supplies,Fasteners,31.35,3,0.05,5.64
ORD-2024-12255,2024-12-30,2025-01-01,CUST-0417,PROD-0016,Central,Texas,Houston,Technology,Copiers & Printers,3228.1,2,0.05,1416.01
ORD-2024-13549,2024-12-30,2025-01-02,CUST-0652,PROD-0051,South,Florida,Orlando,Office Supplies,Binders,18.0,1,0.0,8.54
ORD-2024-14404,2024-12-30,2025-01-01,CUST-0838,PROD-0058,South,Georgia,Atlanta,Office Supplies,Fasteners,29.0,1,0.0,10.3
ORD-2024-10074,2024-12-31,2025-01-03,CUST-0016,PROD-0055,East,Massachusetts,Boston,Office Supplies,Appliances,556.0,4,0.0,278.5
ORD-2024-11302,2024-12-31,2025-01-05,CUST-0244,PROD-0037,West,Washington,Seattle,Furniture,Furnishings,420.0,2,0.0,229.61
ORD-2024-11507,2024-12-31,2025-01-04,CUST-0287,PROD-0027,West,Nevada,Las Vegas,Furniture,Tables,417.0,3,0.0,175.51
ORD-2024-11920,2024-12-31,2025-01-03,CUST-0360,PROD-0025,South ,Virginia,Richmond,Furniture,Tables,1168.2,2,0.1,396.11
ORD-2024-12558,2024-12-31,2025-01-04,CUST-0467,PROD-0041,Central,Texas,San Antonio,Office Supplies,Storage,35.1,1,0.1,15.31
ORD-2024-12858,2024-12-31,2025-01-04,CUST-0518,PROD-0013,Central,Minnesota,Minneapolis,Technology,Accessories,69.0,1,0.0,43.48
ORD-2024-13147,2024-12-31,2025-01-02,CUST-0583,PROD-0014,East,Pennsylvania,Pittsburgh,Technology,Accessories,149.0,1,0.0,88.64
ORD-2024-13159,2024-12-31,2025-01-01,CUST-0585,PROD-0030,Central,Texas,Houston,Furniture,Bookcases,801.5,5,0.3,217.07
ORD-2024-13567,2024-12-31,2025-01-02,CUST-0658,PROD-0046,Central,Ohio,Columbus,Office Supplies,Paper,64.6,2,0.05,22.64
ORD-2024-13909,2024-12-31,2025-01-03,CUST-0733,PROD-0003,Central,Ohio,Columbus,Technology,Phones,399.0,1,0.0,172.91
ORD-2024-14212,2024-12-31,2025-01-06,CUST-0793,PROD-0005,Central,Illinois,Chicago,Technology,Phones,2565.0,3,0.1,750.33
ORD-2025-10067,2025-01-01,2025-01-03,CUST-0015,PROD-0029,East,New Jersey,Newark,Furniture,Tables,319.0,1,0.0,133.7
ORD-2025-12513,2025-01-01,2025-01-05,CUST-0460,PROD-0035,Central,Minnesota,Minneapolis,Furniture,Furnishings,142.5,2,0.05,73.81
ORD-2025-12829,2025-01-01,2025-01-03,CUST-0516,PROD-0002,South,Florida,Miami,Technology,Phones,2876.8,4,0.2,783.17
ORD-2025-12852,2025-01-01,2025-01-03,CUST-0518,PROD-0055,Central,Minnesota,Minneapolis,Office Supplies,Appliances,125.1,1,0.1,55.97
ORD-2025-12916,2025-01-01,2025-01-04,CUST-0530,PROD-0019,Central,Texas,Austin,Technology,Copiers & Printers,658.0,2,0.0,288.76
ORD-2025-13208,2025-01-01,2025-01-05,CUST-0595,PROD-0022,South,Virginia,Richmond,furniture,Chairs,876.0,4,0.0,468.17
ORD-2025-14341,2025-01-01,2025-01-03,CUST-0824,PROD-0008,South,Florida,Miami,Technology,Laptops,9020.25,5,0.05,3498.71
ORD-2025-10754,2025-01-02,2025-01-06,CUST-0146,PROD-0018,East,Pennsylvania,Philadelphia,Technology,Copiers & Printers,199.0,1,0.0,85.09
ORD-2025-11963,2025-01-02,2025-01-03,CUST-0370,PROD-0024,Central,Ohio,Columbus,Furniture,Chairs,568.1,2,0.05,278.22
ORD-2025-12810,2025-01-02,2025-01-05,CUST-0514,PROD-0052,West,Arizona,Phoenix,Office Supplies,Binders,19.0,1,0.0,6.11
ORD-2025-13149,2025-01-02,2025-01-04,CUST-0585,PROD-0039,Central,Texas,Houston,Office Supplies,Storage,30.4,1,0.05,13.56
ORD-2025-13202,2025-01-02,2025-01-05,CUST-0593,PROD-0018,South,Florida,Tampa,Technology,Copiers & Printers,169.15,1,0.15,53.58
ORD-2025-13211,2025-01-02,2025-01-03,CUST-0595,PROD-0052,South,Virginia,Richmond,Office Supplies,Binders,38.0,2,0.0,10.59
ORD-2025-13361,2025-01-02,2025-01-04,CUST-0621,PROD-0031,West,California,San Jose,Furniture,Bookcases,89.1,1,0.1,37.26
ORD-2025-13152,2025-01-03,2025-01-07,CUST-0585,PROD-0041,Central,Texas,Houston,Office Supplies,Storage,62.4,2,0.2,20.46
ORD-2025-10442,2025-01-04,2025-01-05,CUST-0087,PROD-0016,South,Florida,Tampa,Technology,Copiers & Printers,1529.1,1,0.1,622.61
ORD-2025-13932,2025-01-04,2025-01-11,CUST-0736,PROD-0028,West,California,San Jose,Furniture,Tables,1917.6,3,0.2,556.37
ORD-2025-10672,2025-01-05,2025-01-06,CUST-0129,PROD-0047,East,New Jersey,Newark,Office Supplies,Paper,96.0,4,0.0,33.55
ORD-2025-10720,2025-01-05,2025-01-09,CUST-0139,PROD-0031,Central,Illinois,Chicago,Furniture,Bookcases,89.1,1,0.1,38.46
ORD-2025-12638,2025-01-07,2025-01-12,CUST-0482,PROD-0001,Central,Texas,Dallas,Technology,Phones,1358.3,2,0.15,449.8
ORD-2025-12674,2025-01-07,2025-01-11,CUST-0489,PROD-0034,Central,Michigan,Detroit,Furniture,Furnishings,45.5,1,0.3,13.5
ORD-2025-13642,2025-01-07,2025-01-09,CUST-0673,PROD-0045,South,Virginia,Richmond,Office Supplies,Art,110.0,1,0.0,61.71
ORD-2025-10200,2025-01-08,2025-01-11,CUST-0046,PROD-0031,West,Arizona,Phoenix,Furniture,Bookcases,89.1,1,0.1,39.36
ORD-2025-13467,2025-01-08,2025-01-09,CUST-0639,PROD-0017,East,New Jersey,Newark,Technology,Copiers & Printers,1398.0,2,0.0,629.0
ORD-2025-10095,2025-01-09,2025-01-12,CUST-0021,PROD-0045,West,Arizona,Phoenix,Office Supplies,Art,220.0,2,0.0,120.1
ORD-2025-13954,2025-01-09,2025-01-11,CUST-0742,PROD-0032,West,California,San Jose,Furniture,Bookcases,813.45,3,0.15,317.29
ORD-2025-14181,2025-01-09,2025-01-11,CUST-0785,PROD-0039,Central,Michigan,Detroit,Office Supplies,Storage,64.0,2,0.0,32.91
ORD-2025-10002,2025-01-10,2025-01-13,CUST-0001,PROD-0023,Central,Texas,Houston,Furniture,Chairs,747.0,3,0.0,367.58
ORD-2025-10447,2025-01-10,2025-01-11,CUST-0088,PROD-0033,East,Pennsylvania,Philadelphia,Furniture,Bookcases,304.2,2,0.1,124.46
ORD-2025-13007,2025-01-10,2025-01-15,CUST-0553,PROD-0057,Central,Ohio,Columbus,Office Supplies,Appliances,72.0,2,0.2,22.02
ORD-2025-14124,2025-01-10,2025-01-12,CUST-0769,PROD-0048,Central,Texas,Austin,Office Supplies,Paper,67.2,3,0.2,14.92
ORD-2025-12562,2025-01-11,2025-01-13,CUST-0467,PROD-0060,Central,Texas,San Antonio,Office Supplies,Fasteners,28.0,2,0.0,11.25
ORD-2025-11587,2025-01-12,2025-01-14,CUST-0305,PROD-0045,West,Washington,Spokane,Office Supplies,Art,330.0,3,0.0,177.61
ORD-2025-12582,2025-01-12,2025-01-17,CUST-0471,PROD-0036,South,Florida,Orlando,Furniture,Furnishings,46.55,1,0.05,20.43
ORD-2025-12802,2025-01-12,2025-01-14,CUST-0513,PROD-0053,Central,Minnesota,Minneapolis,Office Supplies,Binders,11.4,1,0.05,2.95
ORD-2025-13266,2025-01-12,2025-01-15,CUST-0601,PROD-0058,East,Massachusetts,Boston,Office Supplies,Fasteners,55.1,2,0.05,17.3
ORD-2025-11406,2025-01-13,2025-01-15,CUST-0267,PROD-0002,South,Florida,Orlando,Technology,Phones,1798.0,2,0.0,747.75
ORD-2025-12073,2025-01-13,2025-01-20,CUST-0389,PROD-0034,East,New York,New York City,Furniture,Furnishings,292.5,5,0.1,150.69
ORD-2025-12405,2025-01-13,2025-01-16,CUST-0439,PROD-0055,Central,Ohio,Cleveland,Office Supplies,Appliances,139.0,1,0.0,69.3
ORD-2025-12486,2025-01-13,2025-01-16,CUST-0456,PROD-0038,Central,Minnesota,Minneapolis,Office Supplies,Storage,718.2,4,0.05,315.58
ORD-2025-12560,2025-01-13,2025-01-17,CUST-0467,PROD-0006,Central,Texas,San Antonio,Technology,Laptops,1299.0,1,0.0,545.24
ORD-2025-13638,2025-01-13,2025-01-15,CUST-0672,PROD-0038,South,Georgia,Atlanta,Office Supplies,Storage,378.0,2,0.0,176.15
ORD-2025-12579,2025-01-14,2025-01-16,CUST-0469,PROD-0051,East,New York,Buffalo,Office Supplies,Binders,16.2,1,0.1,7.09
ORD-2025-10887,2025-01-15,2025-01-18,CUST-0163,PROD-0056,Central,Texas,Dallas,Office Supplies,Appliances,2290.0,10,0.0,1135.26
ORD-2025-11844,2025-01-15,2025-01-17,CUST-0345,PROD-0005,Central,Ohio,Cleveland,Technology,Phones,902.5,1,0.05,296.45
ORD-2025-14429,2025-01-15,2025-01-18,CUST-0844,PROD-0055,South,Georgia,Atlanta,Office Supplies,Appliances,132.05,1,0.05,61.24
ORD-2025-10421,2025-01-16,2025-01-18,CUST-0086,PROD-0006,West,Colorado,Denver,Technology,Laptops,4676.4,4,0.1,1648.56
ORD-2025-11678,2025-01-16,2025-01-19,CUST-0318,PROD-0016,East,New York,New York City,Technology,Copiers & Printers,3398.0,2,0.0,1589.16
ORD-2025-12494,2025-01-16,2025-01-18,CUST-0457,PROD-0040,Central,Ohio,Columbus,Office Supplies,Storage,48.3,1,0.3,17.01
ORD-2025-12756,2025-01-16,2025-01-21,CUST-0503,PROD-0037,East,Massachusetts,Boston,Furniture,Furnishings,210.0,1,0.0,116.05
ORD-2025-13125,2025-01-17,2025-01-19,CUST-0578,PROD-0019,West,California,San Diego,Technology,Copiers & Printers,312.55,1,0.05,128.79
ORD-2025-13285,2025-01-17,2025-01-19,CUST-0608,PROD-0016,West,Nevada,Las Vegas,Technology,Copiers & Printers,6796.0,4,0.0,3180.84
ORD-2025-13982,2025-01-17,2025-01-20,CUST-0746,PROD-0046,East,Pennsylvania,Philadelphia,Office Supplies,Paper,64.6,2,0.05,23.06
ORD-2025-14140,2025-01-17,2025-01-20,CUST-0775,PROD-0001,South,Virginia,Richmond,Technology,Phones,799.0,1,0.0,344.02
ORD-2025-10557,2025-01-18,2025-01-20,CUST-0106,PROD-0054,East,New Jersey,Newark,office supplies,Appliances,299.0,1,0.0,153.01
ORD-2025-11327,2025-01-18,2025-01-20,CUST-0251,PROD-0044,Central,Texas,Dallas,Office Supplies,Art,47.4,1,0.4,9.69
ORD-2025-13239,2025-01-18,2025-01-23,CUST-0597,PROD-0050,West,California,Los Angeles,Office Supplies,Binders,84.0,2,0.0,41.09
ORD-2025-14197,2025-01-18,2025-01-20,CUST-0788,PROD-0060,West,Arizona,Phoenix,Office Supplies,Fasteners,25.2,2,0.1,8.6
ORD-2025-14463,2025-01-18,2025-01-21,CUST-0849,PROD-0032,South,Florida,Orlando,Furniture,Bookcases,319.0,1,0.0,153.49
ORD-2025-11457,2025-01-19,2025-01-21,CUST-0276,PROD-0034,West,Colorado,Denver,Furniture,Furnishings,494.0,8,0.05,254.17
ORD-2025-13133,2025-01-19,2025-01-23,CUST-0581,PROD-0022,East,New Jersey,Newark,Furniture,Chairs,657.0,3,0.0,355.16
ORD-2025-13793,2025-01-19,2025-01-20,CUST-0706,PROD-0040,East,New York,New York City,Office Supplies,Storage,41.4,1,0.4,6.76
ORD-2025-10119,2025-01-20,2025-01-22,CUST-0028,PROD-0028,West,Oregon,Portland,Furniture,Tables,479.4,1,0.4,26.04
ORD-2025-10751,2025-01-20,2025-01-22,CUST-0145,PROD-0035,South,North Carolina,Charlotte,Furniture,Furnishings,71.25,1,0.05,38.1
ORD-2025-10984,2025-01-21,2025-01-24,CUST-0181,PROD-0036,West,Arizona,Phoenix,Furniture,Furnishings,49.0,1,0.0,25.33
ORD-2025-11025,2025-01-21,2025-01-23,CUST-0191,PROD-0014,Central,Texas,San Antonio,Technology,Accessories,149.0,1,0.0,88.51
ORD-2025-12396,2025-01-21,2025-01-23,CUST-0437,PROD-0049,Central,Minnesota,Minneapolis,Office Supplies,Paper,112.2,6,0.15,39.7
ORD-2025-12546,2025-01-21,2025-01-24,CUST-0465,PROD-0057,East,Massachusetts,Boston,Office Supplies,Appliances,108.0,3,0.2,39.38
ORD-2025-13240,2025-01-21,2025-01-22,CUST-0597,PROD-0028,West,California,Los Angeles,Furniture,Tables,1358.3,2,0.15,446.9
ORD-2025-11756,2025-01-22,2025-01-26,CUST-0330,PROD-0059,East,New Jersey,Newark,Office Supplies,Fasteners,20.9,2,0.05,-0.82
ORD-2025-12135,2025-01-22,2025-01-24,CUST-0397,PROD-0050,West,Oregon,Portland,office supplies,Binders,119.7,3,0.05,57.56
ORD-2025-10810,2025-01-23,2025-01-26,CUST-0152,PROD-0031,South,Tennessee,Nashville,Furniture,Bookcases,89.1,1,0.1,40.5
ORD-2025-11822,2025-01-23,2025-01-25,CUST-0342,PROD-0044,West,California,San Jose,Office Supplies,Art,158.0,2,0.0,81.0
ORD-2025-12803,2025-01-24,2025-01-25,CUST-0513,PROD-0043,Central,Minnesota,Minneapolis,Office Supplies,Art,56.05,1,0.05,26.31
ORD-2025-13031,2025-01-24,2025-01-28,CUST-0558,PROD-0057,South,Florida,Miami,Office Supplies,Appliances,42.75,1,0.05,19.95
ORD-2025-11172,2025-01-25,2025-01-27,CUST-0221,PROD-0002,Central,Michigan,Detroit,Technology,Phones,899.0,1,0.0,374.77
ORD-2025-10807,2025-01-26,2025-01-28,CUST-0151,PROD-0011,West,Arizona,Phoenix,Technology,Accessories,258.0,2,0.0,160.88
ORD-2025-10256,2025-01-27,2025-01-29,CUST-0059,PROD-0011,Central,Illinois,Chicago,Technology,Accessories,258.0,2,0.0,161.8
ORD-2025-11638,2025-01-27,2025-01-30,CUST-0312,PROD-0010,Central,Texas,Dallas,Technology,Laptops,2898.0,2,0.0,1190.91
ORD-2025-13445,2025-01-27,2025-01-29,CUST-0636,PROD-0032,West,California,Los Angeles,Furniture,Bookcases,319.0,1,0.0,153.38
ORD-2025-13471,2025-01-28,2025-01-31,CUST-0639,PROD-0031,East,New Jersey,Newark,Furniture,Bookcases,198.0,2,0.0,95.5
ORD-2025-13703,2025-01-28,2025-01-29,CUST-0687,PROD-0041,East,Pennsylvania,Philadelphia,Office Supplies,Storage,23.4,1,0.4,1.88
ORD-2025-13805,2025-01-28,2025-01-31,CUST-0708,PROD-0010,South,Florida,Tampa,Technology,Laptops,1449.0,1,0.0,593.52
ORD-2025-14328,2025-01-28,2025-01-29,CUST-0822,PROD-0040,South,Virginia,Richmond,Office Supplies,Storage,69.0,1,0.0,36.99
ORD-2025-11064,2025-01-29,2025-01-31,CUST-0197,PROD-0059,Central,Illinois,Chicago,Office Supplies,Fasteners,110.0,10,0.0,24.72
ORD-2025-11385,2025-01-29,2025-01-31,CUST-0261,PROD-0010,West,Oregon,Portland,Technology,Laptops,1449.0,1,0.0,592.53
ORD-2025-13949,2025-01-29,2025-01-31,CUST-0741,PROD-0011,South,Florida,Orlando,Technology,Accessories,490.2,4,0.05,297.65
ORD-2025-12797,2025-01-30,2025-02-02,CUST-0513,PROD-0040,Central,Minnesota,Minneapolis,Office Supplies,Storage,131.1,2,0.05,68.94
ORD-2025-12945,2025-01-30,2025-02-03,CUST-0539,PROD-0014,West,California,San Francisco,Technology,Accessories,149.0,1,0.0,90.08
ORD-2025-13483,2025-01-30,2025-02-04,CUST-0642,PROD-0040,South,Florida,Miami,Office Supplies,Storage,96.6,2,0.3,26.9
ORD-2025-11102,2025-01-31,2025-02-02,CUST-0204,PROD-0058,East,New York,Buffalo,Office Supplies,Fasteners,29.0,1,0.0,13.63
ORD-2025-10542,2025-02-01,2025-02-03,CUST-0105,PROD-0015,East,New Jersey,Newark,Technology,Accessories,89.0,1,0.0,47.3
ORD-2025-14265,2025-02-01,2025-02-04,CUST-0807,PROD-0006,East,New York,New York City,Technology,Laptops,2468.1,2,0.05,961.83
ORD-2025-13303,2025-02-02,2025-02-05,CUST-0609,PROD-0017,East,New York,New York City,Technology,Copiers & Printers,1398.0,2,0.0,630.85
ORD-2025-14391,2025-02-02,2025-02-04,CUST-0836,PROD-0012,South,Florida,Miami,Technology,Accessories,59.0,1,0.0,36.22
ORD-2025-11337,2025-02-03,2025-02-05,CUST-0252,PROD-0041,West,Colorado,Denver,Office Supplies,Storage,111.15,3,0.05,48.8
ORD-2025-12313,2025-02-04,2025-02-08,CUST-0424,PROD-0042,East,New York,New York City,Office Supplies,Art,41.65,1,0.15,18.41
ORD-2025-12182,2025-02-05,2025-02-12,CUST-0405,PROD-0038,Central,Texas,Austin,Office Supplies,Storage,378.0,2,0.0,179.82
ORD-2025-11812,2025-02-06,2025-02-12,CUST-0341,PROD-0007,South,Tennessee,Nashville,Technology,Laptops,1998.0,2,0.0,831.95
ORD-2025-10012,2025-02-07,2025-02-11,CUST-0003,PROD-0008,East,Pennsylvania,Pittsburgh,Technology,Laptops,1899.0,1,0.0,794.87
ORD-2025-10572,2025-02-07,2025-02-09,CUST-0112,PROD-0036,Central,Minnesota,Minneapolis,Furniture,Furnishings,117.6,3,0.2,39.49
ORD-2025-11750,2025-02-07,2025-02-12,CUST-0330,PROD-0019,East,New Jersey,Newark,Technology,Copiers & Printers,329.0,1,0.0,142.77
ORD-2025-10354,2025-02-08,2025-02-10,CUST-0074,PROD-0046,West,California,San Diego,Office Supplies,Paper,32.3,1,0.05,13.48
ORD-2025-11292,2025-02-08,2025-02-09,CUST-0241,PROD-0015,West,Colorado,Denver,Technology,Accessories,169.1,2,0.05,92.11
ORD-2025-11342,2025-02-08,2025-02-13,CUST-0254,PROD-0025,West,Oregon,Portland,Furniture,Tables,551.65,1,0.15,167.04
ORD-2025-12971,2025-02-08,2025-02-12,CUST-0547,PROD-0023,South,Florida,Miami,Furniture,Chairs,211.65,1,0.15,86.62
ORD-2025-13184,2025-02-08,2025-02-10,CUST-0589,PROD-0060,Central,Minnesota,Minneapolis,Office Supplies,Fasteners,39.9,3,0.05,7.04
ORD-2025-13458,2025-02-08,2025-02-15,CUST-0638,PROD-0015,West,California,San Diego,Technology,Accessories,89.0,1,0.0,50.35
ORD-2025-12419,2025-02-09,2025-02-14,CUST-0443,PROD-0042,Central,Ohio,Cleveland,Office Supplies,Art,49.0,1,0.0,24.57
ORD-2025-14102,2025-02-09,2025-02-12,CUST-0765,PROD-0056,South,Tennessee,Nashville,Office Supplies,Appliances,229.0,1,0.0,114.76
ORD-2025-11825,2025-02-11,2025-02-14,CUST-0343,PROD-0006,South,Florida,Tampa,Technology,Laptops,3897.0,3,0.0,1627.64
ORD-2025-11751,2025-02-12,2025-02-17,CUST-0330,PROD-0040,East,New Jersey,Newark,Office Supplies,Storage,621.0,10,0.1,273.05
ORD-2025-12979,2025-02-12,2025-02-14,CUST-0549,PROD-0055,East,Massachusetts,Boston,office supplies,Appliances,250.2,2,0.1,108.91
ORD-2025-11267,2025-02-13,2025-02-15,CUST-0237,PROD-0050,East,New Jersey,Newark,Office Supplies,Binders,39.9,1,0.05,20.74
ORD-2025-11530,2025-02-14,2025-02-16,CUST-0292,PROD-0017,West,Washington,Seattle,Technology,Copiers & Printers,699.0,1,0.0,314.86
ORD-2025-12594,2025-02-14,2025-02-16,CUST-0471,PROD-0026,South,Florida,Orlando,Furniture,Tables,449.1,1,0.1,165.55
ORD-2025-12633,2025-02-14,2025-02-18,CUST-0481,PROD-0003,East,Pennsylvania,Pittsburgh,Technology,Phones,1795.5,5,0.1,678.99
ORD-2025-13331,2025-02-14,2025-02-17,CUST-0616,PROD-0003,East,New Jersey,Newark,Technology,Phones,319.2,1,0.2,95.3
ORD-2025-14068,2025-02-14,2025-02-16,CUST-0760,PROD-0049,Central,Texas,San Antonio,Office Supplies,Paper,22.0,1,0.0,8.83
ORD-2025-12231,2025-02-15,2025-02-17,CUST-0412,PROD-0036,East,New York,Buffalo,Furniture,Furnishings,352.8,8,0.1,141.45
ORD-2025-10867,2025-02-16,2025-02-18,CUST-0161,PROD-0053,East,New York,Buffalo,Office Supplies,Binders,11.4,1,0.05,1.43
ORD-2025-11004,2025-02-16,2025-02-19,CUST-0187,PROD-0011,West,Arizona,Phoenix,Technology,Accessories,645.0,5,0.0,391.38
ORD-2025-11543,2025-02-16,2025-02-22,CUST-0295,PROD-0039,West,California,San Diego,Office Supplies,Storage,144.0,5,0.1,57.36
ORD-2025-13199,2025-02-16,2025-02-20,CUST-0592,PROD-0010,Central,Ohio,Columbus,Technology,Laptops,5796.0,4,0.0,2383.2
ORD-2025-13614,2025-02-16,2025-02-18,CUST-0667,PROD-0041,West,Washington,Seattle,Office Supplies,Storage,35.1,1,0.1,16.9
ORD-2025-11435,2025-02-17,2025-02-18,CUST-0273,PROD-0054,South,Virginia,Richmond,Office Supplies,Appliances,239.2,1,0.2,92.22
ORD-2025-12943,2025-02-17,2025-02-19,CUST-0539,PROD-0014,West,California,San Francisco,Technology,Accessories,1490.0,10,0.0,888.69
ORD-2025-12413,2025-02-18,2025-02-21,CUST-0442,PROD-0030,East,Massachusetts,Boston,Furniture,Bookcases,217.55,1,0.05,103.41
ORD-2025-12847,2025-02-18,2025-02-21,CUST-0518,PROD-0010,Central,Minnesota,Minneapolis,Technology,Laptops,1449.0,1,0.0,592.37
ORD-2025-12064,2025-02-19,2025-02-23,CUST-0388,PROD-0025,East,New York,New York City,Furniture,Tables,1752.3,3,0.1,591.45
ORD-2025-11253,2025-02-20,2025-02-22,CUST-0234,PROD-0048,Central,Ohio,Cleveland,Office Supplies,Paper,79.8,3,0.05,36.81
ORD-2025-12144,2025-02-20,2025-02-22,CUST-0400,PROD-0042,South,Tennessee,Nashville,Office Supplies,Art,98.0,2,0.0,54.43
ORD-2025-12157,2025-02-20,2025-02-22,CUST-0400,PROD-0018,South,Tennessee,Nashville,Technology,Copiers & Printers,169.15,1,0.15,54.47
ORD-2025-13456,2025-02-20,2025-02-21,CUST-0638,PROD-0010,West,California,San Diego,Technology,Laptops,4347.0,3,0.0,1784.32
ORD-2025-10137,2025-02-21,2025-02-23,CUST-0029,PROD-0031,West,Nevada,Las Vegas,Furniture,Bookcases,99.0,1,0.0,50.87
ORD-2025-11697,2025-02-21,2025-02-23,CUST-0320,PROD-0001,Central,Ohio,Columbus,Technology,Phones,2397.0,3,0.0,1030.32
ORD-2025-12351,2025-02-21,2025-02-25,CUST-0429,PROD-0027,Central,Texas,Dallas,Furniture,Tables,97.3,1,0.3,18.35
ORD-2025-12549,2025-02-21,2025-02-24,CUST-0465,PROD-0034,East,Massachusetts,Boston,Furniture,Furnishings,65.0,1,0.0,35.8
ORD-2025-13305,2025-02-21,2025-02-24,CUST-0610,PROD-0033,West,Nevada,Las Vegas,Furniture,Bookcases,802.75,5,0.05,357.4
ORD-2025-11079,2025-02-22,2025-02-27,CUST-0200,PROD-0025,Central,Texas,Dallas,Furniture,Tables,1752.3,3,0.1,598.61
ORD-2025-14433,2025-02-22,2025-02-28,CUST-0845,PROD-0036,Central,Texas,Austin,Furniture,Furnishings,98.0,2,0.0,46.41
ORD-2025-11936,2025-02-23,2025-02-27,CUST-0364,PROD-0052,East,New York,Buffalo,Office Supplies,Binders,190.0,10,0.0,89.12
ORD-2025-11034,2025-02-24,2025-03-01,CUST-0192,PROD-0025,East,Massachusetts,Boston,Furniture,Tables,519.2,1,0.2,135.12
ORD-2025-11227,2025-02-24,2025-02-27,CUST-0231,PROD-0034,West,Oregon,Portland,Furniture,Furnishings,65.0,1,0.0,33.55
ORD-2025-11222,2025-02-25,2025-02-27,CUST-0231,PROD-0056,West,Oregon,Portland,Office Supplies,Appliances,320.6,2,0.3,92.66
ORD-2025-11655,2025-02-25,2025-03-01,CUST-0316,PROD-0010,West,California,San Jose,Technology,Laptops,1449.0,1,0.0,594.49
ORD-2025-10492,2025-02-26,2025-03-03,CUST-0096,PROD-0001,Central,Michigan,Detroit,Technology,Phones,799.0,1,0.0,343.1
ORD-2025-10941,2025-02-27,2025-03-03,CUST-0172,PROD-0032,East,New York,Buffalo,Furniture,Bookcases,861.3,3,0.1,371.14
ORD-2025-12043,2025-02-27,2025-02-28,CUST-0384,PROD-0048,Central,Texas,San Antonio,Office Supplies,Paper,26.6,1,0.05,9.03
ORD-2025-14108,2025-02-27,2025-03-05,CUST-0766,PROD-0027,East,New York,Buffalo,Furniture,Tables,528.2,4,0.05,211.24
ORD-2025-14204,2025-02-27,2025-03-02,CUST-0790,PROD-0041,Central,Illinois,Chicago,Office Supplies,Storage,37.05,1,0.05,17.72
ORD-2025-10909,2025-02-28,2025-03-03,CUST-0167,PROD-0025,Central,Texas,Dallas,Furniture,Tables,649.0,1,0.0,264.63
ORD-2025-11841,2025-02-28,2025-03-03,CUST-0345,PROD-0054,Central,Ohio,Cleveland,Office Supplies,Appliances,299.0,1,0.0,155.42
ORD-2025-12733,2025-02-28,2025-03-02,CUST-0499,PROD-0008,East,New York,Buffalo,Technology,Laptops,13672.8,8,0.1,4844.27
ORD-2025-10021,2025-03-01,2025-03-06,CUST-0004,PROD-0055,South,Florida,Orlando,Office Supplies,Appliances,278.0,2,0.0,140.23
ORD-2025-11546,2025-03-01,2025-03-06,CUST-0295,PROD-0004,West,California,San Diego,Technology,Phones,1099.0,1,0.0,414.05
ORD-2025-14168,2025-03-01,2025-03-04,CUST-0780,PROD-0005,East,Pennsylvania,Philadelphia,Technology,Phones,950.0,1,0.0,343.37
ORD-2025-14008,2025-03-02,2025-03-05,CUST-0750,PROD-0030,West,Washington,Spokane,Furniture,Bookcases,137.4,1,0.4,22.71
ORD-2025-10465,2025-03-03,2025-03-08,CUST-0091,PROD-0018,Central,Texas,Dallas,Technology,Copiers & Printers,796.0,4,0.0,333.33
ORD-2025-13736,2025-03-03,2025-03-09,CUST-0694,PROD-0022,Central,Texas,Dallas,Furniture,Chairs,1314.0,6,0.0,711.15
ORD-2025-10616,2025-03-04,2025-03-05,CUST-0122,PROD-0019,Central,Ohio,Columbus,Technology,Copiers & Printers,296.1,1,0.1,111.38
ORD-2025-12094,2025-03-04,2025-03-10,CUST-0392,PROD-0052,Central,Texas,Dallas,Office Supplies,Binders,57.0,3,0.0,21.88
ORD-2025-13443,2025-03-04,2025-03-05,CUST-0636,PROD-0043,West,California,Los Angeles,office supplies,Art,59.0,1,0.0,28.82
ORD-2025-11065,2025-03-05,2025-03-08,CUST-0197,PROD-0030,Central ,Illinois,Chicago,Furniture,Bookcases,194.65,1,0.15,80.36
ORD-2025-12265,2025-03-05,2025-03-07,CUST-0417,PROD-0019,Central,Texas,Houston,Technology,Copiers & Printers,559.3,2,0.15,185.59
ORD-2025-12723,2025-03-05,2025-03-08,CUST-0497,PROD-0026,West,California,San Francisco,Furniture,Tables,2694.6,6,0.1,991.36
ORD-2025-10996,2025-03-06,2025-03-08,CUST-0185,PROD-0035,Central,Texas,Houston,Furniture,Furnishings,63.75,1,0.15,27.26
ORD-2025-12034,2025-03-06,2025-03-09,CUST-0384,PROD-0004,Central,Texas,San Antonio,Technology,Phones,989.1,1,0.1,304.76
ORD-2025-13453,2025-03-06,2025-03-09,CUST-0638,PROD-0002,West,California,San Diego,Technology,Phones,899.0,1,0.0,373.26
ORD-2025-14335,2025-03-06,2025-03-11,CUST-0823,PROD-0010,West,California,San Jose,Technology,Laptops,4347.0,3,0.0,1784.36
ORD-2025-10625,2025-03-07,2025-03-09,CUST-0124,PROD-0039,West,Nevada,Las Vegas,Office Supplies,Storage,51.2,2,0.2,17.39
ORD-2025-11068,2025-03-07,2025-03-08,CUST-0198,PROD-0011,Central,Michigan,Detroit,Technology,Accessories,645.0,5,0.0,389.91
ORD-2025-12433,2025-03-07,2025-03-09,CUST-0448,PROD-0031,South,Virginia,Richmond,Furniture,Bookcases,94.05,1,0.05,45.45
ORD-2025-12632,2025-03-07,2025-03-08,CUST-0481,PROD-0038,East,Pennsylvania,Pittsburgh,Office Supplies,Storage,359.1,2,0.05,160.12
ORD-2025-14085,2025-03-07,2025-03-12,CUST-0763,PROD-0039,Central,Illinois,Chicago,Office Supplies,Storage,115.2,4,0.1,44.26
ORD-2025-11980,2025-03-08,2025-03-11,CUST-0373,PROD-0021,East,New York,New York City,Furniture,Chairs,399.0,1,0.0,205.22
ORD-2025-13332,2025-03-08,2025-03-13,CUST-0616,PROD-0017,East,New Jersey,Newark,Technology,Copiers & Printers,1188.3,2,0.15,417.46
ORD-2025-13728,2025-03-08,2025-03-09,CUST-0693,PROD-0060,Central,Ohio,Columbus,Office Supplies,Fasteners,14.0,1,0.0,2.02
ORD-2025-10553,2025-03-09,2025-03-10,CUST-0106,PROD-0041,East,New Jersey,Newark,Office Supplies,Storage,78.0,2,0.0,39.56
ORD-2025-11179,2025-03-09,2025-03-12,CUST-0224,PROD-0026,Central,Ohio,Cleveland,Furniture,Tables,299.4,1,0.4,13.22
ORD-2025-12067,2025-03-09,2025-03-11,CUST-0389,PROD-0054,East,New York,New York City,Office Supplies,Appliances,1136.2,4,0.05,550.69
ORD-2025-13807,2025-03-09,2025-03-11,CUST-0709,PROD-0029,East,Pennsylvania,Philadelphia,Furniture,Tables,669.9,3,0.3,118.7
ORD-2025-11615,2025-03-10,2025-03-11,CUST-0309,PROD-0041,West,California,San Diego,Office Supplies,Storage,74.1,2,0.05,33.55
ORD-2025-12881,2025-03-10,2025-03-14,CUST-0522,PROD-0038,Central,Texas,Austin,Office Supplies,Storage,189.0,1,0.0,89.03
ORD-2025-12975,2025-03-10,2025-03-12,CUST-0548,PROD-0028,West,Oregon,Portland,Furniture,Tables,759.05,1,0.05,302.84
ORD-2025-11556,2025-03-11,2025-03-15,CUST-0299,PROD-0058,Central,Ohio,Cleveland,Office Supplies,Fasteners,29.0,1,0.0,12.42
ORD-2025-12385,2025-03-11,2025-03-16,CUST-0436,PROD-0005,West,Arizona,Phoenix,Technology,Phones,1710.0,2,0.1,496.77
ORD-2025-13641,2025-03-11,2025-03-12,CUST-0673,PROD-0014,South,Virginia,Richmond,Technology,Accessories,298.0,2,0.0,181.53
ORD-2025-13648,2025-03-11,2025-03-14,CUST-0675,PROD-0028,East,New Jersey,Newark,Furniture,Tables,719.1,1,0.1,265.82
ORD-2025-10125,2025-03-12,2025-03-15,CUST-0028,PROD-0001,West,Oregon,Portland,Technology,Phones,759.05,1,0.05,303.4
ORD-2025-10149,2025-03-12,2025-03-15,CUST-0033,PROD-0016,West,Arizona,Phoenix,Technology,Copiers & Printers,6796.0,4,0.0,3173.94
ORD-2025-10292,2025-03-12,2025-03-15,CUST-0065,PROD-0032,Central,Texas,Austin,Furniture,Bookcases,574.2,2,0.1,241.72
ORD-2025-11953,2025-03-12,2025-03-15,CUST-0368,PROD-0028,South,Tennessee,Nashville,Furniture,Tables,3196.0,5,0.2,916.62
ORD-2025-12363,2025-03-12,2025-03-13,CUST-0432,PROD-0020,East,Pennsylvania,Philadelphia,Furniture,Chairs,314.1,1,0.1,149.6
ORD-2025-13743,2025-03-12,2025-03-14,CUST-0695,PROD-0023,South,Florida,Miami,Furniture,Chairs,473.1,2,0.05,225.63
ORD-2025-12055,2025-03-13,2025-03-17,CUST-0386,PROD-0057,South,Georgia,Atlanta,Office Supplies,Appliances,90.0,2,0.0,40.27
ORD-2025-12696,2025-03-13,2025-03-14,CUST-0492,PROD-0060,West,California,San Jose,Office Supplies,Fasteners,70.0,5,0.0,25.98
ORD-2025-12743,2025-03-13,2025-03-16,CUST-0499,PROD-0035,East,New York,Buffalo,Furniture,Furnishings,75.0,1,0.0,41.67
ORD-2025-13671,2025-03-13,2025-03-16,CUST-0680,PROD-0045,West,Oregon,Portland,Office Supplies,Art,104.5,1,0.05,54.14
ORD-2025-13694,2025-03-13,2025-03-18,CUST-0685,PROD-0027,East,New York,Buffalo,Furniture,Tables,396.15,3,0.05,153.95
ORD-2025-10737,2025-03-14,2025-03-18,CUST-0142,PROD-0015,West,California,San Francisco,Technology,Accessories,89.0,1,0.0,47.91
ORD-2025-11554,2025-03-14,2025-03-20,CUST-0298,PROD-0035,South,Georgia,Atlanta,Furniture,Furnishings,225.0,3,0.0,121.35
ORD-2025-13910,2025-03-14,2025-03-21,CUST-0733,PROD-0051,Central,Ohio,Columbus,Office Supplies,Binders,34.2,2,0.05,15.54
ORD-2025-13973,2025-03-14,2025-03-16,CUST-0745,PROD-0055,East,New Jersey,Newark,Office Supplies,Appliances,278.0,2,0.0,138.47
ORD-2025-12391,2025-03-15,2025-03-20,CUST-0436,PROD-0060,West,Arizona,Phoenix,Office Supplies,Fasteners,14.0,1,0.0,5.74
ORD-2025-12434,2025-03-15,2025-03-17,CUST-0448,PROD-0020,South,Virginia,Richmond,Furniture,Chairs,698.0,2,0.0,369.62
ORD-2025-10684,2025-03-16,2025-03-18,CUST-0131,PROD-0039,South,Florida,Tampa,Office Supplies,Storage,57.6,2,0.1,22.15
ORD-2025-11247,2025-03-16,2025-03-19,CUST-0234,PROD-0055,Central,Ohio,Cleveland,Office Supplies,Appliances,132.05,1,0.05,60.41
ORD-2025-11504,2025-03-16,2025-03-19,CUST-0286,PROD-0013,Central,Ohio,Columbus,Technology,Accessories,69.0,1,0.0,40.76
ORD-2025-10571,2025-03-17,2025-03-19,CUST-0112,PROD-0007,Central,Minnesota,Minneapolis,Technology,Laptops,999.0,1,0.0,414.63
ORD-2025-11834,2025-03-17,2025-03-20,CUST-0345,PROD-0033,Central,Ohio,Cleveland,Furniture,Bookcases,143.65,1,0.15,51.75
ORD-2025-12137,2025-03-17,2025-03-21,CUST-0397,PROD-0041,West,Oregon,Portland,Office Supplies,Storage,66.3,2,0.15,23.36
ORD-2025-10159,2025-03-18,2025-03-21,CUST-0034,PROD-0050,East,New York,New York City,Office Supplies,Binders,37.8,1,0.1,17.43
ORD-2025-13403,2025-03-18,2025-03-22,CUST-0626,PROD-0054,East,New Jersey,Newark,Office Supplies,Appliances,2990.0,10,0.0,1533.02
ORD-2025-13813,2025-03-18,2025-03-22,CUST-0709,PROD-0021,East,Pennsylvania,Philadelphia,Furniture,Chairs,1795.5,5,0.1,817.12
ORD-2025-10307,2025-03-19,2025-03-21,CUST-0068,PROD-0016,Central,Illinois,Chicago,Technology,Copiers & Printers,1614.05,1,0.05,709.85
ORD-2025-10327,2025-03-19,2025-03-21,CUST-0071,PROD-0017,South,Florida,Tampa,Technology,Copiers & Printers,559.2,1,0.2,175.52
ORD-2025-12074,2025-03-19,2025-03-20,CUST-0389,PROD-0025,East,New York,New York City,Furniture,Tables,1362.9,3,0.3,207.14
ORD-2025-10271,2025-03-20,2025-03-21,CUST-0062,PROD-0024,East,Pennsylvania,Pittsburgh,Furniture,Chairs,239.2,1,0.2,94.78
ORD-2025-10968,2025-03-20,2025-03-22,CUST-0180,PROD-0023,South,Virginia,Richmond,Furniture,Chairs,199.2,1,0.2,75.79
ORD-2025-10973,2025-03-20,2025-03-22,CUST-0180,PROD-0060,South,Virginia,Richmond,Office Supplies,Fasteners,70.0,5,0.0,22.86
ORD-2025-11792,2025-03-20,2025-03-21,CUST-0337,PROD-0036,East,New York,Buffalo,Furniture,Furnishings,98.0,2,0.0,49.67
ORD-2025-14236,2025-03-20,2025-03-23,CUST-0798,PROD-0048,East,Pennsylvania,Philadelphia,Office Supplies,Paper,106.4,4,0.05,38.26
ORD-2025-10147,2025-03-21,2025-03-23,CUST-0033,PROD-0058,West,Arizona,Phoenix,Office Supplies,Fasteners,29.0,1,0.0,11.51
ORD-2025-11662,2025-03-21,2025-03-26,CUST-0317,PROD-0060,West,Oregon,Portland,Office Supplies,Fasteners,42.0,3,0.0,16.18
ORD-2025-12180,2025-03-21,2025-03-22,CUST-0404,PROD-0031,Central,Ohio,Cleveland,Furniture,Bookcases,99.0,1,0.0,48.12
ORD-2025-12270,2025-03-21,2025-03-24,CUST-0418,PROD-0031,South,Florida,Miami,Furniture,Bookcases,178.2,2,0.1,76.1
ORD-2025-12474,2025-03-21,2025-03-23,CUST-0455,PROD-0019,South,Florida,Orlando,Technology,Copiers & Printers,658.0,2,0.0,284.52
ORD-2025-12770,2025-03-21,2025-03-23,CUST-0506,PROD-0031,West,Washington,Spokane,Furniture,Bookcases,99.0,1,0.0,47.1
ORD-2025-12912,2025-03-21,2025-03-23,CUST-0528,PROD-0033,East,New York,New York City,Furniture,Bookcases,169.0,1,0.0,79.34
ORD-2025-10429,2025-03-22,2025-03-25,CUST-0087,PROD-0023,South,Florida,Tampa,Furniture,Chairs,224.1,1,0.1,99.32
ORD-2025-11145,2025-03-22,2025-03-23,CUST-0212,PROD-0060,Central,Texas,Dallas,Office Supplies,Fasteners,14.0,1,0.0,5.43
ORD-2025-11465,2025-03-22,2025-03-27,CUST-0277,PROD-0026,Central,Minnesota,Minneapolis,Furniture,Tables,1497.0,3,0.0,644.48
ORD-2025-12075,2025-03-22,2025-03-24,CUST-0389,PROD-0010,East,New York,New York City,Technology,Laptops,1449.0,1,0.0,594.2
ORD-2025-12850,2025-03-22,2025-03-25,CUST-0518,PROD-0015,Central,Minnesota,Minneapolis,Technology,Accessories,160.2,2,0.1,76.31
ORD-2025-10998,2025-03-23,2025-03-25,CUST-0185,PROD-0014,Central,Texas,Houston,Technology,Accessories,283.1,2,0.05,166.74
ORD-2025-12681,2025-03-23,2025-03-29,CUST-0490,PROD-0040,South,Virginia,Richmond,Office Supplies,Storage,69.0,1,0.0,35.48
ORD-2025-13966,2025-03-23,2025-03-26,CUST-0745,PROD-0050,East,New Jersey,Newark,Office Supplies,Binders,42.0,1,0.0,19.8
ORD-2025-10214,2025-03-24,2025-03-27,CUST-0048,PROD-0023,West,California,Los Angeles,Furniture,Chairs,249.0,1,0.0,125.78
ORD-2025-10821,2025-03-24,2025-03-27,CUST-0155,PROD-0059,West,California,San Jose,Office Supplies,Fasteners,55.0,5,0.0,16.42
ORD-2025-13514,2025-03-24,2025-03-29,CUST-0646,PROD-0033,East,Pennsylvania,Philadelphia,Furniture,Bookcases,160.55,1,0.05,69.11
ORD-2025-10799,2025-03-25,2025-03-27,CUST-0150,PROD-0017,West,Arizona,Phoenix,Technology,Copiers & Printers,3984.3,6,0.05,1677.26
ORD-2025-10855,2025-03-25,2025-03-27,CUST-0160,PROD-0028,East,Pennsylvania,Pittsburgh,Furniture,Tables,1518.1,2,0.05,606.7
ORD-2025-14257,2025-03-25,2025-03-26,CUST-0805,PROD-0028,Central,Ohio,Cleveland,Furniture,Tables,1438.2,2,0.1,528.99
ORD-2025-10726,2025-03-26,2025-03-28,CUST-0140,PROD-0013,East,Pennsylvania,Philadelphia,Technology,Accessories,207.0,3,0.0,125.66
ORD-2025-11211,2025-03-26,2025-03-28,CUST-0229,PROD-0054,East,New Jersey,Newark,Office Supplies,Appliances,807.3,3,0.1,367.34
ORD-2025-11611,2025-03-26,2025-03-27,CUST-0309,PROD-0009,West,California,San Diego,Technology,Laptops,521.55,1,0.05,196.97
ORD-2025-11566,2025-03-27,2025-03-31,CUST-0301,PROD-0055,West,Oregon,Portland,Office Supplies,Appliances,264.1,2,0.05,127.88
ORD-2025-11934,2025-03-27,2025-03-30,CUST-0364,PROD-0022,East,New York,Buffalo,Furniture,Chairs,372.3,2,0.15,175.93
ORD-2025-12567,2025-03-27,2025-03-28,CUST-0467,PROD-0035,Central,Texas,San Antonio,Furniture,Furnishings,71.25,1,0.05,38.08
ORD-2025-12581,2025-03-27,2025-03-28,CUST-0470,PROD-0020,Central,Ohio,Columbus,Furniture,Chairs,331.55,1,0.05,167.58
ORD-2025-12668,2025-03-27,2025-03-29,CUST-0487,PROD-0010,South,Florida,Orlando,Technology,Laptops,1159.2,1,0.2,303.42
ORD-2025-13649,2025-03-27,2025-03-29,CUST-0675,PROD-0025,East,New Jersey,Newark,Furniture,Tables,2596.0,4,0.0,1050.72
ORD-2025-13665,2025-03-27,2025-03-29,CUST-0679,PROD-0001,South,Tennessee,Nashville,Technology,Phones,759.05,1,0.05,305.91
ORD-2025-14157,2025-03-27,2025-03-30,CUST-0779,PROD-0032,South,Florida,Miami,Furniture,Bookcases,957.0,3,0.0,457.31
ORD-2025-11600,2025-03-29,2025-04-01,CUST-0307,PROD-0051,South,Virginia,Richmond,Office Supplies,Binders,36.0,2,0.0,15.99
ORD-2025-11811,2025-03-29,2025-04-02,CUST-0341,PROD-0058,South,Tennessee,Nashville,Office Supplies,Fasteners,60.9,3,0.3,12.8
ORD-2025-14220,2025-03-29,2025-03-31,CUST-0794,PROD-0056,West,California,Los Angeles,Office Supplies,Appliances,583.95,3,0.15,244.52
ORD-2025-10130,2025-03-30,2025-04-01,CUST-0028,PROD-0026,West,Oregon,Portland,Furniture,Tables,998.0,2,0.0,428.94
ORD-2025-11656,2025-03-30,2025-04-01,CUST-0316,PROD-0020,West,California,San Jose,Furniture,Chairs,279.2,1,0.2,116.13
ORD-2025-11840,2025-03-30,2025-04-03,CUST-0345,PROD-0059,Central,Ohio,Cleveland,Office Supplies,Fasteners,49.5,5,0.1,-4.29
ORD-2025-12504,2025-03-30,2025-04-02,CUST-0460,PROD-0060,Central,Minnesota,Minneapolis,Office Supplies,Fasteners,23.8,2,0.15,4.88
ORD-2025-12835,2025-03-30,2025-03-31,CUST-0517,PROD-0011,South,Georgia,Atlanta,Technology,Accessories,516.0,4,0.0,315.36
ORD-2025-13359,2025-03-30,2025-04-01,CUST-0621,PROD-0011,West,California,San Jose,Technology,Accessories,129.0,1,0.0,78.2
ORD-2025-14110,2025-03-30,2025-04-01,CUST-0767,PROD-0011,Central,Illinois,Chicago,Technology,Accessories,245.1,2,0.05,142.08
ORD-2025-10688,2025-03-31,2025-04-03,CUST-0133,PROD-0011,Central ,Ohio,Cleveland,Technology,Accessories,109.65,1,0.15,61.08
ORD-2025-12033,2025-03-31,2025-04-02,CUST-0384,PROD-0005,Central,Texas,San Antonio,Technology,Phones,902.5,1,0.05,296.7
ORD-2025-13691,2025-03-31,2025-04-02,CUST-0684,PROD-0049,West,Nevada,Las Vegas,Office Supplies,Paper,93.5,5,0.15,29.57
ORD-2025-13960,2025-03-31,2025-04-01,CUST-0743,PROD-0013,South,Florida,Miami,Technology,Accessories,131.1,2,0.05,76.28
ORD-2025-10138,2025-04-02,2025-04-05,CUST-0029,PROD-0013,West,Nevada,Las Vegas,Technology,Accessories,207.0,3,0.0,120.87
ORD-2025-10699,2025-04-02,2025-04-04,CUST-0135,PROD-0030,South,North Carolina,Charlotte,Furniture,Bookcases,217.55,1,0.05,102.18
ORD-2025-11291,2025-04-02,2025-04-05,CUST-0241,PROD-0029,West,Colorado,Denver,Furniture,Tables,909.15,3,0.05,357.3
ORD-2025-11509,2025-04-02,2025-04-04,CUST-0288,PROD-0030,West,Washington,Seattle,Furniture,Bookcases,916.0,4,0.0,449.89
ORD-2025-11838,2025-04-02,2025-04-03,CUST-0345,PROD-0025,Central,Ohio,Cleveland,Furniture,Tables,1038.4,2,0.2,267.99
ORD-2025-12710,2025-04-02,2025-04-03,CUST-0495,PROD-0041,South,North Carolina,Charlotte,Office Supplies,Storage,39.0,1,0.0,18.97
ORD-2025-12778,2025-04-02,2025-04-06,CUST-0510,PROD-0003,West,California,San Diego,Technology,Phones,339.15,1,0.15,114.3
ORD-2025-13024,2025-04-02,2025-04-05,CUST-0556,PROD-0034,East,New York,New York City,Furniture,Furnishings,45.5,1,0.3,16.86
ORD-2025-10304,2025-04-03,2025-04-05,CUST-0067,PROD-0005,East,Pennsylvania,Pittsburgh,Technology,Phones,1900.0,2,0.0,687.57
ORD-2025-11131,2025-04-03,2025-04-05,CUST-0209,PROD-0024,Central,Texas,Austin,Furniture,Chairs,538.2,3,0.4,108.71
ORD-2025-11251,2025-04-03,2025-04-06,CUST-0234,PROD-0006,Central,Ohio,Cleveland,Technology,Laptops,3897.0,3,0.0,1636.02
ORD-2025-11386,2025-04-03,2025-04-07,CUST-0261,PROD-0009,West,Oregon,Portland,Technology,Laptops,521.55,1,0.05,195.57
ORD-2025-11403,2025-04-03,2025-04-06,CUST-0266,PROD-0035,West,California,San Francisco,Furniture,Furnishings,75.0,1,0.0,39.09
ORD-2025-11672,2025-04-03,2025-04-06,CUST-0317,PROD-0008,West,Oregon,Portland,Technology,Laptops,3608.1,2,0.05,1398.61
ORD-2025-11848,2025-04-03,2025-04-05,CUST-0345,PROD-0022,Central,Ohio,Cleveland,Furniture,Chairs,197.1,1,0.1,95.64
ORD-2025-13176,2025-04-03,2025-04-06,CUST-0588,PROD-0053,South,Florida,Miami,Office Supplies,Binders,12.0,1,0.0,4.49
ORD-2025-13711,2025-04-03,2025-04-05,CUST-0690,PROD-0056,West,Washington,Seattle,Office Supplies,Appliances,389.3,2,0.15,155.84
ORD-2025-11436,2025-04-04,2025-04-06,CUST-0273,PROD-0027,South,Virginia,Richmond,Furniture,Tables,528.2,4,0.05,200.5
ORD-2025-12931,2025-04-04,2025-04-08,CUST-0536,PROD-0032,South,Virginia,Richmond,Furniture,Bookcases,638.0,2,0.0,306.95
ORD-2025-13422,2025-04-04,2025-04-06,CUST-0629,PROD-0058,East,New York,New York City,Office Supplies,Fasteners,185.6,8,0.2,41.47
ORD-2025-10831,2025-04-05,2025-04-10,CUST-0156,PROD-0012,East,New Jersey,Newark,Technology,Accessories,177.0,3,0.0,106.91
ORD-2025-11249,2025-04-05,2025-04-08,CUST-0234,PROD-0022,Central,Ohio,Cleveland,Furniture,Chairs,438.0,2,0.0,239.91
ORD-2025-12724,2025-04-05,2025-04-07,CUST-0497,PROD-0036,West,California,San Francisco,Furniture,Furnishings,41.65,1,0.15,17.83
ORD-2025-12989,2025-04-05,2025-04-08,CUST-0551,PROD-0025,South,Florida,Orlando,Furniture,Tables,584.1,1,0.1,198.94
ORD-2025-13517,2025-04-05,2025-04-08,CUST-0646,PROD-0021,East,Pennsylvania,Philadelphia,Furniture,Chairs,359.1,1,0.1,164.24
ORD-2025-13746,2025-04-05,2025-04-07,CUST-0696,PROD-0059,East,Massachusetts,Boston,Office Supplies,Fasteners,9.9,1,0.1,1.96
ORD-2025-14400,2025-04-05,2025-04-06,CUST-0838,PROD-0058,South,Georgia,Atlanta,Office Supplies,Fasteners,87.0,3,0.0,36.91
ORD-2025-10729,2025-04-06,2025-04-08,CUST-0140,PROD-0053,East,Pennsylvania,Philadelphia,Office Supplies,Binders,24.0,2,0.0,5.05
ORD-2025-12221,2025-04-06,2025-04-08,CUST-0411,PROD-0039,Central,Texas,San Antonio,Office Supplies,Storage,57.6,2,0.1,24.56
ORD-2025-10081,2025-04-07,2025-04-09,CUST-0017,PROD-0035,West,California,San Diego,Furniture,Furnishings,75.0,1,0.0,40.77
ORD-2025-10172,2025-04-08,2025-04-10,CUST-0035,PROD-0010,East,Pennsylvania,Philadelphia,Technology,Laptops,6520.5,5,0.1,2244.02
ORD-2025-11938,2025-04-08,2025-04-10,CUST-0364,PROD-0012,East,New York,Buffalo,Technology,Accessories,159.3,3,0.1,91.47
ORD-2025-12210,2025-04-08,2025-04-11,CUST-0409,PROD-0018,West,Nevada,Las Vegas,Technology,Copiers & Printers,597.0,3,0.0,249.12
ORD-2025-13570,2025-04-08,2025-04-10,CUST-0658,PROD-0030,Central,Ohio,Columbus,Furniture,Bookcases,389.3,2,0.15,157.73
ORD-2025-13749,2025-04-08,2025-04-11,CUST-0696,PROD-0038,East,Massachusetts,Boston,Office Supplies,Storage,189.0,1,0.0,91.0
ORD-2025-14388,2025-04-08,2025-04-10,CUST-0836,PROD-0060,South,Florida,Miami,Office Supplies,Fasteners,14.0,1,0.0,3.39
ORD-2025-10497,2025-04-09,2025-04-12,CUST-0097,PROD-0058,East,Massachusetts,Boston,Office Supplies,Fasteners,23.2,1,0.2,4.7
ORD-2025-10953,2025-04-09,2025-04-11,CUST-0174,PROD-0053,South,Tennessee,Nashville,Office Supplies,Binders,10.8,1,0.1,1.98
ORD-2025-12998,2025-04-09,2025-04-13,CUST-0552,PROD-0054,Central,Michigan,Detroit,Office Supplies,Appliances,299.0,1,0.0,154.7
ORD-2025-11098,2025-04-10,2025-04-12,CUST-0203,PROD-0053,Central,Ohio,Cleveland,Office Supplies,Binders,11.4,1,0.05,0.59
ORD-2025-12267,2025-04-10,2025-04-13,CUST-0417,PROD-0044,Central,Texas,Houston,Office Supplies,Art,67.15,1,0.15,31.37
ORD-2025-12886,2025-04-10,2025-04-13,CUST-0523,PROD-0056,West,Washington,Spokane,Office Supplies,Appliances,412.2,3,0.4,70.23
ORD-2025-14420,2025-04-10,2025-04-13,CUST-0842,PROD-0056,Central,Texas,San Antonio,Office Supplies,Appliances,194.65,1,0.15,79.23
ORD-2025-10676,2025-04-11,2025-04-13,CUST-0129,PROD-0019,East,New Jersey,Newark,Technology,Copiers & Printers,987.0,3,0.0,427.97
ORD-2025-10731,2025-04-11,2025-04-14,CUST-0140,PROD-0022,East,Pennsylvania,Philadelphia,Furniture,Chairs,186.15,1,0.15,86.99
ORD-2025-11612,2025-04-12,2025-04-15,CUST-0309,PROD-0038,West,California,San Diego,Office Supplies,Storage,359.1,2,0.05,155.57
ORD-2025-11806,2025-04-12,2025-04-13,CUST-0341,PROD-0027,South,Tennessee,Nashville,Furniture,Tables,590.75,5,0.15,185.02
ORD-2025-12315,2025-04-12,2025-04-15,CUST-0424,PROD-0020,East,New York,New York City,Furniture,Chairs,349.0,1,0.0,182.02
ORD-2025-12698,2025-04-12,2025-04-14,CUST-0492,PROD-0026,West,California,San Jose,Furniture,Tables,848.3,2,0.15,277.4
ORD-2025-10518,2025-04-13,2025-04-15,CUST-0101,PROD-0028,South,North Carolina,Charlotte,Furniture,Tables,759.05,1,0.05,303.33
ORD-2025-11288,2025-04-14,2025-04-19,CUST-0240,PROD-0014,West,Nevada,Las Vegas,Technology,Accessories,149.0,1,0.0,90.13
ORD-2025-13857,2025-04-14,2025-04-16,CUST-0719,PROD-0046,West,Oregon,Portland,Office Supplies,Paper,34.0,1,0.0,15.41
ORD-2025-10275,2025-04-15,2025-04-17,CUST-0063,PROD-0048,West,Washington,Seattle,Office Supplies,Paper,84.0,3,0.0,31.72
ORD-2025-10635,2025-04-15,2025-04-17,CUST-0124,PROD-0044,West ,Nevada,Las Vegas,Office Supplies,Art,158.0,2,0.0,81.49
ORD-2025-12379,2025-04-15,2025-04-22,CUST-0435,PROD-0023,Central,Texas,San Antonio,Furniture,Chairs,224.1,1,0.1,100.41
ORD-2025-13158,2025-04-15,2025-04-17,CUST-0585,PROD-0001,Central,Texas,Houston,Technology,Phones,639.2,1,0.2,182.59
ORD-2025-10094,2025-04-16,2025-04-17,CUST-0021,PROD-0011,West,Arizona,Phoenix,Technology,Accessories,245.1,2,0.05,146.39
ORD-2025-10404,2025-04-16,2025-04-19,CUST-0083,PROD-0051,South,Florida,Miami,Office Supplies,Binders,17.1,1,0.05,6.32
ORD-2025-13419,2025-04-16,2025-04-20,CUST-0628,PROD-0044,East,New York,Buffalo,Office Supplies,Art,75.05,1,0.05,36.55
ORD-2025-13459,2025-04-16,2025-04-18,CUST-0638,PROD-0010,West,California,San Diego,Technology,Laptops,1231.65,1,0.15,376.11
ORD-2025-11210,2025-04-17,2025-04-18,CUST-0229,PROD-0017,East,New Jersey,Newark,Technology,Copiers & Printers,2097.0,3,0.0,946.52
ORD-2025-12358,2025-04-17,2025-04-18,CUST-0431,PROD-0029,South,Virginia,Richmond,Furniture,Tables,255.2,1,0.2,71.73
ORD-2025-12462,2025-04-17,2025-04-20,CUST-0454,PROD-0043,South,Florida,Orlando,Office Supplies,Art,177.0,3,0.0,91.12
ORD-2025-13241,2025-04-17,2025-04-20,CUST-0597,PROD-0047,West,California,Los Angeles,Office Supplies,Paper,24.0,1,0.0,10.12
ORD-2025-13248,2025-04-18,2025-04-22,CUST-0598,PROD-0047,Central,Texas,Austin,Office Supplies,Paper,33.6,2,0.3,6.92
ORD-2025-13468,2025-04-18,2025-04-23,CUST-0639,PROD-0014,East,New Jersey,Newark,Technology,Accessories,134.1,1,0.1,73.99
ORD-2025-14063,2025-04-18,2025-04-22,CUST-0759,PROD-0031,West,Oregon,Portland,Furniture,Bookcases,84.15,1,0.15,33.01
ORD-2025-11142,2025-04-19,2025-04-23,CUST-0211,PROD-0025,Central,Minnesota,Minneapolis,Furniture,Tables,1233.1,2,0.05,466.94
ORD-2025-11180,2025-04-19,2025-04-21,CUST-0224,PROD-0046,Central,Ohio,Cleveland,Office Supplies,Paper,34.0,1,0.0,14.65
ORD-2025-11307,2025-04-19,2025-04-22,CUST-0244,PROD-0033,West,Washington,Seattle,Furniture,Bookcases,160.55,1,0.05,69.01
ORD-2025-11860,2025-04-19,2025-04-21,CUST-0349,PROD-0006,South,Georgia,Atlanta,Technology,Laptops,6495.0,5,0.0,2712.92
ORD-2025-12335,2025-04-19,2025-04-22,CUST-0426,PROD-0016,West,Washington,Spokane,Technology,Copiers & Printers,1699.0,1,0.0,792.56
ORD-2025-13720,2025-04-19,2025-04-21,CUST-0691,PROD-0024,Central,Michigan,Detroit,Furniture,Chairs,598.0,2,0.0,304.05
ORD-2025-11617,2025-04-20,2025-04-27,CUST-0310,PROD-0055,West,Nevada,Las Vegas,Office Supplies,Appliances,139.0,1,0.0,68.9
ORD-2025-11915,2025-04-20,2025-04-25,CUST-0360,PROD-0019,South,Virginia,Richmond,Technology,Copiers & Printers,312.55,1,0.05,127.71
ORD-2025-13121,2025-04-20,2025-04-22,CUST-0577,PROD-0046,Central,Texas,Houston,Office Supplies,Paper,34.0,1,0.0,15.11
ORD-2025-13741,2025-04-20,2025-04-22,CUST-0695,PROD-0022,South,Florida,Miami,Furniture,Chairs,186.15,1,0.15,85.08
ORD-2025-10176,2025-04-21,2025-04-23,CUST-0036,PROD-0042,South,Georgia,Atlanta,Office Supplies,Art,139.65,3,0.05,73.87
ORD-2025-13268,2025-04-21,2025-04-26,CUST-0603,PROD-0053,East,Massachusetts,Boston,Office Supplies,Binders,12.0,1,0.0,4.06
ORD-2025-10080,2025-04-22,2025-04-28,CUST-0017,PROD-0045,West,California,San Diego,Office Supplies,Art,209.0,2,0.05,109.35
ORD-2025-10202,2025-04-22,2025-04-26,CUST-0046,PROD-0017,West,Arizona,Phoenix,Technology,Copiers & Printers,1398.0,2,0.0,625.81
ORD-2025-12019,2025-04-22,2025-04-26,CUST-0381,PROD-0045,Central,Texas,Austin,Office Supplies,Art,440.0,5,0.2,188.33
ORD-2025-13650,2025-04-22,2025-04-28,CUST-0676,PROD-0049,Central,Ohio,Columbus,Office Supplies,Paper,132.0,6,0.0,57.2
ORD-2025-10232,2025-04-23,2025-04-24,CUST-0053,PROD-0035,West,California,San Jose,Furniture,Furnishings,67.5,1,0.1,32.56
ORD-2025-12204,2025-04-23,2025-04-25,CUST-0407,PROD-0011,Central,Minnesota,Minneapolis,Technology,Accessories,232.2,2,0.1,135.99
ORD-2025-12935,2025-04-23,2025-04-24,CUST-0537,PROD-0031,Central,Texas,Houston,Furniture,Bookcases,79.2,1,0.2,30.84
ORD-2025-14191,2025-04-23,2025-04-26,CUST-0788,PROD-0034,West,Arizona,Phoenix,Furniture,Furnishings,65.0,1,0.0,36.24
ORD-2025-14339,2025-04-23,2025-04-25,CUST-0824,PROD-0002,South,Florida,Miami,Technology,Phones,899.0,1,0.0,373.9
ORD-2025-11214,2025-04-24,2025-04-27,CUST-0229,PROD-0036,East,New Jersey,Newark,Furniture,Furnishings,196.0,4,0.0,98.65
ORD-2025-11912,2025-04-24,2025-04-27,CUST-0360,PROD-0046,South,Virginia,Richmond,Office Supplies,Paper,170.0,5,0.0,73.55
ORD-2025-12585,2025-04-24,2025-04-25,CUST-0471,PROD-0036,South,Florida,Orlando,Furniture,Furnishings,137.2,4,0.3,36.39
ORD-2025-12661,2025-04-24,2025-04-27,CUST-0485,PROD-0045,Central,Texas,San Antonio,Office Supplies,Art,110.0,1,0.0,59.58
ORD-2025-10041,2025-04-25,2025-04-28,CUST-0008,PROD-0060,West,California,San Diego,Office Supplies,Fasteners,26.6,2,0.05,8.76
ORD-2025-10396,2025-04-25,2025-04-27,CUST-0082,PROD-0058,Central,Texas,Houston,Office Supplies,Fasteners,26.1,1,0.1,8.97
ORD-2025-10862,2025-04-25,2025-04-28,CUST-0161,PROD-0020,East,New York,Buffalo,Furniture,Chairs,349.0,1,0.0,182.2
ORD-2025-11224,2025-04-25,2025-04-30,CUST-0231,PROD-0010,West,Oregon,Portland,Technology,Laptops,1449.0,1,0.0,592.92
ORD-2025-11430,2025-04-25,2025-04-30,CUST-0271,PROD-0038,South,Georgia,Atlanta,Office Supplies,Storage,396.9,3,0.3,94.86
ORD-2025-12873,2025-04-25,2025-04-27,CUST-0521,PROD-0012,Central,Texas,San Antonio,Technology,Accessories,118.0,2,0.0,74.97
ORD-2025-13155,2025-04-26,2025-04-28,CUST-0585,PROD-0040,Central,Texas,Houston,Office Supplies,Storage,65.55,1,0.05,31.35
ORD-2025-10377,2025-04-27,2025-04-30,CUST-0079,PROD-0036,West,Oregon,Portland,Furniture,Furnishings,176.4,4,0.1,79.38
ORD-2025-10979,2025-04-27,2025-04-30,CUST-0181,PROD-0057,West,Arizona,Phoenix,Office Supplies,Appliances,90.0,2,0.0,41.87
ORD-2025-11416,2025-04-27,2025-04-29,CUST-0268,PROD-0004,Central,Texas,San Antonio,Technology,Phones,2088.1,2,0.05,720.11
ORD-2025-12124,2025-04-28,2025-05-01,CUST-0396,PROD-0021,South,Georgia,Atlanta,Furniture,Chairs,399.0,1,0.0,205.08
ORD-2025-10010,2025-04-29,2025-05-05,CUST-0003,PROD-0040,East,Pennsylvania,Pittsburgh,Office Supplies,Storage,55.2,2,0.6,-13.39
ORD-2025-10091,2025-04-29,2025-05-02,CUST-0020,PROD-0007,Central,Illinois,Chicago,Technology,Laptops,1498.5,2,0.25,328.72
ORD-2025-12680,2025-04-29,2025-05-02,CUST-0490,PROD-0040,South,Virginia,Richmond,Office Supplies,Storage,310.5,5,0.1,155.43
ORD-2025-13225,2025-04-29,2025-05-04,CUST-0596,PROD-0021,South,North Carolina,Charlotte,Furniture,Chairs,399.0,1,0.0,205.55
ORD-2025-13819,2025-04-29,2025-05-01,CUST-0710,PROD-0042,Central,Illinois,Chicago,Office Supplies,Art,98.0,2,0.0,50.99
ORD-2025-11254,2025-04-30,2025-05-05,CUST-0234,PROD-0042,Central,Ohio,Cleveland,Office Supplies,Art,44.1,1,0.1,20.11
ORD-2025-12501,2025-04-30,2025-05-05,CUST-0459,PROD-0023,Central,Texas,Austin,Furniture,Chairs,249.0,1,0.0,124.43
ORD-2025-12768,2025-04-30,2025-05-01,CUST-0506,PROD-0018,West,Washington,Spokane,Technology,Copiers & Printers,398.0,2,0.0,168.61
ORD-2025-13028,2025-04-30,2025-05-01,CUST-0557,PROD-0042,Central,Michigan,Detroit,Office Supplies,Art,41.65,1,0.15,17.8
ORD-2025-11143,2025-05-01,2025-05-03,CUST-0211,PROD-0018,Central,Minnesota,Minneapolis,Technology,Copiers & Printers,149.25,1,0.25,34.34
ORD-2025-11666,2025-05-01,2025-05-04,CUST-0317,PROD-0012,West,Oregon,Portland,Technology,Accessories,236.0,4,0.0,138.74
ORD-2025-12092,2025-05-01,2025-05-08,CUST-0392,PROD-0008,Central,Texas,Dallas,Technology,Laptops,1709.1,1,0.1,602.82
ORD-2025-12889,2025-05-01,2025-05-06,CUST-0524,PROD-0035,South,Florida,Orlando,Furniture,Furnishings,142.5,2,0.05,71.52
ORD-2025-13846,2025-05-01,2025-05-03,CUST-0716,PROD-0047,Central,Minnesota,Minneapolis,Office Supplies,Paper,24.0,1,0.0,8.47
ORD-2025-13908,2025-05-01,2025-05-03,CUST-0732,PROD-0016,West,Oregon,Portland,Technology,Copiers & Printers,1699.0,1,0.0,792.06
ORD-2025-14456,2025-05-01,2025-05-04,CUST-0849,PROD-0055,South,Florida,Orlando,Office Supplies,Appliances,500.4,4,0.1,222.83
ORD-2025-12235,2025-05-02,2025-05-05,CUST-0412,PROD-0026,East,New York,Buffalo,Furniture,Tables,798.4,2,0.2,228.84
ORD-2025-13117,2025-05-02,2025-05-07,CUST-0577,PROD-0053,Central,Texas,Houston,Office Supplies,Binders,12.0,1,0.0,1.16
ORD-2025-13439,2025-05-02,2025-05-05,CUST-0635,PROD-0008,West,Oregon,Portland,Technology,Laptops,4272.75,3,0.25,958.13
ORD-2025-14254,2025-05-02,2025-05-06,CUST-0805,PROD-0008,Central,Ohio,Cleveland,Technology,Laptops,7216.2,4,0.05,2790.53
ORD-2025-14294,2025-05-02,2025-05-04,CUST-0816,PROD-0031,Central,Texas,San Antonio,Furniture,Bookcases,79.2,1,0.2,28.83
ORD-2025-13479,2025-05-03,2025-05-05,CUST-0641,PROD-0048,West,California,San Jose,Office Supplies,Paper,56.0,2,0.0,27.79
ORD-2025-14129,2025-05-03,2025-05-05,CUST-0772,PROD-0001,Central,Minnesota,Minneapolis,Technology,Phones,3995.0,5,0.0,1719.49
ORD-2025-14244,2025-05-03,2025-05-05,CUST-0802,PROD-0021,West,Washington,Spokane,Furniture,Chairs,1596.0,4,0.0,813.47
ORD-2025-11586,2025-05-04,2025-05-06,CUST-0305,PROD-0040,West,Washington,Spokane,Office Supplies,Storage,41.4,1,0.4,7.76
ORD-2025-11901,2025-05-04,2025-05-06,CUST-0358,PROD-0048,Central,Minnesota,Minneapolis,Office Supplies,Paper,56.0,2,0.0,27.0
ORD-2025-11985,2025-05-04,2025-05-05,CUST-0375,PROD-0049,Central,Texas,Houston,Office Supplies,Paper,39.6,2,0.1,12.56
ORD-2025-13038,2025-05-04,2025-05-08,CUST-0561,PROD-0017,East,New York,Buffalo,Technology,Copiers & Printers,699.0,1,0.0,314.39
ORD-2025-14436,2025-05-04,2025-05-08,CUST-0845,PROD-0060,Central,Texas,Austin,Office Supplies,Fasteners,23.8,2,0.15,3.3
ORD-2025-14447,2025-05-04,2025-05-07,CUST-0847,PROD-0020,West,Arizona,Phoenix,Furniture,Chairs,628.2,2,0.1,298.16
ORD-2025-10444,2025-05-05,2025-05-08,CUST-0088,PROD-0034,East,Pennsylvania,Philadelphia,Furniture,Furnishings,117.0,2,0.1,57.04
ORD-2025-11118,2025-05-05,2025-05-09,CUST-0207,PROD-0003,West,California,Los Angeles,Technology,Phones,1436.4,4,0.1,543.96
ORD-2025-12491,2025-05-05,2025-05-07,CUST-0457,PROD-0051,Central,Ohio,Columbus,Office Supplies,Binders,51.3,3,0.05,22.4
ORD-2025-12792,2025-05-05,2025-05-10,CUST-0512,PROD-0033,Central,Texas,Austin,Furniture,Bookcases,304.2,2,0.1,120.83
ORD-2025-14156,2025-05-05,2025-05-09,CUST-0779,PROD-0030,South,Florida,Miami,Furniture,Bookcases,160.3,1,0.3,47.25
ORD-2025-11107,2025-05-06,2025-05-08,CUST-0204,PROD-0054,East,New York,Buffalo,Office Supplies,Appliances,284.05,1,0.05,140.05
ORD-2025-13063,2025-05-06,2025-05-12,CUST-0566,PROD-0028,West,Colorado,Denver,Furniture,Tables,1438.2,2,0.1,527.79
ORD-2025-13930,2025-05-06,2025-05-08,CUST-0735,PROD-0049,South,Florida,Miami,Office Supplies,Paper,19.8,1,0.1,5.58
ORD-2025-13435,2025-05-07,2025-05-10,CUST-0633,PROD-0042,West,Washington,Seattle,Office Supplies,Art,41.65,1,0.15,19.98
ORD-2025-13540,2025-05-07,2025-05-09,CUST-0651,PROD-0049,West,Washington,Spokane,Office Supplies,Paper,62.7,3,0.05,17.82
ORD-2025-10399,2025-05-08,2025-05-10,CUST-0082,PROD-0008,Central,Texas,Houston,Technology,Laptops,11394.0,6,0.0,4769.15
ORD-2025-11695,2025-05-08,2025-05-10,CUST-0320,PROD-0033,Central,Ohio,Columbus,Furniture,Bookcases,143.65,1,0.15,53.63
ORD-2025-12102,2025-05-08,2025-05-09,CUST-0394,PROD-0048,Central,Ohio,Cleveland,Office Supplies,Paper,56.0,2,0.0,25.73
ORD-2025-10583,2025-05-09,2025-05-11,CUST-0114,PROD-0041,East,Massachusetts,Boston,Office Supplies,Storage,93.6,3,0.2,37.73
ORD-2025-12942,2025-05-09,2025-05-13,CUST-0538,PROD-0054,East,Pennsylvania,Philadelphia,Office Supplies,Appliances,897.0,3,0.0,459.32
ORD-2025-13652,2025-05-09,2025-05-13,CUST-0676,PROD-0006,Central,Ohio,Columbus,Technology,Laptops,1234.05,1,0.05,478.64
ORD-2025-10158,2025-05-10,2025-05-14,CUST-0034,PROD-0014,East,New York,New York City,Technology,Accessories,149.0,1,0.0,89.87
ORD-2025-12037,2025-05-10,2025-05-12,CUST-0384,PROD-0009,Central,Texas,San Antonio,Technology,Laptops,466.65,1,0.15,140.28
ORD-2025-14006,2025-05-10,2025-05-13,CUST-0750,PROD-0007,West,Washington,Spokane,Technology,Laptops,2997.0,3,0.0,1247.11
ORD-2025-11242,2025-05-11,2025-05-13,CUST-0234,PROD-0005,Central,Ohio,Cleveland,Technology,Phones,950.0,1,0.0,346.08
ORD-2025-12522,2025-05-11,2025-05-13,CUST-0461,PROD-0048,Central,Texas,Houston,office supplies,Paper,39.2,2,0.3,8.78
ORD-2025-14075,2025-05-11,2025-05-13,CUST-0761,PROD-0004,East,New Jersey,Newark,Technology,Phones,2198.0,2,0.0,831.21
ORD-2025-14117,2025-05-11,2025-05-15,CUST-0768,PROD-0007,Central,Michigan,Detroit,Technology,Laptops,1998.0,2,0.0,828.39
ORD-2025-14345,2025-05-11,2025-05-13,CUST-0824,PROD-0005,South,Florida,Miami,Technology,Phones,950.0,1,0.0,345.77
ORD-2025-14350,2025-05-11,2025-05-15,CUST-0825,PROD-0051,South,Georgia,Atlanta,Office Supplies,Binders,85.5,5,0.05,21.12
ORD-2025-11789,2025-05-12,2025-05-18,CUST-0337,PROD-0033,East,New York,Buffalo,Furniture,Bookcases,169.0,1,0.0,77.14
ORD-2025-12356,2025-05-12,2025-05-16,CUST-0430,PROD-0057,West,Oregon,Portland,Office Supplies,Appliances,121.5,3,0.1,51.03
ORD-2025-12752,2025-05-12,2025-05-13,CUST-0502,PROD-0008,South,Florida,Miami,Technology,Laptops,5412.15,3,0.05,2096.28
ORD-2025-13178,2025-05-12,2025-05-13,CUST-0588,PROD-0042,South,Florida,Miami,Office Supplies,Art,49.0,1,0.0,25.71
ORD-2025-13507,2025-05-12,2025-05-14,CUST-0645,PROD-0002,East,New Jersey,Newark,Technology,Phones,899.0,1,0.0,374.95
ORD-2025-11082,2025-05-13,2025-05-15,CUST-0200,PROD-0002,Central,Texas,Dallas,Technology,Phones,899.0,1,0.0,375.52
ORD-2025-11721,2025-05-13,2025-05-16,CUST-0324,PROD-0045,South,Tennessee,Nashville,Office Supplies,Art,313.5,3,0.05,167.11
ORD-2025-11911,2025-05-13,2025-05-16,CUST-0360,PROD-0027,South,Virginia,Richmond,Furniture,Tables,417.0,3,0.0,171.29
ORD-2025-12798,2025-05-13,2025-05-16,CUST-0513,PROD-0050,Central,Minnesota,Minneapolis,Office Supplies,Binders,126.0,3,0.0,58.53
ORD-2025-13143,2025-05-13,2025-05-18,CUST-0582,PROD-0052,South,Florida,Tampa,Office Supplies,Binders,19.0,1,0.0,7.83
ORD-2025-14312,2025-05-13,2025-05-15,CUST-0819,PROD-0051,Central,Minnesota,Minneapolis,Office Supplies,Binders,18.0,1,0.0,8.93
ORD-2025-10249,2025-05-14,2025-05-19,CUST-0057,PROD-0019,East,New Jersey,Newark,Technology,Copiers & Printers,1645.0,5,0.0,726.7
ORD-2025-11215,2025-05-14,2025-05-20,CUST-0229,PROD-0056,East,New Jersey,Newark,Office Supplies,Appliances,458.0,2,0.0,228.74
ORD-2025-12774,2025-05-14,2025-05-18,CUST-0508,PROD-0022,West,California,San Diego,Furniture,Chairs,438.0,2,0.0,234.24
ORD-2025-14321,2025-05-14,2025-05-16,CUST-0820,PROD-0050,West,California,San Jose,Office Supplies,Binders,50.4,2,0.4,5.93
ORD-2025-11020,2025-05-15,2025-05-17,CUST-0191,PROD-0036,Central,Texas,San Antonio,Furniture,Furnishings,176.4,4,0.1,69.41
ORD-2025-11046,2025-05-15,2025-05-19,CUST-0193,PROD-0046,Central,Minnesota,Minneapolis,Office Supplies,Paper,23.8,1,0.3,4.1
ORD-2025-11346,2025-05-15,2025-05-19,CUST-0254,PROD-0059,West,Oregon,Portland,Office Supplies,Fasteners,20.9,2,0.05,6.52
ORD-2025-11826,2025-05-15,2025-05-18,CUST-0343,PROD-0034,South,Florida,Tampa,Furniture,Furnishings,55.25,1,0.15,26.29
ORD-2025-12002,2025-05-15,2025-05-17,CUST-0378,PROD-0018,West,California,San Diego,Technology,Copiers & Printers,179.1,1,0.1,62.88
ORD-2025-12928,2025-05-15,2025-05-21,CUST-0535,PROD-0004,East ,New York,Buffalo,Technology,Phones,2088.1,2,0.05,718.8
ORD-2025-13576,2025-05-15,2025-05-17,CUST-0660,PROD-0051,West,California,San Diego,Office Supplies,Binders,32.4,2,0.1,14.07
ORD-2025-11365,2025-05-16,2025-05-19,CUST-0257,PROD-0043,Central,Ohio,Cleveland,Office Supplies,Art,106.2,2,0.1,45.0
ORD-2025-11491,2025-05-16,2025-05-22,CUST-0284,PROD-0036,Central,Michigan,Detroit,Furniture,Furnishings,176.4,4,0.1,68.71
ORD-2025-11790,2025-05-16,2025-05-17,CUST-0337,PROD-0055,East,New York,Buffalo,Office Supplies,Appliances,139.0,1,0.0,70.33
ORD-2025-12621,2025-05-16,2025-05-20,CUST-0478,PROD-0027,East,Pennsylvania,Philadelphia,Furniture,Tables,97.3,1,0.3,18.05
ORD-2025-12694,2025-05-16,2025-05-18,CUST-0492,PROD-0047,West,California,San Jose,Office Supplies,Paper,19.2,1,0.2,4.03
ORD-2025-13015,2025-05-16,2025-05-18,CUST-0555,PROD-0048,West,Colorado,Denver,Office Supplies,Paper,28.0,1,0.0,10.74
ORD-2025-13079,2025-05-16,2025-05-18,CUST-0567,PROD-0003,South,Florida,Orlando,Technology,Phones,798.0,2,0.0,346.54
ORD-2025-10999,2025-05-17,2025-05-19,CUST-0186,PROD-0053,East,New Jersey,Newark,Office Supplies,Binders,48.0,4,0.0,17.17
ORD-2025-13351,2025-05-17,2025-05-19,CUST-0618,PROD-0017,Central,Texas,San Antonio,Technology,Copiers & Printers,1398.0,2,0.0,626.94
ORD-2025-13515,2025-05-17,2025-05-18,CUST-0646,PROD-0025,East,Pennsylvania,Philadelphia,Furniture,Tables,1103.3,2,0.15,334.33
ORD-2025-13729,2025-05-17,2025-05-19,CUST-0693,PROD-0053,Central,Ohio,Columbus,Office Supplies,Binders,10.8,1,0.1,1.84
ORD-2025-13884,2025-05-17,2025-05-19,CUST-0727,PROD-0060,West,Nevada,Las Vegas,Office Supplies,Fasteners,75.6,6,0.1,18.57
ORD-2025-12252,2025-05-18,2025-05-22,CUST-0416,PROD-0029,South,Virginia,Richmond,Furniture,Tables,255.2,1,0.2,70.11
ORD-2025-12296,2025-05-18,2025-05-20,CUST-0421,PROD-0039,Central,Texas,Houston,Office Supplies,Storage,91.2,3,0.05,45.9
ORD-2025-12720,2025-05-18,2025-05-21,CUST-0497,PROD-0005,West,California,San Francisco,Technology,Phones,1900.0,2,0.0,689.02
ORD-2025-12786,2025-05-18,2025-05-20,CUST-0511,PROD-0045,East,Pennsylvania,Pittsburgh,Office Supplies,Art,187.0,2,0.15,85.02
ORD-2025-12909,2025-05-18,2025-05-21,CUST-0528,PROD-0012,East,New York,New York City,Technology,Accessories,150.45,3,0.15,83.48
ORD-2025-12919,2025-05-18,2025-05-21,CUST-0531,PROD-0052,East,New Jersey,Newark,Office Supplies,Binders,38.0,2,0.0,14.76
ORD-2025-13113,2025-05-18,2025-05-19,CUST-0576,PROD-0044,South,Virginia,Richmond,Office Supplies,Art,142.2,2,0.1,66.93
ORD-2025-11425,2025-05-19,2025-05-20,CUST-0270,PROD-0054,Central,Texas,Houston,Office Supplies,Appliances,299.0,1,0.0,153.75
ORD-2025-11499,2025-05-19,2025-05-22,CUST-0286,PROD-0021,Central,Ohio,Columbus,Furniture,Chairs,1276.8,4,0.2,500.32
ORD-2025-10721,2025-05-20,2025-05-23,CUST-0139,PROD-0038,Central,Illinois,Chicago,Office Supplies,Storage,897.75,5,0.05,395.4
ORD-2025-13830,2025-05-20,2025-05-23,CUST-0711,PROD-0029,South,Florida,Miami,Furniture,Tables,223.3,1,0.3,39.65
ORD-2025-14415,2025-05-20,2025-05-24,CUST-0841,PROD-0056,East,New York,Buffalo,Office Supplies,Appliances,217.55,1,0.05,101.83
ORD-2025-10375,2025-05-21,2025-05-22,CUST-0079,PROD-0052,West,Oregon,Portland,Office Supplies,Binders,38.0,2,0.0,15.29
ORD-2025-10792,2025-05-21,2025-05-24,CUST-0150,PROD-0047,West,Arizona,Phoenix,Office Supplies,Paper,24.0,1,0.0,8.88
ORD-2025-11902,2025-05-21,2025-05-26,CUST-0358,PROD-0056,Central,Minnesota,Minneapolis,Office Supplies,Appliances,583.95,3,0.15,236.1
ORD-2025-12917,2025-05-21,2025-05-23,CUST-0530,PROD-0050,Central,Texas,Austin,Office Supplies,Binders,199.5,5,0.05,93.31
ORD-2025-11168,2025-05-22,2025-05-23,CUST-0220,PROD-0031,Central,Illinois,Chicago,Furniture,Bookcases,59.4,1,0.4,10.2
ORD-2025-12509,2025-05-22,2025-05-24,CUST-0460,PROD-0044,Central,Minnesota,Minneapolis,Office Supplies,Art,158.0,2,0.0,81.65
ORD-2025-13151,2025-05-22,2025-05-25,CUST-0585,PROD-0007,Central,Texas,Houston,Technology,Laptops,4495.5,5,0.1,1576.19
ORD-2025-13394,2025-05-22,2025-05-23,CUST-0625,PROD-0045,West,Washington,Seattle,Office Supplies,Art,264.0,3,0.2,119.91
ORD-2025-14015,2025-05-22,2025-05-23,CUST-0753,PROD-0005,West,California,Los Angeles,Technology,Phones,950.0,1,0.0,345.92
ORD-2025-10059,2025-05-23,2025-05-25,CUST-0011,PROD-0035,East,Massachusetts,Boston,Furniture,Furnishings,63.75,1,0.15,29.76
ORD-2025-11630,2025-05-23,2025-05-24,CUST-0311,PROD-0060,West,California,San Diego,Office Supplies,Fasteners,28.0,2,0.0,4.92
ORD-2025-12057,2025-05-23,2025-05-25,CUST-0386,PROD-0017,South,Georgia,Atlanta,Technology,Copiers & Printers,699.0,1,0.0,312.43
ORD-2025-12063,2025-05-23,2025-05-25,CUST-0388,PROD-0025,East,New York,New York City,Furniture,Tables,1168.2,2,0.1,399.81
ORD-2025-13939,2025-05-23,2025-05-25,CUST-0737,PROD-0036,West,California,San Francisco,Furniture,Furnishings,102.9,3,0.3,27.71
ORD-2025-14026,2025-05-23,2025-05-25,CUST-0753,PROD-0058,West,California,Los Angeles,Office Supplies,Fasteners,17.4,1,0.4,-0.59
ORD-2025-14284,2025-05-23,2025-05-26,CUST-0814,PROD-0039,West,Arizona,Phoenix,Office Supplies,Storage,60.8,2,0.05,25.73
ORD-2025-12964,2025-05-24,2025-05-25,CUST-0544,PROD-0036,South,Florida,Orlando,Furniture,Furnishings,98.0,2,0.0,44.24
ORD-2025-13779,2025-05-24,2025-05-27,CUST-0703,PROD-0015,East,Massachusetts,Boston,Technology,Accessories,89.0,1,0.0,47.42
ORD-2025-13923,2025-05-24,2025-05-30,CUST-0735,PROD-0051,South,Florida,Miami,Office Supplies,Binders,12.6,1,0.3,-0.02
ORD-2025-11170,2025-05-25,2025-05-27,CUST-0220,PROD-0007,Central,Illinois,Chicago,Technology,Laptops,1998.0,2,0.0,828.7
ORD-2025-11184,2025-05-25,2025-05-31,CUST-0225,PROD-0051,Central,Ohio,Cleveland,Office Supplies,Binders,54.0,3,0.0,25.41
ORD-2025-11664,2025-05-25,2025-05-27,CUST-0317,PROD-0022,West,Oregon,Portland,Furniture,Chairs,416.1,2,0.05,219.88
ORD-2025-12234,2025-05-25,2025-05-28,CUST-0412,PROD-0010,East,New York,Buffalo,Technology,Laptops,4347.0,3,0.0,1780.26
ORD-2025-14046,2025-05-25,2025-05-27,CUST-0758,PROD-0003,Central,Ohio,Cleveland,Technology,Phones,897.75,3,0.25,217.79
ORD-2025-12904,2025-05-26,2025-05-30,CUST-0527,PROD-0015,East,New Jersey,Newark,Technology,Accessories,534.0,6,0.0,291.91
ORD-2025-13257,2025-05-26,2025-05-29,CUST-0598,PROD-0028,Central,Texas,Austin,Furniture,Tables,679.15,1,0.15,224.27
ORD-2025-13263,2025-05-26,2025-05-29,CUST-0600,PROD-0055,East,New York,New York City,Office Supplies,Appliances,396.15,3,0.05,186.44
ORD-2025-12690,2025-05-27,2025-05-29,CUST-0491,PROD-0015,South,Virginia,Richmond,Technology,Accessories,178.0,2,0.0,96.69
ORD-2025-10358,2025-05-28,2025-05-29,CUST-0075,PROD-0013,Central,Ohio,Columbus,Technology,Accessories,276.0,4,0.0,165.62
ORD-2025-10359,2025-05-28,2025-06-01,CUST-0075,PROD-0010,Central,Ohio,Columbus,Technology,Laptops,2898.0,2,0.0,1190.67
ORD-2025-13340,2025-05-28,2025-05-30,CUST-0617,PROD-0022,West,Washington,Seattle,Furniture,Chairs,657.0,3,0.0,358.63
ORD-2025-10244,2025-05-29,2025-05-31,CUST-0056,PROD-0040,West,Washington,Seattle,Office Supplies,Storage,65.55,1,0.05,31.96
ORD-2025-12364,2025-05-29,2025-06-03,CUST-0433,PROD-0017,Central,Illinois,Chicago,Technology,Copiers & Printers,1258.2,2,0.1,489.09
ORD-2025-12387,2025-05-29,2025-05-30,CUST-0436,PROD-0014,West,Arizona,Phoenix,Technology,Accessories,424.65,3,0.05,246.83
ORD-2025-13934,2025-05-29,2025-05-31,CUST-0737,PROD-0018,West,California,San Francisco,Technology,Copiers & Printers,1592.0,8,0.0,664.31
ORD-2025-10247,2025-05-30,2025-06-01,CUST-0056,PROD-0032,West,Washington,Seattle,Furniture,Bookcases,446.6,2,0.3,116.84
ORD-2025-13885,2025-05-30,2025-06-01,CUST-0727,PROD-0028,West,Nevada,Las Vegas,Furniture,Tables,759.05,1,0.05,305.38
ORD-2025-14104,2025-05-30,2025-06-02,CUST-0766,PROD-0022,East,New York,Buffalo,Furniture,Chairs,416.1,2,0.05,216.05
ORD-2025-10103,2025-05-31,2025-06-03,CUST-0023,PROD-0005,South,Florida,Tampa,Technology,Phones,807.5,1,0.15,201.88
ORD-2025-10805,2025-05-31,2025-06-03,CUST-0151,PROD-0033,West,Arizona,Phoenix,Furniture,Bookcases,270.4,2,0.2,88.54
ORD-2025-12176,2025-05-31,2025-06-03,CUST-0403,PROD-0030,South,Virginia,Richmond,Furniture,Bookcases,206.1,1,0.1,90.06
ORD-2025-12208,2025-05-31,2025-06-03,CUST-0408,PROD-0007,West,Colorado,Denver,Technology,Laptops,1898.1,2,0.05,730.41
ORD-2025-10006,2025-06-01,2025-06-03,CUST-0002,PROD-0033,West,Washington,Spokane,Furniture,Bookcases,169.0,1,0.0,79.88
ORD-2025-11677,2025-06-01,2025-06-03,CUST-0318,PROD-0056,East,New York,New York City,Office Supplies,Appliances,229.0,1,0.0,115.81
ORD-2025-14215,2025-06-01,2025-06-03,CUST-0794,PROD-0009,West,California,Los Angeles,Technology,Laptops,1098.0,2,0.0,447.64
ORD-2025-10223,2025-06-02,2025-06-05,CUST-0051,PROD-0035,South,North Carolina,Charlotte,Furniture,Furnishings,63.75,1,0.15,27.58
ORD-2025-12109,2025-06-02,2025-06-03,CUST-0394,PROD-0009,Central,Ohio,Cleveland,Technology,Laptops,5215.5,10,0.05,1948.89
ORD-2025-13685,2025-06-02,2025-06-05,CUST-0683,PROD-0024,Central,Ohio,Columbus,Furniture,Chairs,598.0,2,0.0,304.19
ORD-2025-10196,2025-06-03,2025-06-04,CUST-0043,PROD-0005,South,Florida,Orlando,Technology,Phones,3800.0,4,0.0,1385.88
ORD-2025-10325,2025-06-03,2025-06-05,CUST-0071,PROD-0026,South,Florida,Tampa,Furniture,Tables,1197.6,4,0.4,51.45
ORD-2025-12406,2025-06-03,2025-06-07,CUST-0440,PROD-0044,East,New York,New York City,Office Supplies,Art,150.1,2,0.05,72.48
ORD-2025-13590,2025-06-03,2025-06-05,CUST-0661,PROD-0054,East,New Jersey,Newark,Office Supplies,Appliances,254.15,1,0.15,109.18
ORD-2025-11797,2025-06-04,2025-06-11,CUST-0338,PROD-0025,West,Arizona,Phoenix,Furniture,Tables,649.0,1,0.0,262.31
ORD-2025-13714,2025-06-04,2025-06-06,CUST-0690,PROD-0035,West,Washington,Seattle,Furniture,Furnishings,375.0,5,0.0,206.56
ORD-2025-10385,2025-06-05,2025-06-06,CUST-0080,PROD-0057,East,Massachusetts,Boston,Office Supplies,Appliances,45.0,1,0.0,23.69
ORD-2025-10844,2025-06-05,2025-06-09,CUST-0158,PROD-0052,Central,Texas,Austin,Office Supplies,Binders,19.0,1,0.0,7.16
ORD-2025-11850,2025-06-05,2025-06-07,CUST-0346,PROD-0041,West,Washington,Spokane,Office Supplies,Storage,31.2,1,0.2,10.81
ORD-2025-12953,2025-06-05,2025-06-08,CUST-0541,PROD-0009,West,Arizona,Phoenix,Technology,Laptops,1043.1,2,0.05,392.01
ORD-2025-13436,2025-06-05,2025-06-06,CUST-0634,PROD-0015,South,Virginia,Richmond,Technology,Accessories,84.55,1,0.05,45.15
ORD-2025-13536,2025-06-05,2025-06-07,CUST-0650,PROD-0001,South,Florida,Orlando,Technology,Phones,679.15,1,0.15,224.9
ORD-2025-13539,2025-06-05,2025-06-08,CUST-0651,PROD-0020,West,Washington,Spokane,Furniture,Chairs,628.2,2,0.1,295.18
ORD-2025-13744,2025-06-05,2025-06-08,CUST-0695,PROD-0042,South,Florida,Miami,Office Supplies,Art,34.3,1,0.3,10.53
ORD-2025-13865,2025-06-05,2025-06-06,CUST-0722,PROD-0055,South,Tennessee,Nashville,Office Supplies,Appliances,375.3,3,0.1,169.18
ORD-2025-10427,2025-06-06,2025-06-10,CUST-0086,PROD-0057,West,Colorado,Denver,Office Supplies,Appliances,90.0,2,0.0,42.79
ORD-2025-10617,2025-06-06,2025-06-13,CUST-0122,PROD-0039,Central,Ohio,Columbus,Office Supplies,Storage,32.0,1,0.0,14.49
ORD-2025-10780,2025-06-06,2025-06-07,CUST-0149,PROD-0009,Central,Ohio,Cleveland,Technology,Laptops,5215.5,10,0.05,1980.84
ORD-2025-10918,2025-06-06,2025-06-10,CUST-0168,PROD-0048,South,Florida,Miami,Office Supplies,Paper,84.0,3,0.0,41.74
ORD-2025-12068,2025-06-06,2025-06-09,CUST-0389,PROD-0043,East,New York,New York City,Office Supplies,Art,118.0,2,0.0,60.51
ORD-2025-14417,2025-06-06,2025-06-07,CUST-0841,PROD-0057,East,New York,Buffalo,Office Supplies,Appliances,42.75,1,0.05,21.33
ORD-2025-11248,2025-06-07,2025-06-09,CUST-0234,PROD-0057,Central,Ohio,Cleveland,Office Supplies,Appliances,45.0,1,0.0,20.37
ORD-2025-12463,2025-06-07,2025-06-11,CUST-0454,PROD-0021,South,Florida,Orlando,Furniture,Chairs,3192.0,8,0.0,1622.94
ORD-2025-12842,2025-06-07,2025-06-10,CUST-0517,PROD-0059,South,Georgia,Atlanta,Office Supplies,Fasteners,20.9,2,0.05,0.25
ORD-2025-14084,2025-06-07,2025-06-08,CUST-0763,PROD-0005,Central,Illinois,Chicago,Technology,Phones,1900.0,2,0.0,693.76
ORD-2025-10355,2025-06-08,2025-06-11,CUST-0075,PROD-0039,Central ,Ohio,Columbus,Office Supplies,Storage,25.6,1,0.2,8.86
ORD-2025-12815,2025-06-08,2025-06-11,CUST-0514,PROD-0058,West,Arizona,Phoenix,Office Supplies,Fasteners,55.1,2,0.05,17.14
ORD-2025-13693,2025-06-08,2025-06-12,CUST-0684,PROD-0052,West,Nevada,Las Vegas,Office Supplies,Binders,72.2,4,0.05,31.88
ORD-2025-10656,2025-06-09,2025-06-11,CUST-0126,PROD-0047,East,New York,New York City,Office Supplies,Paper,48.0,2,0.0,21.81
ORD-2025-12863,2025-06-09,2025-06-14,CUST-0519,PROD-0030,Central,Texas,Dallas,Furniture,Bookcases,641.2,4,0.3,178.88
ORD-2025-12985,2025-06-09,2025-06-11,CUST-0550,PROD-0010,West,Nevada,Las Vegas,Technology,Laptops,2898.0,2,0.0,1190.7
ORD-2025-13692,2025-06-09,2025-06-12,CUST-0684,PROD-0038,West,Nevada,Las Vegas,Office Supplies,Storage,189.0,1,0.0,87.08
ORD-2025-13924,2025-06-09,2025-06-12,CUST-0735,PROD-0048,South,Florida,Miami,Office Supplies,Paper,53.2,2,0.05,20.34
ORD-2025-10871,2025-06-10,2025-06-12,CUST-0161,PROD-0008,East,New York,Buffalo,Technology,Laptops,3798.0,2,0.0,1590.73
ORD-2025-11883,2025-06-10,2025-06-12,CUST-0354,PROD-0033,West,California,San Diego,Furniture,Bookcases,354.9,3,0.3,87.48
ORD-2025-10127,2025-06-11,2025-06-14,CUST-0028,PROD-0006,West,Oregon,Portland,Technology,Laptops,1299.0,1,0.0,544.17
ORD-2025-12974,2025-06-11,2025-06-15,CUST-0548,PROD-0033,West,Oregon,Portland,Furniture,Bookcases,338.0,2,0.0,157.63
ORD-2025-13516,2025-06-11,2025-06-13,CUST-0646,PROD-0042,East,Pennsylvania,Philadelphia,Office Supplies,Art,245.0,5,0.0,132.7
ORD-2025-14115,2025-06-11,2025-06-16,CUST-0768,PROD-0032,Central,Michigan,Detroit,Furniture,Bookcases,510.4,2,0.2,177.37
ORD-2025-10164,2025-06-12,2025-06-15,CUST-0035,PROD-0056,East,Pennsylvania,Philadelphia,Office Supplies,Appliances,687.0,3,0.0,337.71
ORD-2025-10449,2025-06-12,2025-06-15,CUST-0088,PROD-0051,East,Pennsylvania,Philadelphia,Office Supplies,Binders,18.0,1,0.0,8.53
ORD-2025-11066,2025-06-12,2025-06-13,CUST-0197,PROD-0054,Central,Illinois,Chicago,Office Supplies,Appliances,852.15,3,0.05,415.6
ORD-2025-13474,2025-06-12,2025-06-15,CUST-0640,PROD-0021,West,Washington,Seattle,Furniture,Chairs,319.2,1,0.2,123.73
ORD-2025-14037,2025-06-12,2025-06-18,CUST-0756,PROD-0048,South,North Carolina,Charlotte,Office Supplies,Paper,26.6,1,0.05,11.71
ORD-2025-10289,2025-06-13,2025-06-17,CUST-0065,PROD-0007,Central,Texas,Austin,Technology,Laptops,999.0,1,0.0,415.08
ORD-2025-11749,2025-06-13,2025-06-15,CUST-0330,PROD-0055,East,New Jersey,Newark,Office Supplies,Appliances,132.05,1,0.05,60.06
ORD-2025-13057,2025-06-13,2025-06-16,CUST-0565,PROD-0002,West,Washington,Spokane,Technology,Phones,854.05,1,0.05,328.76
ORD-2025-10250,2025-06-14,2025-06-19,CUST-0057,PROD-0034,East,New Jersey,Newark,Furniture,Furnishings,325.0,5,0.0,176.67
ORD-2025-10757,2025-06-14,2025-06-15,CUST-0146,PROD-0033,East,Pennsylvania,Philadelphia,Furniture,Bookcases,152.1,1,0.1,63.15
ORD-2025-10838,2025-06-14,2025-06-16,CUST-0157,PROD-0021,East,Massachusetts,Boston,Furniture,Chairs,399.0,1,0.0,203.65
ORD-2025-11466,2025-06-14,2025-06-15,CUST-0277,PROD-0056,Central,Minnesota,Minneapolis,Office Supplies,Appliances,652.65,3,0.05,305.43
ORD-2025-12024,2025-06-14,2025-06-15,CUST-0381,PROD-0042,Central,Texas,Austin,Office Supplies,Art,49.0,1,0.0,27.9
ORD-2025-13723,2025-06-14,2025-06-17,CUST-0692,PROD-0009,South,Florida,Tampa,Technology,Laptops,1564.65,3,0.05,594.48
ORD-2025-14457,2025-06-14,2025-06-17,CUST-0849,PROD-0007,South,Florida,Orlando,Technology,Laptops,1998.0,2,0.0,824.55
ORD-2025-10104,2025-06-15,2025-06-18,CUST-0023,PROD-0024,South,Florida,Tampa,Furniture,Chairs,478.4,2,0.2,189.07
ORD-2025-11336,2025-06-15,2025-06-18,CUST-0252,PROD-0032,West,Colorado,Denver,Furniture,Bookcases,3190.0,10,0.0,1534.27
ORD-2025-12631,2025-06-15,2025-06-18,CUST-0480,PROD-0018,East,Pennsylvania,Philadelphia,Technology,Copiers & Printers,378.1,2,0.05,149.91
ORD-2025-11897,2025-06-16,2025-06-21,CUST-0357,PROD-0001,West,Colorado,Denver,Technology,Phones,799.0,1,0.0,344.03
ORD-2025-13449,2025-06-16,2025-06-21,CUST-0638,PROD-0055,West,California,San Diego,Office Supplies,Appliances,139.0,1,0.0,67.46
ORD-2025-11415,2025-06-17,2025-06-19,CUST-0268,PROD-0008,Central,Texas,San Antonio,Technology,Laptops,5697.0,3,0.0,2381.32
ORD-2025-13187,2025-06-17,2025-06-19,CUST-0590,PROD-0019,Central,Texas,Houston,Technology,Copiers & Printers,625.1,2,0.05,256.11
ORD-2025-14009,2025-06-17,2025-06-19,CUST-0751,PROD-0002,East,Pennsylvania,Pittsburgh,Technology,Phones,899.0,1,0.0,375.16
ORD-2025-10467,2025-06-18,2025-06-19,CUST-0091,PROD-0002,Central,Texas,Dallas,Technology,Phones,854.05,1,0.05,328.05
ORD-2025-10747,2025-06-18,2025-06-22,CUST-0144,PROD-0025,Central,Ohio,Columbus,Furniture,Tables,649.0,1,0.0,264.48
ORD-2025-13754,2025-06-18,2025-06-20,CUST-0697,PROD-0001,West,Washington,Seattle,Technology,Phones,1518.1,2,0.05,611.35
ORD-2025-13823,2025-06-18,2025-06-21,CUST-0711,PROD-0056,South,Florida,Miami,Office Supplies,Appliances,652.65,3,0.05,305.13
ORD-2025-14208,2025-06-18,2025-06-22,CUST-0793,PROD-0014,Central,Illinois,Chicago,Technology,Accessories,447.0,3,0.0,263.65
ORD-2025-14356,2025-06-18,2025-06-19,CUST-0827,PROD-0049,South,Florida,Orlando,Office Supplies,Paper,19.8,1,0.1,6.27
ORD-2025-10774,2025-06-19,2025-06-21,CUST-0147,PROD-0049,East,New York,Buffalo,Office Supplies,Paper,22.0,1,0.0,7.74
ORD-2025-10958,2025-06-19,2025-06-24,CUST-0177,PROD-0025,West,Washington,Spokane,Furniture,Tables,649.0,1,0.0,262.65
ORD-2025-11049,2025-06-19,2025-06-20,CUST-0193,PROD-0049,Central,Minnesota,Minneapolis,Office Supplies,Paper,15.4,1,0.3,0.91
ORD-2025-12279,2025-06-19,2025-06-20,CUST-0418,PROD-0020,South,Florida,Miami,Furniture,Chairs,698.0,2,0.0,371.86
ORD-2025-14399,2025-06-19,2025-06-20,CUST-0838,PROD-0060,South,Georgia,Atlanta,Office Supplies,Fasteners,28.0,2,0.0,6.97
ORD-2025-10627,2025-06-20,2025-06-24,CUST-0124,PROD-0051,West,Nevada,Las Vegas,Office Supplies,Binders,17.1,1,0.05,7.88
ORD-2025-11715,2025-06-20,2025-06-24,CUST-0323,PROD-0010,Central,Michigan,Detroit,Technology,Laptops,2898.0,2,0.0,1190.74
ORD-2025-11984,2025-06-20,2025-06-22,CUST-0375,PROD-0035,Central,Texas,Houston,Furniture,Furnishings,75.0,1,0.0,41.1
ORD-2025-12918,2025-06-20,2025-06-22,CUST-0531,PROD-0010,East,New Jersey,Newark,Technology,Laptops,3694.95,3,0.15,1125.25
ORD-2025-10715,2025-06-21,2025-06-24,CUST-0138,PROD-0026,South,Virginia,Richmond,Furniture,Tables,349.3,1,0.3,64.44
ORD-2025-12654,2025-06-21,2025-06-23,CUST-0485,PROD-0031,Central,Texas,San Antonio,Furniture,Bookcases,198.0,2,0.0,101.17
ORD-2025-12896,2025-06-21,2025-06-23,CUST-0525,PROD-0007,West,Washington,Spokane,Technology,Laptops,1998.0,2,0.0,830.65
ORD-2025-13004,2025-06-21,2025-06-24,CUST-0553,PROD-0041,Central,Ohio,Columbus,Office Supplies,Storage,35.1,1,0.1,15.93
ORD-2025-13297,2025-06-21,2025-06-24,CUST-0609,PROD-0031,East,New York,New York City,Furniture,Bookcases,178.2,2,0.1,79.92
ORD-2025-13330,2025-06-21,2025-06-24,CUST-0616,PROD-0044,East,New Jersey,Newark,Office Supplies,Art,79.0,1,0.0,41.99
ORD-2025-14282,2025-06-21,2025-06-22,CUST-0813,PROD-0033,Central,Minnesota,Minneapolis,Furniture,Bookcases,287.3,2,0.15,111.19
ORD-2025-10373,2025-06-22,2025-06-25,CUST-0079,PROD-0006,West,Oregon,Portland,Technology,Laptops,1234.05,1,0.05,479.39
ORD-2025-10550,2025-06-22,2025-06-25,CUST-0106,PROD-0059,East,New Jersey,Newark,Office Supplies,Fasteners,26.4,3,0.2,-0.94
ORD-2025-10601,2025-06-22,2025-06-24,CUST-0117,PROD-0055,South,Florida,Miami,Office Supplies,Appliances,375.3,3,0.1,169.63
ORD-2025-10829,2025-06-23,2025-06-25,CUST-0156,PROD-0012,East,New Jersey,Newark,Technology,Accessories,59.0,1,0.0,37.21
ORD-2025-11094,2025-06-23,2025-06-24,CUST-0201,PROD-0060,West,Oregon,Portland,Office Supplies,Fasteners,19.6,2,0.3,-2.32
ORD-2025-11400,2025-06-23,2025-06-25,CUST-0264,PROD-0044,Central,Texas,Houston,Office Supplies,Art,237.0,3,0.0,128.58
ORD-2025-11405,2025-06-23,2025-06-24,CUST-0267,PROD-0056,South,Florida,Orlando,Office Supplies,Appliances,160.3,1,0.3,43.48
ORD-2025-11972,2025-06-23,2025-06-28,CUST-0372,PROD-0054,West,California,San Jose,Office Supplies,Appliances,598.0,2,0.0,307.27
ORD-2025-13917,2025-06-23,2025-06-24,CUST-0734,PROD-0036,South,Tennessee,Nashville,Furniture,Furnishings,41.65,1,0.15,18.01
ORD-2025-14467,2025-06-23,2025-06-27,CUST-0849,PROD-0045,South,Florida,Orlando,Office Supplies,Art,154.0,2,0.3,56.55
ORD-2025-11659,2025-06-24,2025-06-29,CUST-0317,PROD-0048,West,Oregon,Portland,Office Supplies,Paper,28.0,1,0.0,13.26
ORD-2025-12349,2025-06-24,2025-06-25,CUST-0428,PROD-0049,West,California,San Diego,Office Supplies,Paper,22.0,1,0.0,9.88
ORD-2025-12865,2025-06-24,2025-06-27,CUST-0519,PROD-0021,Central,Texas,Dallas,Furniture,Chairs,339.15,1,0.15,145.99
ORD-2025-13302,2025-06-24,2025-06-30,CUST-0609,PROD-0047,East,New York,New York City,Office Supplies,Paper,24.0,1,0.0,11.63
ORD-2025-13318,2025-06-24,2025-06-26,CUST-0613,PROD-0024,East,New Jersey,Newark,Furniture,Chairs,1136.2,4,0.05,562.42
ORD-2025-13492,2025-06-24,2025-06-26,CUST-0643,PROD-0044,Central,Texas,Austin,Office Supplies,Art,158.0,2,0.0,81.82
ORD-2025-11776,2025-06-25,2025-06-27,CUST-0334,PROD-0052,Central,Minnesota,Minneapolis,Office Supplies,Binders,190.0,10,0.0,56.63
ORD-2025-13381,2025-06-25,2025-06-27,CUST-0624,PROD-0001,East,Pennsylvania,Pittsburgh,Technology,Phones,719.1,1,0.1,265.76
ORD-2025-13995,2025-06-25,2025-06-28,CUST-0749,PROD-0007,Central,Ohio,Columbus,Technology,Laptops,849.15,1,0.15,263.79
ORD-2025-11104,2025-06-26,2025-06-28,CUST-0204,PROD-0001,East,New York,Buffalo,Technology,Phones,1518.1,2,0.05,606.7
ORD-2025-12573,2025-06-26,2025-06-28,CUST-0468,PROD-0047,East,Massachusetts,Boston,Office Supplies,Paper,45.6,2,0.05,14.22
ORD-2025-12685,2025-06-26,2025-06-27,CUST-0490,PROD-0060,South,Virginia,Richmond,Office Supplies,Fasteners,14.0,1,0.0,4.24
ORD-2025-13044,2025-06-26,2025-06-28,CUST-0562,PROD-0052,Central,Illinois,Chicago,Office Supplies,Binders,54.15,3,0.05,12.15
ORD-2025-13737,2025-06-26,2025-06-28,CUST-0694,PROD-0026,Central,Texas,Dallas,Furniture,Tables,898.2,2,0.1,325.94
ORD-2025-11590,2025-06-27,2025-06-28,CUST-0305,PROD-0030,West,Washington,Spokane,Furniture,Bookcases,229.0,1,0.0,113.57
ORD-2025-14053,2025-06-27,2025-06-29,CUST-0758,PROD-0009,Central,Ohio,Cleveland,Technology,Laptops,1098.0,2,0.0,451.81
ORD-2025-13586,2025-06-28,2025-06-30,CUST-0661,PROD-0045,East,New Jersey,Newark,Office Supplies,Art,220.0,2,0.0,123.2
ORD-2025-13596,2025-06-28,2025-06-29,CUST-0664,PROD-0060,South,North Carolina,Charlotte,Office Supplies,Fasteners,14.0,1,0.0,3.06
ORD-2025-14052,2025-06-28,2025-07-01,CUST-0758,PROD-0001,Central,Ohio,Cleveland,Technology,Phones,799.0,1,0.0,343.56
ORD-2025-14441,2025-06-28,2025-07-01,CUST-0846,PROD-0036,East,Pennsylvania,Pittsburgh,furniture,Furnishings,41.65,1,0.15,15.73
ORD-2025-10522,2025-06-29,2025-07-02,CUST-0102,PROD-0055,West,Colorado,Denver,Office Supplies,Appliances,354.45,3,0.15,142.05
ORD-2025-11035,2025-06-29,2025-07-01,CUST-0192,PROD-0023,East,Massachusetts,Boston,Furniture,Chairs,709.65,3,0.05,334.78
ORD-2025-11096,2025-06-29,2025-07-01,CUST-0202,PROD-0049,West,California,San Francisco,Office Supplies,Paper,176.0,8,0.0,67.4
ORD-2025-11704,2025-06-29,2025-07-01,CUST-0320,PROD-0059,Central,Ohio,Columbus,Office Supplies,Fasteners,66.0,6,0.0,16.97
ORD-2025-12170,2025-06-29,2025-07-04,CUST-0402,PROD-0005,Central,Texas,Austin,Technology,Phones,2850.0,3,0.0,1036.97
ORD-2025-13679,2025-06-29,2025-06-30,CUST-0683,PROD-0019,Central,Ohio,Columbus,Technology,Copiers & Printers,329.0,1,0.0,142.43
ORD-2025-12066,2025-06-30,2025-07-03,CUST-0389,PROD-0052,East,New York,New York City,Office Supplies,Binders,64.6,4,0.15,9.09
ORD-2025-12371,2025-06-30,2025-07-03,CUST-0434,PROD-0054,East,Pennsylvania,Philadelphia,Office Supplies,Appliances,807.3,3,0.1,368.31
ORD-2025-10646,2025-07-01,2025-07-03,CUST-0125,PROD-0007,East,Pennsylvania,Pittsburgh,Technology,Laptops,2997.0,3,0.0,1246.58
ORD-2025-11016,2025-07-01,2025-07-03,CUST-0190,PROD-0057,Central,Michigan,Detroit,Office Supplies,Appliances,90.0,2,0.0,44.78
ORD-2025-11710,2025-07-01,2025-07-06,CUST-0323,PROD-0050,Central,Michigan,Detroit,Office Supplies,Binders,33.6,1,0.2,13.88
ORD-2025-12438,2025-07-01,2025-07-05,CUST-0450,PROD-0037,West,California,San Jose,Furniture,Furnishings,630.0,3,0.0,342.17
ORD-2025-12537,2025-07-01,2025-07-06,CUST-0463,PROD-0007,West,Washington,Seattle,Technology,Laptops,999.0,1,0.0,415.49
ORD-2025-13404,2025-07-01,2025-07-04,CUST-0626,PROD-0021,East,New Jersey,Newark,Furniture,Chairs,1197.0,3,0.0,608.57
ORD-2025-14454,2025-07-01,2025-07-03,CUST-0848,PROD-0019,Central,Texas,San Antonio,Technology,Copiers & Printers,937.65,3,0.05,384.91
ORD-2025-11226,2025-07-02,2025-07-04,CUST-0231,PROD-0058,West,Oregon,Portland,Office Supplies,Fasteners,26.1,1,0.1,8.52
ORD-2025-11567,2025-07-02,2025-07-04,CUST-0301,PROD-0047,West,Oregon,Portland,Office Supplies,Paper,21.6,1,0.1,6.9
ORD-2025-11967,2025-07-02,2025-07-04,CUST-0371,PROD-0059,East,New York,Buffalo,Office Supplies,Fasteners,33.0,3,0.0,10.54
ORD-2025-13078,2025-07-02,2025-07-03,CUST-0567,PROD-0004,South,Florida,Orlando,Technology,Phones,2967.3,3,0.1,914.9
ORD-2025-11103,2025-07-03,2025-07-05,CUST-0204,PROD-0039,East,New York,Buffalo,Office Supplies,Storage,256.0,8,0.0,126.09
ORD-2025-11594,2025-07-03,2025-07-05,CUST-0305,PROD-0049,West,Washington,Spokane,Office Supplies,Paper,22.0,1,0.0,7.08
ORD-2025-13080,2025-07-03,2025-07-09,CUST-0567,PROD-0017,South,Florida,Orlando,Technology,Copiers & Printers,1398.0,2,0.0,627.47
ORD-2025-13153,2025-07-03,2025-07-04,CUST-0585,PROD-0039,Central,Texas,Houston,Office Supplies,Storage,57.6,3,0.4,0.86
ORD-2025-13395,2025-07-03,2025-07-08,CUST-0625,PROD-0029,West,Washington,Seattle,Furniture,Tables,287.1,1,0.1,102.82
ORD-2025-11268,2025-07-04,2025-07-08,CUST-0238,PROD-0049,East,Pennsylvania,Pittsburgh,Office Supplies,Paper,18.7,1,0.15,6.95
ORD-2025-12525,2025-07-04,2025-07-06,CUST-0462,PROD-0019,South,Florida,Orlando,Technology,Copiers & Printers,296.1,1,0.1,112.95
ORD-2025-13029,2025-07-04,2025-07-07,CUST-0557,PROD-0008,Central,Michigan,Detroit,Technology,Laptops,1899.0,1,0.0,794.89
ORD-2025-10053,2025-07-05,2025-07-08,CUST-0010,PROD-0034,Central,Ohio,Cleveland,Furniture,Furnishings,123.5,2,0.05,62.11
ORD-2025-10236,2025-07-05,2025-07-06,CUST-0054,PROD-0055,Central,Texas,San Antonio,Office Supplies,Appliances,278.0,2,0.0,135.92
ORD-2025-10498,2025-07-05,2025-07-07,CUST-0097,PROD-0035,East,Massachusetts,Boston,Furniture,Furnishings,150.0,2,0.0,81.54
ORD-2025-12403,2025-07-05,2025-07-07,CUST-0438,PROD-0025,Central,Texas,Austin,Furniture,Tables,551.65,1,0.15,164.65
ORD-2025-12799,2025-07-05,2025-07-07,CUST-0513,PROD-0007,Central,Minnesota,Minneapolis,Technology,Laptops,2997.0,3,0.0,1238.08
ORD-2025-13141,2025-07-05,2025-07-08,CUST-0582,PROD-0001,South,Florida,Tampa,Technology,Phones,799.0,1,0.0,345.73
ORD-2025-14326,2025-07-05,2025-07-07,CUST-0821,PROD-0004,South,Tennessee,Nashville,Technology,Phones,2198.0,2,0.0,829.82
ORD-2025-10476,2025-07-06,2025-07-08,CUST-0094,PROD-0014,Central,Texas,San Antonio,Technology,Accessories,745.0,5,0.0,446.44
ORD-2025-11223,2025-07-06,2025-07-08,CUST-0231,PROD-0028,West,Oregon,Portland,Furniture,Tables,1598.0,2,0.0,684.89
ORD-2025-12091,2025-07-06,2025-07-08,CUST-0392,PROD-0033,Central,Texas,Dallas,Furniture,Bookcases,338.0,2,0.0,161.39
ORD-2025-12782,2025-07-06,2025-07-08,CUST-0511,PROD-0042,East,Pennsylvania,Pittsburgh,Office Supplies,Art,98.0,2,0.0,49.2
ORD-2025-13114,2025-07-06,2025-07-09,CUST-0576,PROD-0022,South,Virginia,Richmond,Furniture,Chairs,700.8,4,0.2,296.38
ORD-2025-10148,2025-07-07,2025-07-08,CUST-0033,PROD-0057,West,Arizona,Phoenix,Office Supplies,Appliances,90.0,2,0.0,42.72
ORD-2025-10808,2025-07-07,2025-07-14,CUST-0152,PROD-0047,South,Tennessee,Nashville,Office Supplies,Paper,108.0,5,0.1,37.55
ORD-2025-11573,2025-07-07,2025-07-09,CUST-0301,PROD-0046,West,Oregon,Portland,Office Supplies,Paper,68.0,2,0.0,32.55
ORD-2025-12078,2025-07-07,2025-07-11,CUST-0390,PROD-0027,Central,Texas,Austin,Furniture,Tables,264.1,2,0.05,103.35
ORD-2025-10072,2025-07-08,2025-07-11,CUST-0016,PROD-0042,East,Massachusetts,Boston,Office Supplies,Art,68.6,2,0.3,24.32
ORD-2025-10329,2025-07-08,2025-07-10,CUST-0071,PROD-0009,South,Florida,Tampa,Technology,Laptops,549.0,1,0.0,225.14
ORD-2025-10771,2025-07-08,2025-07-10,CUST-0147,PROD-0009,East,New York,Buffalo,Technology,Laptops,1564.65,3,0.05,588.58
ORD-2025-12962,2025-07-08,2025-07-10,CUST-0544,PROD-0051,South,Florida,Orlando,Office Supplies,Binders,32.4,2,0.1,7.79
ORD-2025-13552,2025-07-08,2025-07-11,CUST-0653,PROD-0052,West,Arizona,Phoenix,Office Supplies,Binders,90.25,5,0.05,31.77
ORD-2025-14132,2025-07-08,2025-07-12,CUST-0772,PROD-0052,Central,Minnesota,Minneapolis,Office Supplies,Binders,38.0,2,0.0,15.86
ORD-2025-10204,2025-07-09,2025-07-10,CUST-0046,PROD-0029,West,Arizona,Phoenix,Furniture,Tables,255.2,1,0.2,71.19
ORD-2025-10306,2025-07-09,2025-07-12,CUST-0068,PROD-0053,Central,Illinois,Chicago,Office Supplies,Binders,34.2,3,0.05,1.95
ORD-2025-11842,2025-07-09,2025-07-10,CUST-0345,PROD-0053,Central,Ohio,Cleveland,Office Supplies,Binders,21.6,2,0.1,0.46
ORD-2025-13243,2025-07-09,2025-07-11,CUST-0597,PROD-0025,West,California,Los Angeles,Furniture,Tables,1038.4,2,0.2,269.08
ORD-2025-10597,2025-07-10,2025-07-17,CUST-0117,PROD-0012,South,Florida,Miami,Technology,Accessories,177.0,3,0.0,108.07
ORD-2025-12687,2025-07-10,2025-07-16,CUST-0491,PROD-0056,South,Virginia,Richmond,Office Supplies,Appliances,217.55,1,0.05,102.25
ORD-2025-12804,2025-07-10,2025-07-11,CUST-0513,PROD-0044,Central,Minnesota,Minneapolis,Office Supplies,Art,63.2,1,0.2,26.32
ORD-2025-12958,2025-07-10,2025-07-14,CUST-0543,PROD-0025,South,Tennessee,Nashville,Furniture,Tables,649.0,1,0.0,264.59
ORD-2025-13084,2025-07-10,2025-07-13,CUST-0568,PROD-0060,South,Virginia,Richmond,Office Supplies,Fasteners,14.0,1,0.0,5.56
ORD-2025-13210,2025-07-10,2025-07-12,CUST-0595,PROD-0056,South,Virginia,Richmond,Office Supplies,Appliances,229.0,1,0.0,113.33
ORD-2025-13633,2025-07-10,2025-07-14,CUST-0671,PROD-0012,East,New York,Buffalo,Technology,Accessories,56.05,1,0.05,31.05
ORD-2025-14027,2025-07-10,2025-07-13,CUST-0754,PROD-0034,West,California,Los Angeles,Furniture,Furnishings,117.0,2,0.1,54.22
ORD-2025-14047,2025-07-10,2025-07-12,CUST-0758,PROD-0052,Central,Ohio,Cleveland,Office Supplies,Binders,80.75,5,0.15,14.3
ORD-2025-10657,2025-07-11,2025-07-14,CUST-0126,PROD-0019,East,New York,New York City,Technology,Copiers & Printers,592.2,2,0.1,222.71
ORD-2025-12787,2025-07-11,2025-07-14,CUST-0511,PROD-0004,East,Pennsylvania,Pittsburgh,Technology,Phones,4396.0,4,0.0,1652.74
ORD-2025-13048,2025-07-11,2025-07-13,CUST-0563,PROD-0037,South,Florida,Miami,Furniture,Furnishings,504.0,3,0.2,222.5
ORD-2025-13212,2025-07-11,2025-07-18,CUST-0595,PROD-0004,South,Virginia,Richmond,Technology,Phones,824.25,1,0.25,139.82
ORD-2025-13219,2025-07-11,2025-07-14,CUST-0595,PROD-0033,South,Virginia,Richmond,Furniture,Bookcases,169.0,1,0.0,80.97
ORD-2025-13290,2025-07-11,2025-07-12,CUST-0608,PROD-0050,West,Nevada,Las Vegas,Office Supplies,Binders,42.0,1,0.0,21.36
ORD-2025-14170,2025-07-11,2025-07-12,CUST-0781,PROD-0047,East,Pennsylvania,Philadelphia,Office Supplies,Paper,24.0,1,0.0,8.77
ORD-2025-10110,2025-07-12,2025-07-17,CUST-0026,PROD-0001,Central,Michigan,Detroit,Technology,Phones,799.0,1,0.0,342.58
ORD-2025-12620,2025-07-12,2025-07-17,CUST-0478,PROD-0048,East,Pennsylvania,Philadelphia,Office Supplies,Paper,25.2,1,0.1,10.25
ORD-2025-13309,2025-07-12,2025-07-16,CUST-0611,PROD-0060,West,Washington,Spokane,Office Supplies,Fasteners,22.4,2,0.2,5.11
ORD-2025-14333,2025-07-12,2025-07-19,CUST-0823,PROD-0050,West,California,San Jose,Office Supplies,Binders,79.8,2,0.05,40.35
ORD-2025-14478,2025-07-12,2025-07-14,CUST-0850,PROD-0041,West,Oregon,Portland,Office Supplies,Storage,37.05,1,0.05,17.02
ORD-2025-11424,2025-07-13,2025-07-14,CUST-0270,PROD-0012,Central,Texas,Houston,Technology,Accessories,59.0,1,0.0,35.84
ORD-2025-13161,2025-07-13,2025-07-17,CUST-0585,PROD-0018,Central,Texas,Houston,Technology,Copiers & Printers,378.1,2,0.05,146.49
ORD-2025-13301,2025-07-13,2025-07-14,CUST-0609,PROD-0008,East,New York,New York City,Technology,Laptops,1709.1,1,0.1,606.0
ORD-2025-14375,2025-07-13,2025-07-14,CUST-0833,PROD-0008,Central,Texas,Dallas,Technology,Laptops,1899.0,1,0.0,792.77
ORD-2025-11754,2025-07-14,2025-07-16,CUST-0330,PROD-0060,East,New Jersey,Newark,Office Supplies,Fasteners,47.6,4,0.15,11.39
ORD-2025-11843,2025-07-14,2025-07-16,CUST-0345,PROD-0055,Central,Ohio,Cleveland,Office Supplies,Appliances,139.0,1,0.0,70.91
ORD-2025-11890,2025-07-14,2025-07-16,CUST-0354,PROD-0026,West,California,San Diego,Furniture,Tables,449.1,1,0.1,162.3
ORD-2025-12275,2025-07-14,2025-07-17,CUST-0418,PROD-0053,South,Florida,Miami,Office Supplies,Binders,12.0,1,0.0,1.42
ORD-2025-14081,2025-07-14,2025-07-16,CUST-0762,PROD-0003,West,Arizona,Phoenix,Technology,Phones,798.0,2,0.0,349.88
ORD-2025-10454,2025-07-15,2025-07-18,CUST-0089,PROD-0009,Central,Michigan,Detroit,Technology,Laptops,521.55,1,0.05,196.55
ORD-2025-10762,2025-07-15,2025-07-17,CUST-0146,PROD-0047,East,Pennsylvania,Philadelphia,Office Supplies,Paper,20.4,1,0.15,5.21
ORD-2025-12428,2025-07-15,2025-07-16,CUST-0446,PROD-0010,East,Pennsylvania,Philadelphia,Technology,Laptops,1449.0,1,0.0,593.28
ORD-2025-13344,2025-07-15,2025-07-20,CUST-0617,PROD-0018,West,Washington,Seattle,Technology,Copiers & Printers,169.15,1,0.15,55.17
ORD-2025-13676,2025-07-15,2025-07-18,CUST-0683,PROD-0002,Central,Ohio,Columbus,Technology,Phones,1798.0,2,0.0,747.62
ORD-2025-14078,2025-07-15,2025-07-16,CUST-0761,PROD-0050,East,New Jersey,Newark,Office Supplies,Binders,168.0,4,0.0,79.32
ORD-2025-14227,2025-07-15,2025-07-16,CUST-0796,PROD-0051,West,Oregon,Portland,Office Supplies,Binders,16.2,1,0.1,5.13
ORD-2025-14270,2025-07-15,2025-07-20,CUST-0809,PROD-0049,South,Florida,Miami,Office Supplies,Paper,22.0,1,0.0,10.52
ORD-2025-10060,2025-07-16,2025-07-21,CUST-0011,PROD-0031,East,Massachusetts,Boston,Furniture,Bookcases,99.0,1,0.0,48.71
ORD-2025-10389,2025-07-16,2025-07-18,CUST-0081,PROD-0019,East,Massachusetts,Boston,Technology,Copiers & Printers,329.0,1,0.0,144.51
ORD-2025-10568,2025-07-16,2025-07-21,CUST-0110,PROD-0024,South,North Carolina,Charlotte,Furniture,Chairs,299.0,1,0.0,153.32
ORD-2025-11407,2025-07-16,2025-07-19,CUST-0267,PROD-0039,South,Florida,Orlando,office supplies,Storage,32.0,1,0.0,16.52
ORD-2025-11560,2025-07-16,2025-07-20,CUST-0300,PROD-0006,Central,Michigan,Detroit,Technology,Laptops,1299.0,1,0.0,545.13
ORD-2025-12145,2025-07-16,2025-07-18,CUST-0400,PROD-0043,South,Tennessee,Nashville,Office Supplies,Art,56.05,1,0.05,27.05
ORD-2025-12790,2025-07-16,2025-07-18,CUST-0511,PROD-0036,East,Pennsylvania,Pittsburgh,Furniture,Furnishings,98.0,2,0.0,48.04
ORD-2025-12999,2025-07-16,2025-07-18,CUST-0552,PROD-0038,Central,Michigan,Detroit,Office Supplies,Storage,264.6,2,0.3,65.94
ORD-2025-13186,2025-07-16,2025-07-18,CUST-0590,PROD-0024,Central,Texas,Houston,Furniture,Chairs,568.1,2,0.05,276.25
ORD-2025-14267,2025-07-16,2025-07-17,CUST-0809,PROD-0014,South,Florida,Miami,Technology,Accessories,894.0,6,0.0,539.69
ORD-2025-11021,2025-07-17,2025-07-19,CUST-0191,PROD-0037,Central,Texas,San Antonio,Furniture,Furnishings,420.0,2,0.0,228.03
ORD-2025-12586,2025-07-17,2025-07-18,CUST-0471,PROD-0012,South,Florida,Orlando,Technology,Accessories,56.05,1,0.05,31.25
ORD-2025-13075,2025-07-17,2025-07-20,CUST-0567,PROD-0056,South,Florida,Orlando,Office Supplies,Appliances,435.1,2,0.05,205.64
ORD-2025-13653,2025-07-17,2025-07-19,CUST-0676,PROD-0047,Central,Ohio,Columbus,Office Supplies,Paper,43.2,2,0.1,13.97
ORD-2025-10963,2025-07-18,2025-07-22,CUST-0177,PROD-0014,West,Washington,Spokane,Technology,Accessories,268.2,2,0.1,147.01
ORD-2025-14001,2025-07-18,2025-07-19,CUST-0749,PROD-0011,Central,Ohio,Columbus,Technology,Accessories,109.65,1,0.15,60.33
ORD-2025-14021,2025-07-18,2025-07-19,CUST-0753,PROD-0018,West,California,Los Angeles,Technology,Copiers & Printers,199.0,1,0.0,82.54
ORD-2025-10420,2025-07-19,2025-07-23,CUST-0086,PROD-0057,West,Colorado,Denver,Office Supplies,Appliances,135.0,3,0.0,60.98
ORD-2025-10993,2025-07-19,2025-07-21,CUST-0185,PROD-0032,Central,Texas,Houston,Furniture,Bookcases,271.15,1,0.15,105.71
ORD-2025-11479,2025-07-19,2025-07-20,CUST-0281,PROD-0059,Central,Texas,San Antonio,Office Supplies,Fasteners,9.35,1,0.15,-0.04
ORD-2025-12648,2025-07-19,2025-07-21,CUST-0483,PROD-0019,Central,Texas,Austin,Technology,Copiers & Printers,658.0,2,0.0,288.31
ORD-2025-12982,2025-07-19,2025-07-21,CUST-0549,PROD-0059,East,Massachusetts,Boston,Office Supplies,Fasteners,22.0,2,0.0,5.64
ORD-2025-13094,2025-07-19,2025-07-21,CUST-0570,PROD-0014,South,Georgia,Atlanta,Technology,Accessories,424.65,3,0.05,239.86
ORD-2025-14364,2025-07-19,2025-07-23,CUST-0830,PROD-0004,East,Massachusetts,Boston,Technology,Phones,3132.15,3,0.05,1082.77
ORD-2025-11186,2025-07-20,2025-07-27,CUST-0226,PROD-0010,Central,Texas,San Antonio,Technology,Laptops,1449.0,1,0.0,593.95
ORD-2025-11393,2025-07-20,2025-07-22,CUST-0263,PROD-0010,West,California,San Francisco,Technology,Laptops,1449.0,1,0.0,594.56
ORD-2025-12336,2025-07-20,2025-07-22,CUST-0426,PROD-0031,West,Washington,Spokane,Furniture,Bookcases,94.05,1,0.05,44.54
ORD-2025-12861,2025-07-20,2025-07-23,CUST-0519,PROD-0006,Central,Texas,Dallas,Technology,Laptops,1299.0,1,0.0,544.54
ORD-2025-14289,2025-07-20,2025-07-27,CUST-0815,PROD-0018,South,Florida,Orlando,Technology,Copiers & Printers,597.0,3,0.0,256.2
ORD-2025-10003,2025-07-21,2025-07-25,CUST-0001,PROD-0052,Central,Texas,Houston,Office Supplies,Binders,34.2,2,0.1,13.82
ORD-2025-10879,2025-07-21,2025-07-24,CUST-0162,PROD-0005,South,Georgia,Atlanta,Technology,Phones,950.0,1,0.0,344.29
ORD-2025-11250,2025-07-21,2025-07-23,CUST-0234,PROD-0054,Central,Ohio,Cleveland,Office Supplies,Appliances,254.15,1,0.15,110.27
ORD-2025-11525,2025-07-21,2025-07-25,CUST-0291,PROD-0059,Central,Texas,Austin,Office Supplies,Fasteners,10.45,1,0.05,2.86
ORD-2025-13900,2025-07-21,2025-07-23,CUST-0732,PROD-0054,West,Oregon,Portland,Office Supplies,Appliances,299.0,1,0.0,152.03
ORD-2025-10279,2025-07-22,2025-07-25,CUST-0064,PROD-0018,Central,Texas,Austin,Technology,Copiers & Printers,995.0,5,0.0,426.79
ORD-2025-10876,2025-07-22,2025-07-25,CUST-0162,PROD-0016,South,Georgia,Atlanta,Technology,Copiers & Printers,1444.15,1,0.15,537.46
ORD-2025-11137,2025-07-22,2025-07-25,CUST-0210,PROD-0025,Central,Texas,Austin,Furniture,Tables,649.0,1,0.0,262.61
ORD-2025-12920,2025-07-22,2025-07-27,CUST-0532,PROD-0027,West,Arizona,Phoenix,Furniture,Tables,528.2,4,0.05,206.0
ORD-2025-11231,2025-07-23,2025-07-25,CUST-0232,PROD-0025,Central,Texas,Houston,Furniture,Tables,1298.0,2,0.0,530.04
ORD-2025-11738,2025-07-23,2025-07-24,CUST-0328,PROD-0056,South,Florida,Orlando,Office Supplies,Appliances,229.0,1,0.0,115.17
ORD-2025-11887,2025-07-23,2025-07-29,CUST-0354,PROD-0026,West,California,San Diego,Furniture,Tables,449.1,1,0.1,164.86
ORD-2025-13327,2025-07-23,2025-07-25,CUST-0616,PROD-0002,East,New Jersey,Newark,Technology,Phones,899.0,1,0.0,373.81
ORD-2025-13655,2025-07-23,2025-07-27,CUST-0676,PROD-0056,Central,Ohio,Columbus,Office Supplies,Appliances,217.55,1,0.05,102.75
ORD-2025-13834,2025-07-23,2025-07-28,CUST-0711,PROD-0022,South,Florida,Miami,Furniture,Chairs,219.0,1,0.0,117.94
ORD-2025-14449,2025-07-23,2025-07-30,CUST-0847,PROD-0053,West,Arizona,Phoenix,Office Supplies,Binders,11.4,1,0.05,1.79
ORD-2025-10469,2025-07-24,2025-07-27,CUST-0092,PROD-0016,Central,Minnesota,Minneapolis,Technology,Copiers & Printers,5097.0,3,0.0,2382.35
ORD-2025-11026,2025-07-24,2025-07-27,CUST-0191,PROD-0019,Central,Texas,San Antonio,Technology,Copiers & Printers,296.1,1,0.1,112.46
ORD-2025-11277,2025-07-24,2025-07-30,CUST-0240,PROD-0025,West,Nevada,Las Vegas,Furniture,Tables,324.5,1,0.5,-61.93
ORD-2025-12359,2025-07-24,2025-07-28,CUST-0431,PROD-0055,South,Virginia,Richmond,Office Supplies,Appliances,132.05,1,0.05,62.45
ORD-2025-13299,2025-07-24,2025-07-26,CUST-0609,PROD-0048,East,New York,New York City,Office Supplies,Paper,56.0,2,0.0,25.08
ORD-2025-13989,2025-07-24,2025-07-28,CUST-0749,PROD-0044,Central,Ohio,Columbus,Office Supplies,Art,158.0,2,0.0,83.14
ORD-2025-11122,2025-07-25,2025-07-28,CUST-0207,PROD-0021,West,California,Los Angeles,Furniture,Chairs,1356.6,4,0.15,577.08
ORD-2025-11846,2025-07-25,2025-07-26,CUST-0345,PROD-0001,Central,Ohio,Cleveland,Technology,Phones,719.1,1,0.1,262.58
ORD-2025-12823,2025-07-25,2025-08-01,CUST-0516,PROD-0034,South,Florida,Miami,Furniture,Furnishings,123.5,2,0.05,65.15
ORD-2025-13933,2025-07-25,2025-07-26,CUST-0737,PROD-0007,West,California,San Francisco,Technology,Laptops,1998.0,2,0.0,828.41
ORD-2025-14056,2025-07-25,2025-07-30,CUST-0758,PROD-0033,Central,Ohio,Cleveland,Furniture,Bookcases,456.3,3,0.1,190.14
ORD-2025-14182,2025-07-25,2025-07-27,CUST-0785,PROD-0040,Central,Michigan,Detroit,Office Supplies,Storage,82.8,3,0.6,-15.52
ORD-2025-10507,2025-07-26,2025-07-31,CUST-0098,PROD-0026,South,Tennessee,Nashville,Furniture,Tables,898.2,3,0.4,47.53
ORD-2025-10651,2025-07-26,2025-07-28,CUST-0126,PROD-0058,East,New York,New York City,Office Supplies,Fasteners,29.0,1,0.0,10.62
ORD-2025-11724,2025-07-26,2025-07-30,CUST-0325,PROD-0031,West,California,Los Angeles,Furniture,Bookcases,198.0,2,0.0,99.72
ORD-2025-10488,2025-07-27,2025-07-30,CUST-0095,PROD-0016,South,Tennessee,Nashville,Technology,Copiers & Printers,1614.05,1,0.05,709.84
ORD-2025-12070,2025-07-27,2025-07-29,CUST-0389,PROD-0016,East,New York,New York City,Technology,Copiers & Printers,3398.0,2,0.0,1584.23
ORD-2025-12248,2025-07-27,2025-08-01,CUST-0416,PROD-0034,South,Virginia,Richmond,Furniture,Furnishings,325.0,5,0.0,176.05
ORD-2025-10450,2025-07-28,2025-07-30,CUST-0088,PROD-0022,East,Pennsylvania,Philadelphia,Furniture,Chairs,197.1,1,0.1,96.03
ORD-2025-11315,2025-07-28,2025-07-29,CUST-0246,PROD-0060,West,California,San Diego,Office Supplies,Fasteners,12.6,1,0.1,3.92
ORD-2025-12115,2025-07-28,2025-07-30,CUST-0395,PROD-0009,East,Pennsylvania,Philadelphia,Technology,Laptops,549.0,1,0.0,223.66
ORD-2025-10301,2025-07-29,2025-08-02,CUST-0066,PROD-0043,West,Oregon,Portland,Office Supplies,Art,56.05,1,0.05,27.6
ORD-2025-14303,2025-07-29,2025-08-01,CUST-0816,PROD-0053,Central,Texas,San Antonio,Office Supplies,Binders,24.0,2,0.0,4.15
ORD-2025-11160,2025-07-30,2025-08-06,CUST-0217,PROD-0010,Central,Ohio,Cleveland,Technology,Laptops,4129.65,3,0.05,1569.93
ORD-2025-11821,2025-07-30,2025-08-01,CUST-0342,PROD-0036,West,California,San Jose,Furniture,Furnishings,49.0,1,0.0,25.0
ORD-2025-11961,2025-07-30,2025-07-31,CUST-0370,PROD-0056,Central,Ohio,Columbus,Office Supplies,Appliances,652.65,3,0.05,307.67
ORD-2025-12244,2025-07-30,2025-08-04,CUST-0416,PROD-0014,South,Virginia,Richmond,Technology,Accessories,707.75,5,0.05,406.21
ORD-2025-12443,2025-07-30,2025-07-31,CUST-0451,PROD-0040,South,Florida,Miami,Office Supplies,Storage,65.55,1,0.05,34.02
ORD-2025-12570,2025-07-30,2025-08-02,CUST-0468,PROD-0023,East,Massachusetts,Boston,Furniture,Chairs,236.55,1,0.05,111.5
ORD-2025-13502,2025-07-30,2025-08-02,CUST-0643,PROD-0055,Central,Texas,Austin,Office Supplies,Appliances,1390.0,10,0.0,703.52
ORD-2025-14087,2025-07-30,2025-08-01,CUST-0763,PROD-0057,Central,Illinois,Chicago,Office Supplies,Appliances,171.0,4,0.05,86.63
ORD-2025-14235,2025-07-30,2025-08-04,CUST-0797,PROD-0042,West,Oregon,Portland,Office Supplies,Art,49.0,1,0.0,25.45
ORD-2025-11384,2025-07-31,2025-08-02,CUST-0261,PROD-0014,West,Oregon,Portland,Technology,Accessories,298.0,2,0.0,177.13
ORD-2025-12040,2025-07-31,2025-08-03,CUST-0384,PROD-0014,Central,Texas,San Antonio,Technology,Accessories,1132.4,8,0.05,650.14
ORD-2025-12876,2025-07-31,2025-08-03,CUST-0521,PROD-0005,Central,Texas,San Antonio,Technology,Phones,1805.0,2,0.05,596.58
ORD-2025-14041,2025-07-31,2025-08-03,CUST-0757,PROD-0056,South,Florida,Miami,Office Supplies,Appliances,458.0,2,0.0,229.14
ORD-2025-11513,2025-08-01,2025-08-02,CUST-0289,PROD-0004,South,Georgia,Atlanta,Technology,Phones,1099.0,1,0.0,412.73
ORD-2025-12597,2025-08-01,2025-08-04,CUST-0472,PROD-0050,South,Tennessee,Nashville,Office Supplies,Binders,37.8,1,0.1,15.07
ORD-2025-13759,2025-08-01,2025-08-02,CUST-0697,PROD-0042,West,Washington,Seattle,Office Supplies,Art,49.0,1,0.0,25.16
ORD-2025-11200,2025-08-02,2025-08-06,CUST-0227,PROD-0050,South,North Carolina,Charlotte,Office Supplies,Binders,79.8,2,0.05,37.95
ORD-2025-11309,2025-08-02,2025-08-05,CUST-0245,PROD-0018,West,Oregon,Portland,Technology,Copiers & Printers,189.05,1,0.05,75.76
ORD-2025-11632,2025-08-02,2025-08-04,CUST-0311,PROD-0014,West,California,San Diego,Technology,Accessories,298.0,2,0.0,180.14
ORD-2025-12416,2025-08-02,2025-08-04,CUST-0443,PROD-0054,Central,Ohio,Cleveland,Office Supplies,Appliances,299.0,1,0.0,154.7
ORD-2025-12603,2025-08-02,2025-08-04,CUST-0473,PROD-0010,West,Nevada,Las Vegas,Technology,Laptops,8694.0,6,0.0,3575.91
ORD-2025-13218,2025-08-02,2025-08-03,CUST-0595,PROD-0038,South,Virginia,Richmond,Office Supplies,Storage,642.6,4,0.15,248.96
ORD-2025-13555,2025-08-02,2025-08-04,CUST-0653,PROD-0045,West,Arizona,Phoenix,Office Supplies,Art,99.0,1,0.1,48.36
ORD-2025-13628,2025-08-02,2025-08-04,CUST-0671,PROD-0017,East,New York,Buffalo,Technology,Copiers & Printers,2097.0,3,0.0,947.08
ORD-2025-10016,2025-08-03,2025-08-06,CUST-0003,PROD-0028,East,Pennsylvania,Pittsburgh,furniture,Tables,759.05,1,0.05,305.58
ORD-2025-10608,2025-08-03,2025-08-09,CUST-0120,PROD-0048,Central,Michigan,Detroit,Office Supplies,Paper,26.6,1,0.05,11.72
ORD-2025-10778,2025-08-03,2025-08-05,CUST-0148,PROD-0032,Central,Texas,Dallas,Furniture,Bookcases,957.0,3,0.0,465.56
ORD-2025-11648,2025-08-03,2025-08-06,CUST-0315,PROD-0041,East,New York,New York City,Office Supplies,Storage,35.1,1,0.1,13.38
ORD-2025-11922,2025-08-03,2025-08-06,CUST-0361,PROD-0047,South,Georgia,Atlanta,Office Supplies,Paper,72.0,3,0.0,35.85
ORD-2025-12119,2025-08-03,2025-08-06,CUST-0396,PROD-0037,South,Georgia,Atlanta,Furniture,Furnishings,199.5,1,0.05,105.54
ORD-2025-10324,2025-08-04,2025-08-09,CUST-0071,PROD-0009,South,Florida,Tampa,Technology,Laptops,521.55,1,0.05,195.24
ORD-2025-10519,2025-08-04,2025-08-06,CUST-0101,PROD-0035,South,North Carolina,Charlotte,Furniture,Furnishings,300.0,4,0.0,154.94
ORD-2025-11166,2025-08-04,2025-08-11,CUST-0219,PROD-0060,Central,Ohio,Cleveland,Office Supplies,Fasteners,28.0,2,0.0,6.64
ORD-2025-12776,2025-08-04,2025-08-07,CUST-0508,PROD-0045,West,California,San Diego,Office Supplies,Art,330.0,3,0.0,179.21
ORD-2025-13223,2025-08-04,2025-08-05,CUST-0596,PROD-0035,South,North Carolina,Charlotte,Furniture,Furnishings,75.0,1,0.0,38.8
ORD-2025-11089,2025-08-05,2025-08-08,CUST-0201,PROD-0023,West,Oregon,Portland,Furniture,Chairs,236.55,1,0.05,112.06
ORD-2025-11452,2025-08-05,2025-08-07,CUST-0276,PROD-0045,West,Colorado,Denver,Office Supplies,Art,110.0,1,0.0,59.47
ORD-2025-11578,2025-08-05,2025-08-07,CUST-0303,PROD-0042,Central,Texas,Austin,Office Supplies,Art,249.9,6,0.15,101.49
ORD-2025-13674,2025-08-05,2025-08-07,CUST-0682,PROD-0001,East,New York,Buffalo,Technology,Phones,599.25,1,0.25,142.72
ORD-2025-13866,2025-08-05,2025-08-09,CUST-0723,PROD-0058,West,Washington,Spokane,Office Supplies,Fasteners,55.1,2,0.05,19.37
ORD-2025-10349,2025-08-06,2025-08-08,CUST-0073,PROD-0024,West,Nevada,Las Vegas,Furniture,Chairs,598.0,2,0.0,308.59
ORD-2025-10409,2025-08-06,2025-08-12,CUST-0083,PROD-0021,South,Florida,Miami,Furniture,Chairs,1117.2,4,0.3,335.04
ORD-2025-12407,2025-08-06,2025-08-11,CUST-0440,PROD-0048,East,New York,New York City,Office Supplies,Paper,56.0,2,0.0,23.1
ORD-2025-12984,2025-08-06,2025-08-11,CUST-0550,PROD-0027,West,Nevada,Las Vegas,Furniture,Tables,278.0,2,0.0,118.54
ORD-2025-14411,2025-08-06,2025-08-08,CUST-0840,PROD-0012,South,Florida,Tampa,Technology,Accessories,118.0,2,0.0,71.71
ORD-2025-10299,2025-08-07,2025-08-09,CUST-0065,PROD-0056,Central,Texas,Austin,Office Supplies,Appliances,217.55,1,0.05,102.87
ORD-2025-11128,2025-08-07,2025-08-09,CUST-0208,PROD-0017,East,New York,New York City,Technology,Copiers & Printers,1398.0,2,0.0,624.27
ORD-2025-13011,2025-08-07,2025-08-09,CUST-0555,PROD-0005,West,Colorado,Denver,Technology,Phones,1900.0,2,0.0,686.35
ORD-2025-13414,2025-08-07,2025-08-10,CUST-0627,PROD-0015,West,Colorado,Denver,Technology,Accessories,84.55,1,0.05,46.53
ORD-2025-13417,2025-08-07,2025-08-11,CUST-0627,PROD-0010,West,Colorado,Denver,Technology,Laptops,1231.65,1,0.15,378.08
ORD-2025-13527,2025-08-07,2025-08-09,CUST-0649,PROD-0057,Central,Texas,Austin,Office Supplies,Appliances,45.0,1,0.0,21.65
ORD-2025-10471,2025-08-08,2025-08-10,CUST-0093,PROD-0012,West,California,Los Angeles,Technology,Accessories,59.0,1,0.0,35.3
ORD-2025-11490,2025-08-08,2025-08-13,CUST-0283,PROD-0009,South,Florida,Miami,Technology,Laptops,521.55,1,0.05,194.6
ORD-2025-12854,2025-08-08,2025-08-10,CUST-0518,PROD-0002,Central,Minnesota,Minneapolis,Technology,Phones,1708.1,2,0.05,660.45
ORD-2025-11138,2025-08-09,2025-08-12,CUST-0210,PROD-0025,Central,Texas,Austin,Furniture,Tables,2076.8,4,0.2,544.43
ORD-2025-11262,2025-08-09,2025-08-10,CUST-0236,PROD-0052,East,Pennsylvania,Pittsburgh,Office Supplies,Binders,19.0,1,0.0,7.43
ORD-2025-11461,2025-08-09,2025-08-16,CUST-0276,PROD-0033,West,Colorado,Denver,Furniture,Bookcases,169.0,1,0.0,78.31
ORD-2025-12644,2025-08-09,2025-08-11,CUST-0483,PROD-0036,Central,Texas,Austin,Furniture,Furnishings,98.0,2,0.0,48.17
ORD-2025-13887,2025-08-09,2025-08-12,CUST-0727,PROD-0056,West,Nevada,Las Vegas,Office Supplies,Appliances,366.4,2,0.2,133.62
ORD-2025-10957,2025-08-10,2025-08-12,CUST-0176,PROD-0038,Central,Texas,Dallas,Office Supplies,Storage,179.55,1,0.05,77.56
ORD-2025-14082,2025-08-10,2025-08-14,CUST-0762,PROD-0057,West,Arizona,Phoenix,Office Supplies,Appliances,135.0,3,0.0,65.63
ORD-2025-14109,2025-08-10,2025-08-12,CUST-0767,PROD-0044,Central,Illinois,Chicago,Office Supplies,Art,316.0,4,0.0,170.88
ORD-2025-14180,2025-08-10,2025-08-16,CUST-0785,PROD-0040,Central,Michigan,Detroit,Office Supplies,Storage,34.5,1,0.5,2.12
ORD-2025-10649,2025-08-11,2025-08-14,CUST-0125,PROD-0015,East,Pennsylvania,Pittsburgh,Technology,Accessories,89.0,1,0.0,50.02
ORD-2025-11077,2025-08-11,2025-08-14,CUST-0199,PROD-0048,South,Virginia,Richmond,Office Supplies,Paper,25.2,1,0.1,10.34
ORD-2025-12010,2025-08-11,2025-08-13,CUST-0381,PROD-0041,Central,Texas,Austin,Office Supplies,Storage,78.0,2,0.0,39.45
ORD-2025-12677,2025-08-11,2025-08-13,CUST-0489,PROD-0053,Central,Michigan,Detroit,Office Supplies,Binders,22.8,2,0.05,8.25
ORD-2025-12957,2025-08-11,2025-08-14,CUST-0543,PROD-0047,South,Tennessee,Nashville,Office Supplies,Paper,38.4,2,0.2,14.39
ORD-2025-13450,2025-08-11,2025-08-13,CUST-0638,PROD-0026,West,California,San Diego,Furniture,Tables,499.0,1,0.0,214.12
ORD-2025-10106,2025-08-12,2025-08-14,CUST-0024,PROD-0034,South,North Carolina,Charlotte,Furniture,Furnishings,123.5,2,0.05,59.92
ORD-2025-11426,2025-08-12,2025-08-15,CUST-0270,PROD-0006,Central,Texas,Houston,Technology,Laptops,6495.0,5,0.0,2720.01
ORD-2025-12589,2025-08-12,2025-08-16,CUST-0471,PROD-0011,South,Florida,Orlando,Technology,Accessories,516.0,4,0.0,320.75
ORD-2025-13675,2025-08-12,2025-08-14,CUST-0682,PROD-0048,East,New York,Buffalo,Office Supplies,Paper,140.0,5,0.0,52.53
ORD-2025-13785,2025-08-12,2025-08-16,CUST-0704,PROD-0033,West,California,San Diego,Furniture,Bookcases,405.6,3,0.2,137.44
ORD-2025-13822,2025-08-12,2025-08-15,CUST-0710,PROD-0048,Central,Illinois,Chicago,Office Supplies,Paper,28.0,1,0.0,11.08
ORD-2025-10114,2025-08-13,2025-08-14,CUST-0027,PROD-0050,West,California,Los Angeles,Office Supplies,Binders,35.7,1,0.15,14.96
ORD-2025-11167,2025-08-13,2025-08-16,CUST-0220,PROD-0054,Central,Illinois,Chicago,Office Supplies,Appliances,852.15,3,0.05,419.8
ORD-2025-11334,2025-08-13,2025-08-16,CUST-0252,PROD-0018,West,Colorado,Denver,Technology,Copiers & Printers,199.0,1,0.0,83.54
ORD-2025-11495,2025-08-13,2025-08-14,CUST-0286,PROD-0046,Central,Ohio,Columbus,Office Supplies,Paper,108.8,4,0.2,36.57
ORD-2025-11888,2025-08-13,2025-08-14,CUST-0354,PROD-0012,West,California,San Diego,Technology,Accessories,106.2,2,0.1,59.07
ORD-2025-10763,2025-08-14,2025-08-16,CUST-0146,PROD-0018,East,Pennsylvania,Philadelphia,Technology,Copiers & Printers,189.05,1,0.05,72.41
ORD-2025-12239,2025-08-14,2025-08-18,CUST-0413,PROD-0011,Central,Ohio,Columbus,Technology,Accessories,612.75,5,0.05,360.64
ORD-2025-12762,2025-08-14,2025-08-16,CUST-0504,PROD-0020,West,California,San Diego,Furniture,Chairs,3490.0,10,0.0,1847.74
ORD-2025-12837,2025-08-14,2025-08-17,CUST-0517,PROD-0011,South,Georgia,Atlanta,Technology,Accessories,1161.0,10,0.1,641.39
ORD-2025-13925,2025-08-14,2025-08-16,CUST-0735,PROD-0051,South,Florida,Miami,Office Supplies,Binders,18.0,1,0.0,6.66
ORD-2025-10115,2025-08-15,2025-08-18,CUST-0027,PROD-0021,West,California,Los Angeles,Furniture,Chairs,798.0,2,0.0,407.98
ORD-2025-10245,2025-08-15,2025-08-17,CUST-0056,PROD-0035,West,Washington,Seattle,Furniture,Furnishings,71.25,1,0.05,34.49
ORD-2025-11071,2025-08-15,2025-08-16,CUST-0198,PROD-0049,Central,Michigan,Detroit,Office Supplies,Paper,22.0,1,0.0,7.52
ORD-2025-11657,2025-08-15,2025-08-17,CUST-0316,PROD-0052,West,California,San Jose,Office Supplies,Binders,16.15,1,0.15,3.69
ORD-2025-12963,2025-08-15,2025-08-18,CUST-0544,PROD-0018,South,Florida,Orlando,Technology,Copiers & Printers,378.1,2,0.05,151.58
ORD-2025-13512,2025-08-15,2025-08-17,CUST-0646,PROD-0036,East,Pennsylvania,Philadelphia,Furniture,Furnishings,88.2,2,0.1,36.73
ORD-2025-14097,2025-08-15,2025-08-16,CUST-0764,PROD-0023,East,Pennsylvania,Philadelphia,Furniture,Chairs,498.0,2,0.0,246.81
ORD-2025-10201,2025-08-16,2025-08-18,CUST-0046,PROD-0034,West,Arizona,Phoenix,Furniture,Furnishings,130.0,2,0.0,66.66
ORD-2025-10458,2025-08-16,2025-08-19,CUST-0089,PROD-0012,Central,Michigan,Detroit,Technology,Accessories,56.05,1,0.05,33.1
ORD-2025-11770,2025-08-16,2025-08-19,CUST-0334,PROD-0011,Central,Minnesota,Minneapolis,Technology,Accessories,109.65,1,0.15,58.53
ORD-2025-12031,2025-08-16,2025-08-19,CUST-0383,PROD-0039,South,North Carolina,Charlotte,Office Supplies,Storage,64.0,2,0.0,26.32
ORD-2025-12291,2025-08-16,2025-08-18,CUST-0421,PROD-0058,Central,Texas,Houston,Office Supplies,Fasteners,27.55,1,0.05,9.31
ORD-2025-13448,2025-08-16,2025-08-20,CUST-0637,PROD-0036,South,Tennessee,Nashville,Furniture,Furnishings,196.0,4,0.0,98.22
ORD-2025-12112,2025-08-17,2025-08-20,CUST-0394,PROD-0007,Central,Ohio,Cleveland,Technology,Laptops,1998.0,2,0.0,831.42
ORD-2025-12398,2025-08-17,2025-08-22,CUST-0437,PROD-0006,Central,Minnesota,Minneapolis,Technology,Laptops,1234.05,1,0.05,479.35
ORD-2025-13392,2025-08-17,2025-08-18,CUST-0625,PROD-0001,West,Washington,Seattle,Technology,Phones,2157.3,3,0.1,796.02
ORD-2025-13951,2025-08-17,2025-08-19,CUST-0742,PROD-0046,West,California,San Jose,Office Supplies,Paper,20.4,1,0.4,0.61
ORD-2025-10171,2025-08-18,2025-08-19,CUST-0035,PROD-0018,East,Pennsylvania,Philadelphia,Technology,Copiers & Printers,159.2,1,0.2,43.96
ORD-2025-11494,2025-08-18,2025-08-19,CUST-0286,PROD-0018,Central,Ohio,Columbus,Technology,Copiers & Printers,199.0,1,0.0,82.23
ORD-2025-12575,2025-08-18,2025-08-21,CUST-0468,PROD-0037,East,Massachusetts,Boston,Furniture,Furnishings,357.0,2,0.15,169.85
ORD-2025-12719,2025-08-18,2025-08-19,CUST-0497,PROD-0012,West,California,San Francisco,Technology,Accessories,188.8,4,0.2,98.48
ORD-2025-14002,2025-08-18,2025-08-22,CUST-0749,PROD-0042,Central,Ohio,Columbus,Office Supplies,Art,88.2,2,0.1,40.58
ORD-2025-14379,2025-08-18,2025-08-21,CUST-0834,PROD-0055,West,California,San Diego,Office Supplies,Appliances,139.0,1,0.0,67.92
ORD-2025-14440,2025-08-18,2025-08-19,CUST-0846,PROD-0059,East,Pennsylvania,Pittsburgh,Office Supplies,Fasteners,22.0,2,0.0,0.04
ORD-2025-14465,2025-08-18,2025-08-21,CUST-0849,PROD-0029,South,Florida,Orlando,Furniture,Tables,1276.0,4,0.0,535.68
ORD-2025-10863,2025-08-19,2025-08-26,CUST-0161,PROD-0040,East,New York,Buffalo,Office Supplies,Storage,96.6,2,0.3,32.65
ORD-2025-11395,2025-08-19,2025-08-26,CUST-0263,PROD-0060,West,California,San Francisco,Office Supplies,Fasteners,14.0,1,0.0,3.54
ORD-2025-14011,2025-08-19,2025-08-20,CUST-0752,PROD-0045,Central,Texas,Houston,Office Supplies,Art,198.0,3,0.4,45.68
ORD-2025-14044,2025-08-19,2025-08-21,CUST-0758,PROD-0056,Central,Ohio,Cleveland,Office Supplies,Appliances,687.0,3,0.0,336.16
ORD-2025-14094,2025-08-19,2025-08-22,CUST-0764,PROD-0030,East,Pennsylvania,Philadelphia,Furniture,Bookcases,91.6,1,0.6,-23.08
ORD-2025-11162,2025-08-20,2025-08-25,CUST-0217,PROD-0049,Central,Ohio,Cleveland,Office Supplies,Paper,39.6,2,0.1,17.31
ORD-2025-11603,2025-08-20,2025-08-24,CUST-0308,PROD-0004,Central,Texas,Dallas,Technology,Phones,2198.0,2,0.0,830.9
ORD-2025-11881,2025-08-20,2025-08-22,CUST-0354,PROD-0023,West,California,San Diego,Furniture,Chairs,249.0,1,0.0,124.5
ORD-2025-12893,2025-08-20,2025-08-22,CUST-0525,PROD-0026,West,Washington,Spokane,Furniture,Tables,1397.2,4,0.3,262.12
ORD-2025-14111,2025-08-20,2025-08-25,CUST-0767,PROD-0032,Central,Illinois,Chicago,Furniture,Bookcases,1355.75,5,0.15,525.97
ORD-2025-10364,2025-08-21,2025-08-24,CUST-0077,PROD-0042,East,New York,Buffalo,Office Supplies,Art,44.1,1,0.1,23.02
ORD-2025-11839,2025-08-21,2025-08-23,CUST-0345,PROD-0025,Central,Ohio,Cleveland,Furniture,Tables,1557.6,3,0.2,404.32
ORD-2025-12414,2025-08-21,2025-08-24,CUST-0442,PROD-0038,East,Massachusetts,Boston,Office Supplies,Storage,189.0,1,0.0,88.2
ORD-2025-12576,2025-08-21,2025-08-25,CUST-0469,PROD-0004,East,New York,Buffalo,Technology,Phones,4945.5,5,0.1,1510.73
ORD-2025-13906,2025-08-21,2025-08-24,CUST-0732,PROD-0041,West,Oregon,Portland,Office Supplies,Storage,70.2,2,0.1,27.52
ORD-2025-11639,2025-08-22,2025-08-23,CUST-0312,PROD-0014,Central,Texas,Dallas,Technology,Accessories,596.0,4,0.0,360.49
ORD-2025-12598,2025-08-22,2025-08-24,CUST-0473,PROD-0058,West,Nevada,Las Vegas,Office Supplies,Fasteners,27.55,1,0.05,10.96
ORD-2025-10268,2025-08-23,2025-08-25,CUST-0062,PROD-0045,East,Pennsylvania,Pittsburgh,Office Supplies,Art,220.0,2,0.0,117.88
ORD-2025-10446,2025-08-23,2025-08-27,CUST-0088,PROD-0017,East,Pennsylvania,Philadelphia,Technology,Copiers & Printers,1398.0,2,0.0,631.33
ORD-2025-11155,2025-08-23,2025-08-25,CUST-0215,PROD-0025,East,Pennsylvania,Philadelphia,Furniture,Tables,649.0,1,0.0,264.05
ORD-2025-11285,2025-08-23,2025-08-28,CUST-0240,PROD-0003,West,Nevada,Las Vegas,Technology,Phones,1137.15,3,0.05,458.81
ORD-2025-11364,2025-08-23,2025-08-25,CUST-0257,PROD-0011,Central,Ohio,Cleveland,Technology,Accessories,122.55,1,0.05,73.17
ORD-2025-12713,2025-08-23,2025-08-25,CUST-0497,PROD-0055,West,California,San Francisco,Office Supplies,Appliances,278.0,2,0.0,135.12
ORD-2025-13052,2025-08-23,2025-08-26,CUST-0564,PROD-0001,South,North Carolina,Charlotte,Technology,Phones,1598.0,2,0.0,688.75
ORD-2025-10129,2025-08-24,2025-08-26,CUST-0028,PROD-0033,West,Oregon,Portland,Furniture,Bookcases,169.0,1,0.0,79.97
ORD-2025-13001,2025-08-24,2025-08-25,CUST-0553,PROD-0017,Central,Ohio,Columbus,Technology,Copiers & Printers,524.25,1,0.25,140.94
ORD-2025-13119,2025-08-24,2025-08-28,CUST-0577,PROD-0060,Central,Texas,Houston,Office Supplies,Fasteners,25.2,2,0.1,2.31
ORD-2025-10075,2025-08-25,2025-08-27,CUST-0016,PROD-0042,East,Massachusetts,Boston,Office Supplies,Art,39.2,1,0.2,15.08
ORD-2025-10162,2025-08-25,2025-08-28,CUST-0035,PROD-0014,East,Pennsylvania,Philadelphia,Technology,Accessories,298.0,2,0.0,174.67
ORD-2025-10260,2025-08-25,2025-08-28,CUST-0061,PROD-0051,West,Washington,Seattle,Office Supplies,Binders,90.0,5,0.0,44.55
ORD-2025-11807,2025-08-25,2025-08-26,CUST-0341,PROD-0030,South,Tennessee,Nashville,Furniture,Bookcases,458.0,2,0.0,229.88
ORD-2025-12550,2025-08-25,2025-08-30,CUST-0465,PROD-0043,East,Massachusetts,Boston,Office Supplies,Art,50.15,1,0.15,20.53
ORD-2025-13569,2025-08-25,2025-08-26,CUST-0658,PROD-0042,Central,Ohio,Columbus,Office Supplies,Art,49.0,1,0.0,27.0
ORD-2025-14338,2025-08-25,2025-08-26,CUST-0823,PROD-0030,West,California,San Jose,Furniture,Bookcases,229.0,1,0.0,113.84
ORD-2025-11061,2025-08-26,2025-08-30,CUST-0196,PROD-0021,West,Nevada,Las Vegas,Furniture,Chairs,798.0,2,0.0,404.93
ORD-2025-13206,2025-08-26,2025-08-28,CUST-0594,PROD-0021,Central,Texas,Dallas,Furniture,Chairs,399.0,1,0.0,203.99
ORD-2025-14045,2025-08-26,2025-08-30,CUST-0758,PROD-0033,Central,Ohio,Cleveland,Furniture,Bookcases,202.8,2,0.4,20.32
ORD-2025-10637,2025-08-27,2025-08-30,CUST-0125,PROD-0035,East,Pennsylvania,Pittsburgh,Furniture,Furnishings,75.0,1,0.0,39.36
ORD-2025-11019,2025-08-27,2025-08-31,CUST-0191,PROD-0027,Central,Texas,San Antonio,Furniture,Tables,132.05,1,0.05,52.48
ORD-2025-11119,2025-08-27,2025-08-30,CUST-0207,PROD-0056,West,California,Los Angeles,Office Supplies,Appliances,183.2,1,0.2,68.28
ORD-2025-11929,2025-08-27,2025-09-01,CUST-0362,PROD-0010,Central,Texas,San Antonio,Technology,Laptops,2463.3,2,0.15,755.96
ORD-2025-12332,2025-08-27,2025-08-30,CUST-0426,PROD-0047,West,Washington,Spokane,Office Supplies,Paper,45.6,2,0.05,20.46
ORD-2025-12569,2025-08-27,2025-08-28,CUST-0468,PROD-0007,East,Massachusetts,Boston,Technology,Laptops,799.2,1,0.2,213.9
ORD-2025-13554,2025-08-27,2025-08-28,CUST-0653,PROD-0013,West,Arizona,Phoenix,Technology,Accessories,414.0,6,0.0,262.82
ORD-2025-10472,2025-08-28,2025-08-31,CUST-0093,PROD-0034,West,California,Los Angeles,Furniture,Furnishings,117.0,2,0.1,53.82
ORD-2025-11644,2025-08-28,2025-08-29,CUST-0314,PROD-0052,Central,Texas,Dallas,Office Supplies,Binders,34.2,2,0.1,6.2
ORD-2025-12415,2025-08-28,2025-08-29,CUST-0442,PROD-0017,East,Massachusetts,Boston,Technology,Copiers & Printers,1188.3,2,0.15,421.65
ORD-2025-12436,2025-08-28,2025-08-31,CUST-0449,PROD-0016,West,California,San Jose,Technology,Copiers & Printers,4842.15,3,0.05,2129.03
ORD-2025-12472,2025-08-28,2025-08-29,CUST-0455,PROD-0040,South,Florida,Orlando,Office Supplies,Storage,65.55,1,0.05,33.8
ORD-2025-12700,2025-08-28,2025-08-30,CUST-0493,PROD-0055,West,California,San Jose,Office Supplies,Appliances,528.2,4,0.05,252.4
ORD-2025-12791,2025-08-28,2025-08-29,CUST-0511,PROD-0045,East,Pennsylvania,Pittsburgh,Office Supplies,Art,220.0,2,0.0,121.46
ORD-2025-13020,2025-08-28,2025-08-30,CUST-0556,PROD-0050,East,New York,New York City,Office Supplies,Binders,71.4,2,0.15,26.91
ORD-2025-13182,2025-08-28,2025-08-29,CUST-0589,PROD-0032,Central,Minnesota,Minneapolis,Furniture,Bookcases,271.15,1,0.15,104.3
ORD-2025-10320,2025-08-29,2025-08-31,CUST-0070,PROD-0054,Central,Illinois,Chicago,Office Supplies,Appliances,299.0,1,0.0,152.33
ORD-2025-10719,2025-08-29,2025-09-01,CUST-0138,PROD-0037,South,Virginia,Richmond,Furniture,Furnishings,189.0,1,0.1,92.85
ORD-2025-11314,2025-08-29,2025-09-03,CUST-0246,PROD-0044,West,California,San Diego,Office Supplies,Art,158.0,2,0.0,86.44
ORD-2025-11798,2025-08-29,2025-09-01,CUST-0338,PROD-0016,West,Arizona,Phoenix,Technology,Copiers & Printers,1444.15,1,0.15,538.26
ORD-2025-11827,2025-08-29,2025-09-05,CUST-0343,PROD-0013,South,Florida,Tampa,Technology,Accessories,51.75,1,0.25,25.94
ORD-2025-14300,2025-08-29,2025-08-30,CUST-0816,PROD-0031,Central,Texas,San Antonio,Furniture,Bookcases,297.0,3,0.0,149.01
ORD-2025-10331,2025-08-30,2025-09-02,CUST-0071,PROD-0006,South,Florida,Tampa,Technology,Laptops,1299.0,1,0.0,544.71
ORD-2025-12131,2025-08-30,2025-08-31,CUST-0397,PROD-0009,West,Oregon,Portland,Technology,Laptops,549.0,1,0.0,224.72
ORD-2025-13455,2025-08-30,2025-09-01,CUST-0638,PROD-0005,West,California,San Diego,Technology,Phones,1900.0,2,0.0,691.86
ORD-2025-10714,2025-08-31,2025-09-03,CUST-0138,PROD-0045,South,Virginia,Richmond,Office Supplies,Art,209.0,2,0.05,110.68
ORD-2025-11693,2025-08-31,2025-09-04,CUST-0320,PROD-0027,Central,Ohio,Columbus,Furniture,Tables,55.6,1,0.6,-23.62
ORD-2025-12800,2025-08-31,2025-09-06,CUST-0513,PROD-0038,Central,Minnesota,Minneapolis,Office Supplies,Storage,170.1,1,0.1,70.58
ORD-2025-14012,2025-08-31,2025-09-01,CUST-0753,PROD-0032,West,California,Los Angeles,Furniture,Bookcases,3190.0,10,0.0,1522.25
ORD-2025-10007,2025-09-01,2025-09-03,CUST-0002,PROD-0060,West,Washington,Spokane,Office Supplies,Fasteners,14.0,1,0.0,4.71
ORD-2025-11340,2025-09-01,2025-09-04,CUST-0254,PROD-0018,West,Oregon,Portland,Technology,Copiers & Printers,537.3,3,0.1,195.63
ORD-2025-11437,2025-09-01,2025-09-04,CUST-0273,PROD-0026,South,Virginia,Richmond,Furniture,Tables,349.3,1,0.3,66.21
ORD-2025-14249,2025-09-01,2025-09-03,CUST-0804,PROD-0053,West,Oregon,Portland,Office Supplies,Binders,12.0,1,0.0,1.4
ORD-2025-11057,2025-09-02,2025-09-06,CUST-0195,PROD-0045,South,Georgia,Atlanta,Office Supplies,Art,110.0,1,0.0,60.71
ORD-2025-11429,2025-09-02,2025-09-04,CUST-0270,PROD-0032,Central,Texas,Houston,Furniture,Bookcases,1084.6,4,0.15,429.77
ORD-2025-11803,2025-09-02,2025-09-07,CUST-0340,PROD-0042,Central,Texas,San Antonio,Office Supplies,Art,49.0,1,0.0,24.31
ORD-2025-13413,2025-09-02,2025-09-05,CUST-0627,PROD-0004,West,Colorado,Denver,Technology,Phones,5495.0,5,0.0,2076.88
ORD-2025-13843,2025-09-02,2025-09-05,CUST-0715,PROD-0041,South,Florida,Miami,Office Supplies,Storage,23.4,1,0.4,2.81
ORD-2025-13957,2025-09-02,2025-09-08,CUST-0743,PROD-0001,South,Florida,Miami,Technology,Phones,799.0,1,0.0,345.91
ORD-2025-14195,2025-09-02,2025-09-04,CUST-0788,PROD-0025,West,Arizona,Phoenix,Furniture,Tables,2336.4,4,0.1,793.25
ORD-2025-10744,2025-09-03,2025-09-04,CUST-0143,PROD-0023,East,New Jersey,Newark,Furniture,Chairs,896.4,4,0.1,394.45
ORD-2025-11410,2025-09-03,2025-09-04,CUST-0267,PROD-0022,South,Florida,Orlando,Furniture,Chairs,438.0,2,0.0,241.46
ORD-2025-12552,2025-09-03,2025-09-04,CUST-0465,PROD-0051,East,Massachusetts,Boston,Office Supplies,Binders,64.8,4,0.1,19.69
ORD-2025-14320,2025-09-03,2025-09-04,CUST-0820,PROD-0009,West,California,San Jose,Technology,Laptops,521.55,1,0.05,196.63
ORD-2025-10464,2025-09-04,2025-09-08,CUST-0090,PROD-0055,Central,Texas,Austin,Office Supplies,Appliances,139.0,1,0.0,67.4
ORD-2025-10686,2025-09-04,2025-09-06,CUST-0133,PROD-0053,Central,Ohio,Cleveland,Office Supplies,Binders,48.0,4,0.0,16.71
ORD-2025-11303,2025-09-04,2025-09-05,CUST-0244,PROD-0043,West,Washington,Seattle,Office Supplies,Art,53.1,1,0.1,24.57
ORD-2025-11321,2025-09-04,2025-09-09,CUST-0249,PROD-0005,West,Washington,Spokane,Technology,Phones,950.0,1,0.0,346.63
ORD-2025-11876,2025-09-04,2025-09-07,CUST-0353,PROD-0053,West,Washington,Seattle,Office Supplies,Binders,10.2,1,0.15,0.99
ORD-2025-12813,2025-09-04,2025-09-06,CUST-0514,PROD-0017,West,Arizona,Phoenix,Technology,Copiers & Printers,699.0,1,0.0,315.42
ORD-2025-12951,2025-09-04,2025-09-06,CUST-0541,PROD-0054,West,Arizona,Phoenix,Office Supplies,Appliances,598.0,2,0.0,308.08
ORD-2025-14351,2025-09-04,2025-09-07,CUST-0826,PROD-0035,West,Colorado,Denver,Furniture,Furnishings,300.0,4,0.0,163.83
ORD-2025-10758,2025-09-05,2025-09-08,CUST-0146,PROD-0057,East,Pennsylvania,Philadelphia,Office Supplies,Appliances,45.0,1,0.0,21.57
ORD-2025-11073,2025-09-05,2025-09-06,CUST-0199,PROD-0045,South,Virginia,Richmond,Office Supplies,Art,88.0,1,0.2,37.96
ORD-2025-12158,2025-09-05,2025-09-06,CUST-0400,PROD-0003,South,Tennessee,Nashville,Technology,Phones,1197.0,3,0.0,519.7
ORD-2025-12224,2025-09-05,2025-09-07,CUST-0412,PROD-0056,East,New York,Buffalo,Office Supplies,Appliances,687.0,3,0.0,337.35
ORD-2025-12484,2025-09-05,2025-09-07,CUST-0456,PROD-0006,Central,Minnesota,Minneapolis,Technology,Laptops,6495.0,5,0.0,2725.7
ORD-2025-14414,2025-09-05,2025-09-09,CUST-0841,PROD-0007,East,New York,Buffalo,Technology,Laptops,899.1,1,0.1,313.48
ORD-2025-10049,2025-09-06,2025-09-09,CUST-0009,PROD-0048,Central,Minnesota,Minneapolis,Office Supplies,Paper,23.8,1,0.15,9.32
ORD-2025-10272,2025-09-06,2025-09-09,CUST-0062,PROD-0024,East ,Pennsylvania,Pittsburgh,Furniture,Chairs,284.05,1,0.05,137.76
ORD-2025-12122,2025-09-06,2025-09-11,CUST-0396,PROD-0001,South,Georgia,Atlanta,Technology,Phones,759.05,1,0.05,304.91
ORD-2025-13174,2025-09-06,2025-09-11,CUST-0588,PROD-0024,South,Florida,Miami,Furniture,Chairs,538.2,2,0.1,245.38
ORD-2025-13786,2025-09-06,2025-09-08,CUST-0704,PROD-0052,West,California,San Diego,Office Supplies,Binders,36.1,2,0.05,8.43
ORD-2025-14057,2025-09-06,2025-09-08,CUST-0758,PROD-0021,Central,Ohio,Cleveland,Furniture,Chairs,1197.0,3,0.0,613.87
ORD-2025-10136,2025-09-07,2025-09-10,CUST-0029,PROD-0015,West,Nevada,Las Vegas,Technology,Accessories,178.0,2,0.0,96.49
ORD-2025-10837,2025-09-07,2025-09-11,CUST-0157,PROD-0017,East,Massachusetts,Boston,Technology,Copiers & Printers,699.0,1,0.0,312.31
ORD-2025-12035,2025-09-07,2025-09-09,CUST-0384,PROD-0041,Central,Texas,San Antonio,Office Supplies,Storage,31.2,1,0.2,13.05
ORD-2025-12269,2025-09-07,2025-09-10,CUST-0418,PROD-0009,South,Florida,Miami,Technology,Laptops,1564.65,3,0.05,586.53
ORD-2025-10117,2025-09-08,2025-09-10,CUST-0027,PROD-0031,West,California,Los Angeles,Furniture,Bookcases,198.0,2,0.0,98.81
ORD-2025-10652,2025-09-08,2025-09-10,CUST-0126,PROD-0002,East,New York,New York City,Technology,Phones,899.0,1,0.0,373.5
ORD-2025-11311,2025-09-08,2025-09-09,CUST-0245,PROD-0024,West,Oregon,Portland,Furniture,Chairs,299.0,1,0.0,155.93
ORD-2025-12485,2025-09-08,2025-09-10,CUST-0456,PROD-0043,Central,Minnesota,Minneapolis,Office Supplies,Art,168.15,3,0.05,77.46
ORD-2025-13205,2025-09-08,2025-09-11,CUST-0594,PROD-0040,Central,Texas,Dallas,Office Supplies,Storage,138.0,2,0.0,74.76
ORD-2025-13478,2025-09-08,2025-09-11,CUST-0641,PROD-0025,West,California,San Jose,Furniture,Tables,3082.75,5,0.05,1152.85
ORD-2025-14325,2025-09-08,2025-09-11,CUST-0821,PROD-0058,South,Tennessee,Nashville,Office Supplies,Fasteners,55.1,2,0.05,19.6
ORD-2025-10509,2025-09-09,2025-09-12,CUST-0098,PROD-0053,South,Tennessee,Nashville,Office Supplies,Binders,11.4,1,0.05,0.91
ORD-2025-11557,2025-09-09,2025-09-11,CUST-0299,PROD-0024,Central,Ohio,Cleveland,Furniture,Chairs,284.05,1,0.05,137.93
ORD-2025-13154,2025-09-09,2025-09-14,CUST-0585,PROD-0053,Central,Texas,Houston,Office Supplies,Binders,24.0,2,0.0,6.42
ORD-2025-13189,2025-09-09,2025-09-13,CUST-0590,PROD-0012,Central,Texas,Houston,Technology,Accessories,53.1,1,0.1,28.73
ORD-2025-14272,2025-09-09,2025-09-10,CUST-0810,PROD-0035,South,Tennessee,Nashville,Furniture,Furnishings,285.0,4,0.05,143.33
ORD-2025-14432,2025-09-09,2025-09-12,CUST-0845,PROD-0042,Central,Texas,Austin,Office Supplies,Art,93.1,2,0.05,44.0
ORD-2025-10356,2025-09-10,2025-09-12,CUST-0075,PROD-0031,Central,Ohio,Columbus,Furniture,Bookcases,178.2,2,0.1,76.94
ORD-2025-10367,2025-09-10,2025-09-12,CUST-0078,PROD-0004,Central,Michigan,Detroit,Technology,Phones,10990.0,10,0.0,4149.57
ORD-2025-10900,2025-09-10,2025-09-12,CUST-0165,PROD-0005,East,Massachusetts,Boston,Technology,Phones,2707.5,3,0.05,897.37
ORD-2025-11574,2025-09-10,2025-09-12,CUST-0302,PROD-0051,West,Nevada,Las Vegas,Office Supplies,Binders,50.4,4,0.3,1.33
ORD-2025-12623,2025-09-10,2025-09-12,CUST-0478,PROD-0026,East,Pennsylvania,Philadelphia,Furniture,Tables,848.3,2,0.15,276.51
ORD-2025-10494,2025-09-11,2025-09-15,CUST-0096,PROD-0017,Central,Michigan,Detroit,Technology,Copiers & Printers,1887.3,3,0.1,734.12
ORD-2025-10530,2025-09-11,2025-09-14,CUST-0105,PROD-0024,East,New Jersey,Newark,Furniture,Chairs,299.0,1,0.0,155.51
ORD-2025-14119,2025-09-11,2025-09-13,CUST-0768,PROD-0017,Central,Michigan,Detroit,Technology,Copiers & Printers,699.0,1,0.0,315.49
ORD-2025-10573,2025-09-12,2025-09-15,CUST-0112,PROD-0059,Central,Minnesota,Minneapolis,Office Supplies,Fasteners,10.45,1,0.05,1.35
ORD-2025-11765,2025-09-12,2025-09-14,CUST-0332,PROD-0018,West,Washington,Spokane,Technology,Copiers & Printers,179.1,1,0.1,62.74
ORD-2025-11468,2025-09-13,2025-09-16,CUST-0277,PROD-0003,Central,Minnesota,Minneapolis,Technology,Phones,299.25,1,0.25,72.33
ORD-2025-11864,2025-09-13,2025-09-15,CUST-0350,PROD-0042,Central,Ohio,Columbus,Office Supplies,Art,49.0,1,0.0,24.95
ORD-2025-13811,2025-09-13,2025-09-17,CUST-0709,PROD-0050,East,Pennsylvania,Philadelphia,Office Supplies,Binders,199.5,5,0.05,102.03
ORD-2025-14226,2025-09-13,2025-09-14,CUST-0795,PROD-0020,Central,Texas,Houston,Furniture,Chairs,296.65,1,0.15,132.3
ORD-2025-14378,2025-09-13,2025-09-15,CUST-0833,PROD-0047,Central,Texas,Dallas,Office Supplies,Paper,22.8,1,0.05,7.89
ORD-2025-10769,2025-09-14,2025-09-15,CUST-0146,PROD-0033,East,Pennsylvania,Philadelphia,Furniture,Bookcases,405.6,4,0.4,39.13
ORD-2025-11114,2025-09-14,2025-09-15,CUST-0207,PROD-0051,West,California,Los Angeles,Office Supplies,Binders,17.1,1,0.05,7.04
ORD-2025-11728,2025-09-14,2025-09-16,CUST-0326,PROD-0038,West,Nevada,Las Vegas,Office Supplies,Storage,359.1,2,0.05,160.09
ORD-2025-13815,2025-09-14,2025-09-15,CUST-0709,PROD-0035,East,Pennsylvania,Philadelphia,Furniture,Furnishings,255.0,4,0.15,114.54
ORD-2025-10532,2025-09-15,2025-09-18,CUST-0105,PROD-0028,East,New Jersey,Newark,Furniture,Tables,799.0,1,0.0,344.7
ORD-2025-11608,2025-09-15,2025-09-17,CUST-0309,PROD-0054,West,California,San Diego,Office Supplies,Appliances,598.0,2,0.0,306.95
ORD-2025-12827,2025-09-15,2025-09-16,CUST-0516,PROD-0057,South,Florida,Miami,Office Supplies,Appliances,45.0,1,0.0,21.78
ORD-2025-12976,2025-09-15,2025-09-17,CUST-0548,PROD-0028,West,Oregon,Portland,Furniture,Tables,2037.45,3,0.15,670.57
ORD-2025-13021,2025-09-15,2025-09-18,CUST-0556,PROD-0033,East,New York,New York City,Furniture,Bookcases,304.2,2,0.1,126.64
ORD-2025-13592,2025-09-15,2025-09-17,CUST-0663,PROD-0034,South,Florida,Miami,Furniture,Furnishings,123.5,2,0.05,62.35
ORD-2025-13684,2025-09-15,2025-09-21,CUST-0683,PROD-0008,Central,Ohio,Columbus,Technology,Laptops,3798.0,2,0.0,1587.48
ORD-2025-14088,2025-09-15,2025-09-18,CUST-0764,PROD-0029,East,Pennsylvania,Philadelphia,Furniture,Tables,319.0,1,0.0,132.73
ORD-2025-10628,2025-09-16,2025-09-19,CUST-0124,PROD-0006,West,Nevada,Las Vegas,Technology,Laptops,1299.0,1,0.0,545.67
ORD-2025-11726,2025-09-16,2025-09-20,CUST-0326,PROD-0033,West,Nevada,Las Vegas,Furniture,Bookcases,152.1,1,0.1,60.65
ORD-2025-12402,2025-09-16,2025-09-19,CUST-0438,PROD-0012,Central,Texas,Austin,Technology,Accessories,168.15,3,0.05,103.04
ORD-2025-12898,2025-09-16,2025-09-19,CUST-0526,PROD-0046,West,California,Los Angeles,Office Supplies,Paper,34.0,1,0.0,15.48
ORD-2025-12944,2025-09-16,2025-09-21,CUST-0539,PROD-0034,West,California,San Francisco,Furniture,Furnishings,65.0,1,0.0,33.85
ORD-2025-13086,2025-09-16,2025-09-21,CUST-0568,PROD-0029,South,Virginia,Richmond,Furniture,Tables,191.4,1,0.4,6.38
ORD-2025-13191,2025-09-16,2025-09-18,CUST-0590,PROD-0016,Central,Texas,Houston,Technology,Copiers & Printers,3398.0,2,0.0,1591.39
ORD-2025-13475,2025-09-16,2025-09-17,CUST-0640,PROD-0030,West,Washington,Seattle,Furniture,Bookcases,229.0,1,0.0,114.53
ORD-2025-14359,2025-09-16,2025-09-19,CUST-0828,PROD-0050,West,Washington,Spokane,Office Supplies,Binders,42.0,1,0.0,20.69
ORD-2025-10461,2025-09-17,2025-09-20,CUST-0090,PROD-0031,Central,Texas,Austin,Furniture,Bookcases,84.15,1,0.15,34.91
ORD-2025-10919,2025-09-17,2025-09-19,CUST-0168,PROD-0028,South,Florida,Miami,Furniture,Tables,559.3,1,0.3,103.96
ORD-2025-11063,2025-09-17,2025-09-21,CUST-0196,PROD-0028,West,Nevada,Las Vegas,Furniture,Tables,1677.9,3,0.3,315.32
ORD-2025-11263,2025-09-17,2025-09-19,CUST-0236,PROD-0055,East,Pennsylvania,Pittsburgh,Office Supplies,Appliances,264.1,2,0.05,124.31
ORD-2025-13150,2025-09-17,2025-09-21,CUST-0585,PROD-0024,Central,Texas,Houston,Furniture,Chairs,598.0,2,0.0,305.22
ORD-2025-11150,2025-09-18,2025-09-20,CUST-0215,PROD-0009,East,Pennsylvania,Philadelphia,Technology,Laptops,521.55,1,0.05,197.08
ORD-2025-11154,2025-09-18,2025-09-20,CUST-0215,PROD-0052,East,Pennsylvania,Philadelphia,Office Supplies,Binders,19.0,1,0.0,5.02
ORD-2025-11372,2025-09-18,2025-09-21,CUST-0258,PROD-0020,Central,Michigan,Detroit,Furniture,Chairs,349.0,1,0.0,183.1
ORD-2025-12526,2025-09-18,2025-09-20,CUST-0462,PROD-0002,South,Florida,Orlando,Technology,Phones,899.0,1,0.0,373.29
ORD-2025-12649,2025-09-18,2025-09-20,CUST-0484,PROD-0034,South,North Carolina,Charlotte,Furniture,Furnishings,130.0,2,0.0,71.02
ORD-2025-13437,2025-09-18,2025-09-19,CUST-0634,PROD-0056,South,Virginia,Richmond,Office Supplies,Appliances,229.0,1,0.0,115.12
ORD-2025-14060,2025-09-18,2025-09-25,CUST-0759,PROD-0040,West,Oregon,Portland,Office Supplies,Storage,207.0,3,0.0,107.63
ORD-2025-10642,2025-09-19,2025-09-21,CUST-0125,PROD-0015,East,Pennsylvania,Pittsburgh,Technology,Accessories,178.0,2,0.0,96.73
ORD-2025-10743,2025-09-19,2025-09-21,CUST-0143,PROD-0036,East,New Jersey,Newark,Furniture,Furnishings,44.1,1,0.1,18.99
ORD-2025-11886,2025-09-19,2025-09-23,CUST-0354,PROD-0051,West,California,San Diego,Office Supplies,Binders,18.0,1,0.0,8.35
ORD-2025-11904,2025-09-19,2025-09-24,CUST-0358,PROD-0020,Central,Minnesota,Minneapolis,Furniture,Chairs,331.55,1,0.05,167.8
ORD-2025-12236,2025-09-19,2025-09-22,CUST-0412,PROD-0055,East,New York,Buffalo,Office Supplies,Appliances,389.2,4,0.3,108.88
ORD-2025-12442,2025-09-19,2025-09-22,CUST-0451,PROD-0018,South,Florida,Miami,Technology,Copiers & Printers,567.15,3,0.05,223.21
ORD-2025-13222,2025-09-19,2025-09-21,CUST-0596,PROD-0040,South,North Carolina,Charlotte,Office Supplies,Storage,372.6,6,0.1,174.11
ORD-2025-13338,2025-09-19,2025-09-21,CUST-0617,PROD-0031,West,Washington,Seattle,Furniture,Bookcases,198.0,2,0.0,99.24
ORD-2025-13763,2025-09-19,2025-09-22,CUST-0699,PROD-0026,East,New Jersey,Newark,Furniture,Tables,449.1,1,0.1,165.86
ORD-2025-14192,2025-09-19,2025-09-21,CUST-0788,PROD-0049,West,Arizona,Phoenix,Office Supplies,Paper,20.9,1,0.05,6.42
ORD-2025-14418,2025-09-19,2025-09-23,CUST-0841,PROD-0001,East,New York,Buffalo,Technology,Phones,2397.0,3,0.0,1032.59
ORD-2025-10368,2025-09-20,2025-09-21,CUST-0078,PROD-0028,Central,Michigan,Detroit,Furniture,Tables,799.0,1,0.0,343.75
ORD-2025-10664,2025-09-20,2025-09-22,CUST-0129,PROD-0014,East,New Jersey,Newark,Technology,Accessories,298.0,2,0.0,179.78
ORD-2025-11146,2025-09-20,2025-09-22,CUST-0213,PROD-0005,West,California,San Jose,Technology,Phones,950.0,1,0.0,346.79
ORD-2025-11317,2025-09-20,2025-09-22,CUST-0247,PROD-0015,West,California,San Francisco,Technology,Accessories,267.0,3,0.0,146.84
ORD-2025-12600,2025-09-20,2025-09-22,CUST-0473,PROD-0043,West,Nevada,Las Vegas,Office Supplies,Art,112.1,2,0.05,57.3
ORD-2025-10351,2025-09-21,2025-09-26,CUST-0073,PROD-0031,West,Nevada,Las Vegas,Furniture,Bookcases,39.6,1,0.6,-11.14
ORD-2025-10845,2025-09-21,2025-09-23,CUST-0158,PROD-0055,Central,Texas,Austin,Office Supplies,Appliances,139.0,1,0.0,70.02
ORD-2025-11439,2025-09-21,2025-09-24,CUST-0273,PROD-0026,South,Virginia,Richmond,Furniture,Tables,1347.3,3,0.1,489.42
ORD-2025-11823,2025-09-21,2025-09-24,CUST-0343,PROD-0027,South,Florida,Tampa,Furniture,Tables,111.2,2,0.6,-48.04
ORD-2025-12444,2025-09-21,2025-09-24,CUST-0452,PROD-0045,West,Washington,Seattle,Office Supplies,Art,110.0,1,0.0,59.08
ORD-2025-13277,2025-09-21,2025-09-23,CUST-0607,PROD-0008,West,Arizona,Phoenix,Technology,Laptops,4557.6,3,0.2,1242.58
ORD-2025-13329,2025-09-21,2025-09-22,CUST-0616,PROD-0022,East,New Jersey,Newark,Furniture,Chairs,208.05,1,0.05,106.42
ORD-2025-14423,2025-09-21,2025-09-28,CUST-0842,PROD-0003,Central,Texas,San Antonio,Technology,Phones,3032.4,8,0.05,1236.72
ORD-2025-10426,2025-09-22,2025-09-26,CUST-0086,PROD-0026,West,Colorado,Denver,Furniture,Tables,399.2,1,0.2,115.27
ORD-2025-10809,2025-09-22,2025-09-24,CUST-0152,PROD-0019,South,Tennessee,Nashville,Technology,Copiers & Printers,658.0,2,0.0,287.09
ORD-2025-12437,2025-09-22,2025-09-24,CUST-0449,PROD-0012,West,California,San Jose,Technology,Accessories,212.4,4,0.1,126.32
ORD-2025-10111,2025-09-23,2025-09-26,CUST-0026,PROD-0037,Central,Michigan,Detroit,Furniture,Furnishings,210.0,1,0.0,115.58
ORD-2025-10703,2025-09-23,2025-09-27,CUST-0136,PROD-0017,East,New Jersey,Newark,Technology,Copiers & Printers,664.05,1,0.05,279.85
ORD-2025-11324,2025-09-23,2025-09-25,CUST-0250,PROD-0037,Central,Texas,Houston,Furniture,Furnishings,441.0,3,0.3,161.72
ORD-2025-11347,2025-09-23,2025-09-25,CUST-0254,PROD-0051,West,Oregon,Portland,Office Supplies,Binders,15.3,1,0.15,5.46
ORD-2025-11772,2025-09-23,2025-09-25,CUST-0334,PROD-0031,Central,Minnesota,Minneapolis,Furniture,Bookcases,198.0,2,0.0,101.23
ORD-2025-12226,2025-09-23,2025-09-25,CUST-0412,PROD-0019,East,New York,Buffalo,Technology,Copiers & Printers,658.0,2,0.0,289.77
ORD-2025-13230,2025-09-23,2025-09-25,CUST-0597,PROD-0009,West,California,Los Angeles,Technology,Laptops,1043.1,2,0.05,391.89
ORD-2025-10330,2025-09-24,2025-09-28,CUST-0071,PROD-0002,South,Florida,Tampa,Technology,Phones,899.0,1,0.0,373.53
ORD-2025-10371,2025-09-24,2025-09-27,CUST-0078,PROD-0056,Central,Michigan,Detroit,Office Supplies,Appliances,229.0,1,0.0,113.09
ORD-2025-10713,2025-09-24,2025-09-27,CUST-0138,PROD-0008,South,Virginia,Richmond,Technology,Laptops,1804.05,1,0.05,700.31
ORD-2025-11570,2025-09-24,2025-09-26,CUST-0301,PROD-0006,West,Oregon,Portland,Technology,Laptops,1299.0,1,0.0,545.91
ORD-2025-13495,2025-09-24,2025-09-29,CUST-0643,PROD-0002,Central,Texas,Austin,Technology,Phones,3596.0,4,0.0,1502.69
ORD-2025-13687,2025-09-24,2025-09-28,CUST-0683,PROD-0009,Central ,Ohio,Columbus,Technology,Laptops,549.0,1,0.0,225.88
ORD-2025-13826,2025-09-24,2025-09-26,CUST-0711,PROD-0037,South,Florida,Miami,Furniture,Furnishings,294.0,2,0.3,106.31
ORD-2025-10581,2025-09-25,2025-10-01,CUST-0114,PROD-0012,East,Massachusetts,Boston,Technology,Accessories,59.0,1,0.0,35.37
ORD-2025-10819,2025-09-25,2025-09-28,CUST-0154,PROD-0014,West,Washington,Seattle,Technology,Accessories,633.25,5,0.15,326.58
ORD-2025-10853,2025-09-25,2025-09-28,CUST-0160,PROD-0043,East,Pennsylvania,Pittsburgh,Office Supplies,Art,53.1,1,0.1,24.89
ORD-2025-11793,2025-09-25,2025-09-28,CUST-0337,PROD-0040,East,New York,Buffalo,Office Supplies,Storage,62.1,1,0.1,28.81
ORD-2025-12312,2025-09-25,2025-09-27,CUST-0424,PROD-0056,East,New York,New York City,Office Supplies,Appliances,435.1,2,0.05,206.18
ORD-2025-12610,2025-09-25,2025-09-27,CUST-0475,PROD-0056,Central,Illinois,Chicago,Office Supplies,Appliances,217.55,1,0.05,103.2
ORD-2025-13625,2025-09-25,2025-09-29,CUST-0671,PROD-0025,East,New York,Buffalo,Furniture,Tables,2596.0,4,0.0,1059.0
ORD-2025-13820,2025-09-25,2025-09-29,CUST-0710,PROD-0040,Central,Illinois,Chicago,Office Supplies,Storage,62.1,1,0.1,29.71
ORD-2025-10057,2025-09-26,2025-09-30,CUST-0011,PROD-0049,East,Massachusetts,Boston,Office Supplies,Paper,19.8,1,0.1,6.07
ORD-2025-13828,2025-09-26,2025-09-29,CUST-0711,PROD-0036,South,Florida,Miami,Furniture,Furnishings,49.0,1,0.0,24.48
ORD-2025-14065,2025-09-26,2025-09-28,CUST-0759,PROD-0004,West,Oregon,Portland,Technology,Phones,1099.0,1,0.0,414.35
ORD-2025-10034,2025-09-27,2025-09-30,CUST-0007,PROD-0024,Central,Minnesota,Minneapolis,Furniture,Chairs,478.4,2,0.2,191.78
ORD-2025-10569,2025-09-27,2025-10-01,CUST-0111,PROD-0048,Central,Minnesota,Minneapolis,Office Supplies,Paper,79.8,3,0.05,33.34
ORD-2025-10630,2025-09-27,2025-10-01,CUST-0124,PROD-0011,West,Nevada,Las Vegas,Technology,Accessories,109.65,1,0.15,59.72
ORD-2025-12901,2025-09-27,2025-09-29,CUST-0527,PROD-0055,East,New Jersey,Newark,Office Supplies,Appliances,486.5,5,0.3,126.67
ORD-2025-13036,2025-09-27,2025-09-30,CUST-0561,PROD-0060,East,New York,Buffalo,Office Supplies,Fasteners,56.0,4,0.0,16.79
ORD-2025-13101,2025-09-27,2025-10-01,CUST-0572,PROD-0032,South,Virginia,Richmond,Furniture,Bookcases,382.8,2,0.4,52.1
ORD-2025-13139,2025-09-27,2025-10-02,CUST-0582,PROD-0051,South,Florida,Tampa,Office Supplies,Binders,17.1,1,0.05,5.35
ORD-2025-13626,2025-09-27,2025-09-30,CUST-0671,PROD-0021,East,New York,Buffalo,Furniture,Chairs,2713.2,8,0.15,1162.13
ORD-2025-14421,2025-09-27,2025-09-29,CUST-0842,PROD-0010,Central,Texas,San Antonio,Technology,Laptops,2898.0,2,0.0,1188.63
ORD-2025-10089,2025-09-28,2025-10-02,CUST-0020,PROD-0010,Central,Illinois,Chicago,Technology,Laptops,1304.1,1,0.1,450.81
ORD-2025-10877,2025-09-28,2025-09-29,CUST-0162,PROD-0037,South,Georgia,Atlanta,Furniture,Furnishings,420.0,2,0.0,229.17
ORD-2025-13997,2025-09-28,2025-09-30,CUST-0749,PROD-0037,Central,Ohio,Columbus,Furniture,Furnishings,1050.0,5,0.0,581.22
ORD-2025-14022,2025-09-28,2025-09-30,CUST-0753,PROD-0048,West,California,Los Angeles,Office Supplies,Paper,56.0,2,0.0,27.12
ORD-2025-14054,2025-09-28,2025-09-29,CUST-0758,PROD-0013,Central,Ohio,Cleveland,Technology,Accessories,58.65,1,0.15,33.46
ORD-2025-14245,2025-09-28,2025-09-30,CUST-0803,PROD-0002,East,Massachusetts,Boston,Technology,Phones,3596.0,4,0.0,1489.18
ORD-2025-14431,2025-09-28,2025-10-02,CUST-0845,PROD-0033,Central,Texas,Austin,Furniture,Bookcases,118.3,1,0.3,29.71
ORD-2025-10248,2025-09-29,2025-10-01,CUST-0056,PROD-0044,West,Washington,Seattle,Office Supplies,Art,335.75,5,0.15,141.93
ORD-2025-11241,2025-09-29,2025-09-30,CUST-0233,PROD-0058,South,Georgia,Atlanta,Office Supplies,Fasteners,29.0,1,0.0,13.31
ORD-2025-11344,2025-09-29,2025-10-01,CUST-0254,PROD-0042,West,Oregon,Portland,Office Supplies,Art,98.0,2,0.0,52.91
ORD-2025-12551,2025-09-29,2025-10-01,CUST-0465,PROD-0007,East,Massachusetts,Boston,Technology,Laptops,1998.0,2,0.0,831.7
ORD-2025-13099,2025-09-29,2025-09-30,CUST-0571,PROD-0045,South,Virginia,Richmond,Office Supplies,Art,352.0,4,0.2,157.98
ORD-2025-13408,2025-09-29,2025-09-30,CUST-0627,PROD-0040,West,Colorado,Denver,Office Supplies,Storage,207.0,3,0.0,113.07
ORD-2025-13879,2025-09-29,2025-10-02,CUST-0727,PROD-0010,West,Nevada,Las Vegas,Technology,Laptops,1449.0,1,0.0,594.1
ORD-2025-12013,2025-09-30,2025-10-02,CUST-0381,PROD-0032,Central,Texas,Austin,Furniture,Bookcases,255.2,1,0.2,90.68
ORD-2025-12533,2025-09-30,2025-10-04,CUST-0463,PROD-0057,West,Washington,Seattle,Office Supplies,Appliances,40.5,1,0.1,17.42
ORD-2025-13025,2025-09-30,2025-10-02,CUST-0557,PROD-0003,Central,Michigan,Detroit,Technology,Phones,798.0,2,0.0,344.24
ORD-2025-10982,2025-10-01,2025-10-02,CUST-0181,PROD-0022,West,Arizona,Phoenix,Furniture,Chairs,219.0,1,0.0,120.29
ORD-2025-11273,2025-10-01,2025-10-06,CUST-0239,PROD-0014,West,Nevada,Las Vegas,Technology,Accessories,804.6,6,0.1,451.94
ORD-2025-12228,2025-10-01,2025-10-04,CUST-0412,PROD-0022,East,New York,Buffalo,Furniture,Chairs,876.0,4,0.0,473.25
ORD-2025-13751,2025-10-01,2025-10-03,CUST-0696,PROD-0043,East,Massachusetts,Boston,Office Supplies,Art,59.0,1,0.0,28.62
ORD-2025-14043,2025-10-01,2025-10-06,CUST-0757,PROD-0040,South,Florida,Miami,Office Supplies,Storage,69.0,1,0.0,36.25
ORD-2025-10243,2025-10-02,2025-10-06,CUST-0055,PROD-0051,East,New York,New York City,Office Supplies,Binders,34.2,2,0.05,13.51
ORD-2025-10416,2025-10-02,2025-10-04,CUST-0086,PROD-0013,West,Colorado,Denver,Technology,Accessories,131.1,2,0.05,75.64
ORD-2025-10860,2025-10-02,2025-10-04,CUST-0160,PROD-0053,East,Pennsylvania,Pittsburgh,Office Supplies,Binders,38.4,4,0.2,-2.73
ORD-2025-10997,2025-10-02,2025-10-05,CUST-0185,PROD-0059,Central,Texas,Houston,Office Supplies,Fasteners,10.45,1,0.05,2.71
ORD-2025-11983,2025-10-02,2025-10-04,CUST-0374,PROD-0014,Central,Texas,Dallas,Technology,Accessories,298.0,2,0.0,176.15
ORD-2025-12153,2025-10-02,2025-10-04,CUST-0400,PROD-0037,South,Tennessee,Nashville,Furniture,Furnishings,178.5,1,0.15,85.18
ORD-2025-12814,2025-10-02,2025-10-07,CUST-0514,PROD-0006,West,Arizona,Phoenix,Technology,Laptops,2598.0,2,0.0,1086.39
ORD-2025-13042,2025-10-02,2025-10-09,CUST-0562,PROD-0028,Central,Illinois,Chicago,Furniture,Tables,1358.3,2,0.15,452.01
ORD-2025-13328,2025-10-02,2025-10-06,CUST-0616,PROD-0021,East,New Jersey,Newark,furniture,Chairs,379.05,1,0.05,182.25
ORD-2025-13510,2025-10-02,2025-10-06,CUST-0646,PROD-0052,East,Pennsylvania,Philadelphia,Office Supplies,Binders,38.0,2,0.0,11.48
ORD-2025-14234,2025-10-02,2025-10-09,CUST-0797,PROD-0038,West,Oregon,Portland,Office Supplies,Storage,897.75,5,0.05,389.68
ORD-2025-11101,2025-10-03,2025-10-04,CUST-0204,PROD-0045,East,New York,Buffalo,Office Supplies,Art,198.0,2,0.1,95.98
ORD-2025-11593,2025-10-03,2025-10-07,CUST-0305,PROD-0028,West,Washington,Spokane,Furniture,Tables,3196.0,5,0.2,920.32
ORD-2025-12807,2025-10-03,2025-10-05,CUST-0513,PROD-0019,Central,Minnesota,Minneapolis,Technology,Copiers & Printers,329.0,1,0.0,144.6
ORD-2025-13347,2025-10-03,2025-10-06,CUST-0617,PROD-0006,West,Washington,Seattle,Technology,Laptops,2468.1,2,0.05,955.32
ORD-2025-13491,2025-10-03,2025-10-07,CUST-0642,PROD-0014,South,Florida,Miami,Technology,Accessories,149.0,1,0.0,89.12
ORD-2025-14407,2025-10-03,2025-10-05,CUST-0838,PROD-0050,South,Georgia,Atlanta,Office Supplies,Binders,42.0,1,0.0,20.56
ORD-2025-10251,2025-10-04,2025-10-07,CUST-0058,PROD-0002,South,Florida,Orlando,Technology,Phones,899.0,1,0.0,372.51
ORD-2025-11624,2025-10-04,2025-10-06,CUST-0311,PROD-0046,West,California,San Diego,Office Supplies,Paper,102.0,3,0.0,45.33
ORD-2025-13325,2025-10-04,2025-10-06,CUST-0616,PROD-0051,East,New Jersey,Newark,Office Supplies,Binders,36.0,2,0.0,16.43
ORD-2025-14049,2025-10-04,2025-10-07,CUST-0758,PROD-0033,Central,Ohio,Cleveland,Furniture,Bookcases,84.5,1,0.5,-7.35
ORD-2025-10566,2025-10-05,2025-10-06,CUST-0110,PROD-0008,South,North Carolina,Charlotte,Technology,Laptops,1899.0,1,0.0,794.6
ORD-2025-10965,2025-10-05,2025-10-08,CUST-0178,PROD-0049,South,Florida,Miami,Office Supplies,Paper,22.0,1,0.0,8.17
ORD-2025-12106,2025-10-05,2025-10-08,CUST-0394,PROD-0016,Central,Ohio,Cleveland,Technology,Copiers & Printers,9174.6,6,0.1,3755.91
ORD-2025-12175,2025-10-05,2025-10-10,CUST-0403,PROD-0059,South,Virginia,Richmond,Office Supplies,Fasteners,11.0,1,0.0,0.89
ORD-2025-13963,2025-10-05,2025-10-08,CUST-0744,PROD-0044,West,California,San Francisco,Office Supplies,Art,55.3,1,0.3,18.36
ORD-2025-14279,2025-10-05,2025-10-06,CUST-0812,PROD-0057,South,Tennessee,Nashville,Office Supplies,Appliances,40.5,1,0.1,16.9
ORD-2025-11269,2025-10-06,2025-10-08,CUST-0238,PROD-0013,East,Pennsylvania,Pittsburgh,Technology,Accessories,293.25,5,0.15,167.78
ORD-2025-11855,2025-10-06,2025-10-09,CUST-0348,PROD-0020,Central,Texas,Austin,Furniture,Chairs,3490.0,10,0.0,1842.86
ORD-2025-12868,2025-10-06,2025-10-10,CUST-0520,PROD-0015,West,Nevada,Las Vegas,Technology,Accessories,80.1,1,0.1,38.96
ORD-2025-13300,2025-10-06,2025-10-10,CUST-0609,PROD-0053,East,New York,New York City,Office Supplies,Binders,120.0,10,0.0,23.94
ORD-2025-14194,2025-10-06,2025-10-07,CUST-0788,PROD-0006,West,Arizona,Phoenix,Technology,Laptops,1169.1,1,0.1,413.56
ORD-2025-14264,2025-10-06,2025-10-08,CUST-0807,PROD-0058,East,New York,New York City,Office Supplies,Fasteners,27.55,1,0.05,9.13
ORD-2025-14384,2025-10-06,2025-10-08,CUST-0834,PROD-0012,West,California,San Diego,Technology,Accessories,377.6,8,0.2,187.67
ORD-2025-10093,2025-10-07,2025-10-11,CUST-0021,PROD-0038,West,Arizona,Phoenix,Office Supplies,Storage,132.3,1,0.3,34.26
ORD-2025-11182,2025-10-07,2025-10-10,CUST-0224,PROD-0043,Central,Ohio,Cleveland,Office Supplies,Art,112.1,2,0.05,50.6
ORD-2025-12259,2025-10-07,2025-10-10,CUST-0417,PROD-0042,Central,Texas,Houston,Office Supplies,Art,49.0,1,0.0,25.45
ORD-2025-12388,2025-10-07,2025-10-08,CUST-0436,PROD-0016,West,Arizona,Phoenix,Technology,Copiers & Printers,1529.1,1,0.1,624.22
ORD-2025-12796,2025-10-07,2025-10-10,CUST-0513,PROD-0016,Central,Minnesota,Minneapolis,Technology,Copiers & Printers,12912.4,8,0.05,5679.76
ORD-2025-13518,2025-10-07,2025-10-08,CUST-0646,PROD-0051,East,Pennsylvania,Philadelphia,Office Supplies,Binders,18.0,1,0.0,7.87
ORD-2025-14138,2025-10-07,2025-10-10,CUST-0774,PROD-0050,South,North Carolina,Charlotte,Office Supplies,Binders,67.2,2,0.2,22.63
ORD-2025-10580,2025-10-08,2025-10-13,CUST-0114,PROD-0057,East,Massachusetts,Boston,Office Supplies,Appliances,81.0,2,0.1,35.73
ORD-2025-10643,2025-10-08,2025-10-09,CUST-0125,PROD-0059,East,Pennsylvania,Pittsburgh,Office Supplies,Fasteners,11.0,1,0.0,3.39
ORD-2025-12517,2025-10-08,2025-10-10,CUST-0461,PROD-0024,Central,Texas,Houston,Furniture,Chairs,568.1,2,0.05,278.89
ORD-2025-14146,2025-10-08,2025-10-10,CUST-0777,PROD-0013,East,New York,New York City,Technology,Accessories,138.0,2,0.0,83.4
ORD-2025-14309,2025-10-08,2025-10-11,CUST-0818,PROD-0049,West,Oregon,Portland,Office Supplies,Paper,110.0,5,0.0,53.98
ORD-2025-13914,2025-10-09,2025-10-12,CUST-0734,PROD-0056,South,Tennessee,Nashville,Office Supplies,Appliances,194.65,1,0.15,78.77
ORD-2025-14412,2025-10-09,2025-10-12,CUST-0840,PROD-0041,South,Florida,Tampa,Office Supplies,Storage,109.2,4,0.3,22.48
ORD-2025-11217,2025-10-10,2025-10-16,CUST-0230,PROD-0027,South,Florida,Orlando,Furniture,Tables,528.2,4,0.05,212.22
ORD-2025-11511,2025-10-10,2025-10-12,CUST-0289,PROD-0013,South,Georgia,Atlanta,Technology,Accessories,138.0,2,0.0,82.26
ORD-2025-12187,2025-10-10,2025-10-14,CUST-0406,PROD-0022,East,Massachusetts,Boston,Furniture,Chairs,219.0,1,0.0,119.67
ORD-2025-13639,2025-10-10,2025-10-12,CUST-0672,PROD-0002,South,Georgia,Atlanta,Technology,Phones,1708.1,2,0.05,655.53
ORD-2025-13745,2025-10-10,2025-10-13,CUST-0695,PROD-0040,South,Florida,Miami,Office Supplies,Storage,62.1,1,0.1,27.69
ORD-2025-10181,2025-10-11,2025-10-13,CUST-0037,PROD-0043,West,California,San Francisco,Office Supplies,Art,106.2,2,0.1,46.5
ORD-2025-11093,2025-10-11,2025-10-15,CUST-0201,PROD-0014,West,Oregon,Portland,Technology,Accessories,447.0,3,0.0,263.12
ORD-2025-11216,2025-10-11,2025-10-14,CUST-0229,PROD-0054,East,New Jersey,Newark,Office Supplies,Appliances,284.05,1,0.05,140.81
ORD-2025-11221,2025-10-11,2025-10-13,CUST-0231,PROD-0043,West,Oregon,Portland,Office Supplies,Art,118.0,2,0.0,58.7
ORD-2025-11786,2025-10-11,2025-10-12,CUST-0335,PROD-0037,West,Washington,Seattle,Furniture,Furnishings,210.0,1,0.0,115.83
ORD-2025-12708,2025-10-11,2025-10-18,CUST-0494,PROD-0050,East,Massachusetts,Boston,Office Supplies,Binders,399.0,10,0.05,173.85
ORD-2025-13111,2025-10-11,2025-10-13,CUST-0576,PROD-0003,South,Virginia,Richmond,Technology,Phones,399.0,1,0.0,174.86
ORD-2025-13175,2025-10-11,2025-10-13,CUST-0588,PROD-0012,South,Florida,Miami,Technology,Accessories,236.0,4,0.0,137.91
ORD-2025-13747,2025-10-11,2025-10-14,CUST-0696,PROD-0044,East,Massachusetts,Boston,Office Supplies,Art,158.0,2,0.0,85.99
ORD-2025-13801,2025-10-11,2025-10-13,CUST-0708,PROD-0016,South,Florida,Tampa,Technology,Copiers & Printers,1614.05,1,0.05,708.37
ORD-2025-13829,2025-10-11,2025-10-13,CUST-0711,PROD-0029,South,Florida,Miami,Furniture,Tables,319.0,1,0.0,134.6
ORD-2025-13860,2025-10-11,2025-10-13,CUST-0720,PROD-0005,South,Florida,Orlando,Technology,Phones,950.0,1,0.0,346.69
ORD-2025-10193,2025-10-12,2025-10-13,CUST-0042,PROD-0022,East,Pennsylvania,Philadelphia,Furniture,Chairs,438.0,2,0.0,238.37
ORD-2025-10756,2025-10-12,2025-10-18,CUST-0146,PROD-0017,East,Pennsylvania,Philadelphia,Technology,Copiers & Printers,4194.0,6,0.0,1875.72
ORD-2025-12529,2025-10-12,2025-10-16,CUST-0462,PROD-0060,South,Florida,Orlando,Office Supplies,Fasteners,28.0,2,0.0,6.59
ORD-2025-10622,2025-10-13,2025-10-17,CUST-0123,PROD-0045,West,California,San Diego,Office Supplies,Art,330.0,3,0.0,175.76
ORD-2025-10846,2025-10-13,2025-10-16,CUST-0158,PROD-0026,Central,Texas,Austin,Furniture,Tables,598.8,2,0.4,27.45
ORD-2025-10940,2025-10-13,2025-10-15,CUST-0171,PROD-0040,West,California,San Francisco,Office Supplies,Storage,62.1,1,0.1,28.12
ORD-2025-11156,2025-10-13,2025-10-16,CUST-0215,PROD-0010,East,Pennsylvania,Philadelphia,Technology,Laptops,1376.55,1,0.05,520.51
ORD-2025-11744,2025-10-13,2025-10-15,CUST-0330,PROD-0026,East,New Jersey,Newark,Furniture,Tables,449.1,1,0.1,165.23
ORD-2025-12844,2025-10-13,2025-10-15,CUST-0517,PROD-0028,South,Georgia,Atlanta,Furniture,Tables,399.5,1,0.5,-54.02
ORD-2025-13334,2025-10-13,2025-10-15,CUST-0616,PROD-0040,East,New Jersey,Newark,Office Supplies,Storage,55.2,1,0.2,23.98
ORD-2025-13686,2025-10-13,2025-10-15,CUST-0683,PROD-0015,Central,Ohio,Columbus,Technology,Accessories,80.1,1,0.1,38.67
ORD-2025-10631,2025-10-14,2025-10-17,CUST-0124,PROD-0025,West,Nevada,Las Vegas,Furniture,Tables,1654.95,3,0.15,495.22
ORD-2025-10875,2025-10-14,2025-10-16,CUST-0162,PROD-0041,South,Georgia,Atlanta,Office Supplies,Storage,78.0,2,0.0,39.04
ORD-2025-11023,2025-10-14,2025-10-19,CUST-0191,PROD-0040,Central,Texas,San Antonio,Office Supplies,Storage,117.3,2,0.15,55.02
ORD-2025-11682,2025-10-14,2025-10-16,CUST-0318,PROD-0016,East,New York,New York City,technology,Copiers & Printers,1699.0,1,0.0,792.89
ORD-2025-12111,2025-10-14,2025-10-19,CUST-0394,PROD-0014,Central,Ohio,Cleveland,Technology,Accessories,357.6,3,0.2,176.96
ORD-2025-10295,2025-10-15,2025-10-18,CUST-0065,PROD-0011,Central,Texas,Austin,Technology,Accessories,258.0,2,0.0,158.04
ORD-2025-10575,2025-10-15,2025-10-18,CUST-0112,PROD-0033,Central,Minnesota,Minneapolis,Furniture,Bookcases,1014.0,6,0.0,467.98
ORD-2025-10577,2025-10-15,2025-10-18,CUST-0113,PROD-0034,Central,Minnesota,Minneapolis,Furniture,Furnishings,55.25,1,0.15,26.06
ORD-2025-10992,2025-10-15,2025-10-18,CUST-0184,PROD-0013,West,Colorado,Denver,Technology,Accessories,69.0,1,0.0,40.95
ORD-2025-11052,2025-10-15,2025-10-17,CUST-0194,PROD-0039,West,California,San Diego,Office Supplies,Storage,86.4,3,0.1,30.03
ORD-2025-12826,2025-10-15,2025-10-17,CUST-0516,PROD-0058,South,Florida,Miami,Office Supplies,Fasteners,27.55,1,0.05,12.11
ORD-2025-13144,2025-10-15,2025-10-17,CUST-0582,PROD-0046,South,Florida,Tampa,Office Supplies,Paper,34.0,1,0.0,16.8
ORD-2025-14274,2025-10-15,2025-10-16,CUST-0810,PROD-0043,South,Tennessee,Nashville,Office Supplies,Art,59.0,1,0.0,30.39
ORD-2025-10884,2025-10-16,2025-10-17,CUST-0162,PROD-0058,South,Georgia,Atlanta,Office Supplies,Fasteners,78.3,3,0.1,24.22
ORD-2025-11105,2025-10-16,2025-10-19,CUST-0204,PROD-0030,East,New York,Buffalo,Furniture,Bookcases,194.65,1,0.15,78.44
ORD-2025-12439,2025-10-16,2025-10-19,CUST-0451,PROD-0049,South,Florida,Miami,Office Supplies,Paper,41.8,2,0.05,13.92
ORD-2025-14266,2025-10-16,2025-10-20,CUST-0808,PROD-0011,Central,Texas,Houston,Technology,Accessories,258.0,2,0.0,160.1
ORD-2025-14376,2025-10-16,2025-10-20,CUST-0833,PROD-0054,Central,Texas,Dallas,Office Supplies,Appliances,598.0,2,0.0,311.16
ORD-2025-11331,2025-10-17,2025-10-19,CUST-0252,PROD-0009,West,Colorado,Denver,Technology,Laptops,521.55,1,0.05,195.17
ORD-2025-11354,2025-10-17,2025-10-21,CUST-0256,PROD-0029,West,Washington,Spokane,Furniture,Tables,606.1,2,0.05,233.2
ORD-2025-11849,2025-10-17,2025-10-18,CUST-0346,PROD-0015,West,Washington,Spokane,Technology,Accessories,160.2,2,0.1,80.22
ORD-2025-12410,2025-10-17,2025-10-22,CUST-0441,PROD-0052,Central,Texas,Austin,Office Supplies,Binders,38.0,2,0.0,15.82
ORD-2025-13217,2025-10-17,2025-10-19,CUST-0595,PROD-0011,South,Virginia,Richmond,Technology,Accessories,245.1,2,0.05,147.68
ORD-2025-11125,2025-10-18,2025-10-20,CUST-0207,PROD-0040,West,California,Los Angeles,Office Supplies,Storage,276.0,4,0.0,139.68
ORD-2025-11411,2025-10-18,2025-10-21,CUST-0267,PROD-0008,South,Florida,Orlando,Technology,Laptops,7596.0,4,0.0,3172.02
ORD-2025-11966,2025-10-18,2025-10-20,CUST-0371,PROD-0036,East,New York,Buffalo,Furniture,Furnishings,124.95,3,0.15,51.15
ORD-2025-12859,2025-10-18,2025-10-22,CUST-0518,PROD-0005,Central,Minnesota,Minneapolis,Technology,Phones,8075.0,10,0.15,2030.37
ORD-2025-13269,2025-10-18,2025-10-23,CUST-0603,PROD-0015,East,Massachusetts,Boston,technology,Accessories,160.2,2,0.1,77.03
ORD-2025-14089,2025-10-18,2025-10-25,CUST-0764,PROD-0018,East,Pennsylvania,Philadelphia,Technology,Copiers & Printers,378.1,2,0.05,144.38
ORD-2025-10302,2025-10-19,2025-10-25,CUST-0066,PROD-0005,West,Oregon,Portland,Technology,Phones,2850.0,3,0.0,1037.55
ORD-2025-11208,2025-10-19,2025-10-21,CUST-0229,PROD-0005,East,New Jersey,Newark,Technology,Phones,5700.0,6,0.0,2070.04
ORD-2025-11243,2025-10-19,2025-10-22,CUST-0234,PROD-0057,Central,Ohio,Cleveland,Office Supplies,Appliances,63.0,2,0.3,13.54
ORD-2025-12264,2025-10-19,2025-10-23,CUST-0417,PROD-0004,Central,Texas,Houston,Technology,Phones,934.15,1,0.15,250.56
ORD-2025-13282,2025-10-19,2025-10-21,CUST-0607,PROD-0054,West,Arizona,Phoenix,Office Supplies,Appliances,598.0,2,0.0,311.82
ORD-2025-13490,2025-10-19,2025-10-22,CUST-0642,PROD-0002,South,Florida,Miami,Technology,Phones,899.0,1,0.0,373.7
ORD-2025-13833,2025-10-19,2025-10-21,CUST-0711,PROD-0025,South,Florida,Miami,Furniture,Tables,2271.5,5,0.3,351.2
ORD-2025-11540,2025-10-20,2025-10-22,CUST-0294,PROD-0042,Central,Minnesota,Minneapolis,Office Supplies,Art,132.3,3,0.1,67.25
ORD-2025-11766,2025-10-20,2025-10-23,CUST-0332,PROD-0010,West,Washington,Spokane,Technology,Laptops,1449.0,1,0.0,592.19
ORD-2025-12903,2025-10-20,2025-10-22,CUST-0527,PROD-0001,East,New Jersey,Newark,Technology,Phones,3196.0,4,0.0,1368.72
ORD-2025-13224,2025-10-20,2025-10-25,CUST-0596,PROD-0021,South,North Carolina,Charlotte,Furniture,Chairs,1396.5,5,0.3,413.24
ORD-2025-13460,2025-10-20,2025-10-22,CUST-0639,PROD-0016,East,New Jersey,Newark,Technology,Copiers & Printers,1699.0,1,0.0,795.3
ORD-2025-13651,2025-10-20,2025-10-23,CUST-0676,PROD-0023,Central,Ohio,Columbus,Furniture,Chairs,236.55,1,0.05,111.31
ORD-2025-13882,2025-10-20,2025-10-22,CUST-0727,PROD-0052,West,Nevada,Las Vegas,Office Supplies,Binders,19.0,1,0.0,5.79
ORD-2025-14225,2025-10-20,2025-10-21,CUST-0795,PROD-0026,Central,Texas,Houston,Furniture,Tables,499.0,1,0.0,212.54
ORD-2025-12056,2025-10-21,2025-10-22,CUST-0386,PROD-0025,South,Georgia,Atlanta,Furniture,Tables,1233.1,2,0.05,460.8
ORD-2025-12333,2025-10-21,2025-10-24,CUST-0426,PROD-0007,West,Washington,Spokane,Technology,Laptops,3996.0,5,0.2,1076.69
ORD-2025-13107,2025-10-21,2025-10-24,CUST-0575,PROD-0019,Central,Texas,Dallas,Technology,Copiers & Printers,329.0,1,0.0,145.05
ORD-2025-13564,2025-10-21,2025-10-25,CUST-0657,PROD-0027,East,New York,New York City,Furniture,Tables,556.0,4,0.0,229.9
ORD-2025-13678,2025-10-21,2025-10-27,CUST-0683,PROD-0026,Central,Ohio,Columbus,Furniture,Tables,399.2,2,0.6,-171.4
ORD-2025-14360,2025-10-21,2025-10-24,CUST-0829,PROD-0012,East,Pennsylvania,Pittsburgh,Technology,Accessories,177.0,3,0.0,103.74
ORD-2025-10051,2025-10-22,2025-10-23,CUST-0009,PROD-0015,Central,Minnesota,Minneapolis,Technology,Accessories,84.55,1,0.05,43.65
ORD-2025-10342,2025-10-22,2025-10-27,CUST-0073,PROD-0002,West,Nevada,Las Vegas,Technology,Phones,674.25,1,0.25,150.76
ORD-2025-11358,2025-10-22,2025-10-24,CUST-0256,PROD-0016,West,Washington,Spokane,Technology,Copiers & Printers,1444.15,1,0.15,537.62
ORD-2025-11669,2025-10-22,2025-10-25,CUST-0317,PROD-0025,West,Oregon,Portland,Furniture,Tables,616.55,1,0.05,233.02
ORD-2025-12116,2025-10-22,2025-10-25,CUST-0395,PROD-0011,East,Pennsylvania,Philadelphia,Technology,Accessories,258.0,2,0.0,158.49
ORD-2025-12468,2025-10-22,2025-10-25,CUST-0454,PROD-0011,South,Florida,Orlando,Technology,Accessories,258.0,2,0.0,157.05
ORD-2025-12828,2025-10-22,2025-10-27,CUST-0516,PROD-0056,South,Florida,Miami,Office Supplies,Appliances,641.2,4,0.3,176.22
ORD-2025-13066,2025-10-22,2025-10-24,CUST-0566,PROD-0010,West,Colorado,Denver,Technology,Laptops,2608.2,2,0.1,896.94
ORD-2025-13109,2025-10-22,2025-10-23,CUST-0575,PROD-0049,Central,Texas,Dallas,Office Supplies,Paper,59.4,3,0.1,21.04
ORD-2025-10868,2025-10-23,2025-10-26,CUST-0161,PROD-0037,East,New York,Buffalo,Furniture,Furnishings,1197.0,6,0.05,625.53
ORD-2025-11304,2025-10-23,2025-10-28,CUST-0244,PROD-0014,West,Washington,Seattle,Technology,Accessories,149.0,1,0.0,89.3
ORD-2025-11863,2025-10-23,2025-10-25,CUST-0350,PROD-0014,Central,Ohio,Columbus,Technology,Accessories,566.2,4,0.05,332.12
ORD-2025-11987,2025-10-23,2025-10-25,CUST-0376,PROD-0035,West,Washington,Spokane,Furniture,Furnishings,202.5,3,0.1,93.81
ORD-2025-12273,2025-10-23,2025-10-25,CUST-0418,PROD-0022,South,Florida,Miami,Furniture,Chairs,372.3,2,0.15,168.95
ORD-2025-12278,2025-10-23,2025-10-24,CUST-0418,PROD-0052,South,Florida,Miami,Office Supplies,Binders,15.2,1,0.2,2.5
ORD-2025-12830,2025-10-23,2025-10-26,CUST-0516,PROD-0020,South,Florida,Miami,Furniture,Chairs,349.0,1,0.0,182.65
ORD-2025-13128,2025-10-23,2025-10-26,CUST-0579,PROD-0018,West,Oregon,Portland,Technology,Copiers & Printers,716.4,4,0.1,252.57
ORD-2025-13849,2025-10-23,2025-10-27,CUST-0716,PROD-0047,Central,Minnesota,Minneapolis,Office Supplies,Paper,72.0,3,0.0,29.94
ORD-2025-14358,2025-10-23,2025-10-25,CUST-0828,PROD-0051,West,Washington,Spokane,Office Supplies,Binders,14.4,1,0.2,3.21
ORD-2025-10452,2025-10-24,2025-10-27,CUST-0089,PROD-0031,Central,Michigan,Detroit,Furniture,Bookcases,84.15,1,0.15,33.94
ORD-2025-11084,2025-10-24,2025-10-26,CUST-0201,PROD-0002,West,Oregon,Portland,Technology,Phones,2697.0,3,0.0,1119.22
ORD-2025-13188,2025-10-24,2025-10-29,CUST-0590,PROD-0042,Central,Texas,Houston,Office Supplies,Art,98.0,2,0.0,54.12
ORD-2025-11256,2025-10-25,2025-10-29,CUST-0235,PROD-0010,Central,Texas,Houston,Technology,Laptops,1304.1,1,0.1,449.09
ORD-2025-11518,2025-10-25,2025-10-27,CUST-0291,PROD-0015,Central,Texas,Austin,Technology,Accessories,75.65,1,0.15,36.58
ORD-2025-13354,2025-10-25,2025-10-28,CUST-0620,PROD-0030,West,Washington,Seattle,Furniture,Bookcases,435.1,2,0.05,209.04
ORD-2025-12618,2025-10-26,2025-10-29,CUST-0477,PROD-0041,Central,Minnesota,Minneapolis,Office Supplies,Storage,27.3,1,0.3,6.25
ORD-2025-13115,2025-10-26,2025-10-30,CUST-0576,PROD-0025,South,Virginia,Richmond,Furniture,Tables,454.3,1,0.3,67.65
ORD-2025-13739,2025-10-26,2025-10-28,CUST-0694,PROD-0056,Central,Texas,Dallas,Office Supplies,Appliances,687.0,3,0.0,341.4
ORD-2025-10023,2025-10-27,2025-10-28,CUST-0004,PROD-0043,South,Florida,Orlando,Office Supplies,Art,59.0,1,0.0,29.1
ORD-2025-12331,2025-10-27,2025-10-31,CUST-0426,PROD-0016,West,Washington,Spokane,Technology,Copiers & Printers,8070.25,5,0.05,3536.25
ORD-2025-12502,2025-10-27,2025-10-29,CUST-0459,PROD-0048,Central,Texas,Austin,Office Supplies,Paper,84.0,3,0.0,33.59
ORD-2025-13911,2025-10-27,2025-10-30,CUST-0734,PROD-0011,South,Tennessee,Nashville,Technology,Accessories,258.0,2,0.0,155.7
ORD-2025-10139,2025-10-28,2025-10-30,CUST-0029,PROD-0030,West,Nevada,Las Vegas,Furniture,Bookcases,824.4,4,0.1,359.98
ORD-2025-10949,2025-10-28,2025-11-02,CUST-0174,PROD-0040,South,Tennessee,Nashville,Office Supplies,Storage,138.0,2,0.0,69.96
ORD-2025-13668,2025-10-28,2025-11-02,CUST-0679,PROD-0048,South,Tennessee,Nashville,Office Supplies,Paper,16.8,1,0.4,-0.04
ORD-2025-14430,2025-10-28,2025-10-30,CUST-0845,PROD-0006,Central,Texas,Austin,Technology,Laptops,1299.0,1,0.0,542.9
ORD-2025-12479,2025-10-29,2025-10-31,CUST-0456,PROD-0014,Central,Minnesota,Minneapolis,Technology,Accessories,119.2,1,0.2,59.53
ORD-2025-13506,2025-10-29,2025-10-31,CUST-0644,PROD-0011,Central,Ohio,Cleveland,Technology,Accessories,258.0,2,0.0,159.5
ORD-2025-14114,2025-10-29,2025-10-31,CUST-0767,PROD-0042,Central,Illinois,Chicago,Office Supplies,Art,147.0,3,0.0,74.69
ORD-2025-14209,2025-10-29,2025-11-01,CUST-0793,PROD-0015,Central,Illinois,Chicago,Technology,Accessories,267.0,3,0.0,145.95
ORD-2025-14344,2025-10-29,2025-10-31,CUST-0824,PROD-0027,South,Florida,Miami,Furniture,Tables,444.8,4,0.2,117.69
ORD-2025-11159,2025-10-30,2025-11-04,CUST-0217,PROD-0056,Central,Ohio,Cleveland,Office Supplies,Appliances,687.0,3,0.0,344.02
ORD-2025-11640,2025-10-30,2025-11-02,CUST-0312,PROD-0008,Central,Texas,Dallas,Technology,Laptops,3798.0,2,0.0,1588.35
ORD-2025-12127,2025-10-30,2025-11-01,CUST-0397,PROD-0052,West,Oregon,Portland,Office Supplies,Binders,57.0,3,0.0,23.84
ORD-2025-13454,2025-10-30,2025-10-31,CUST-0638,PROD-0008,West,California,San Diego,Technology,Laptops,1709.1,1,0.1,602.72
ORD-2025-10693,2025-10-31,2025-11-03,CUST-0134,PROD-0002,Central,Texas,Houston,Technology,Phones,899.0,1,0.0,375.12
ORD-2025-12481,2025-10-31,2025-11-03,CUST-0456,PROD-0014,Central,Minnesota,Minneapolis,Technology,Accessories,134.1,1,0.1,73.18
ORD-2025-13091,2025-10-31,2025-11-05,CUST-0570,PROD-0028,South,Georgia,Atlanta,Furniture,Tables,1438.2,2,0.1,526.23
ORD-2025-13333,2025-10-31,2025-11-06,CUST-0616,PROD-0029,East,New Jersey,Newark,Furniture,Tables,510.4,2,0.2,139.02
ORD-2025-13438,2025-10-31,2025-11-03,CUST-0634,PROD-0011,South,Virginia,Richmond,Technology,Accessories,219.3,2,0.15,121.58
ORD-2025-10233,2025-11-01,2025-11-04,CUST-0053,PROD-0021,West,California,San Jose,Furniture,Chairs,399.0,1,0.0,205.09
ORD-2025-10242,2025-11-01,2025-11-06,CUST-0055,PROD-0022,East,New York,New York City,Furniture,Chairs,438.0,2,0.0,235.98
ORD-2025-10541,2025-11-01,2025-11-04,CUST-0105,PROD-0024,East,New Jersey,Newark,Furniture,Chairs,1076.4,4,0.1,502.06
ORD-2025-10952,2025-11-01,2025-11-03,CUST-0174,PROD-0041,South,Tennessee,Nashville,Office Supplies,Storage,37.05,1,0.05,18.64
ORD-2025-11076,2025-11-01,2025-11-03,CUST-0199,PROD-0042,South,Virginia,Richmond,Office Supplies,Art,88.2,2,0.1,44.56
ORD-2025-11169,2025-11-01,2025-11-04,CUST-0220,PROD-0052,Central,Illinois,Chicago,Office Supplies,Binders,76.0,4,0.0,33.63
ORD-2025-11653,2025-11-01,2025-11-02,CUST-0315,PROD-0041,East,New York,New York City,Office Supplies,Storage,165.75,5,0.15,68.7
ORD-2025-12341,2025-11-01,2025-11-03,CUST-0427,PROD-0044,West,California,San Diego,Office Supplies,Art,142.2,2,0.1,66.35
ORD-2025-12856,2025-11-01,2025-11-05,CUST-0518,PROD-0025,Central,Minnesota,Minneapolis,Furniture,Tables,649.0,1,0.0,264.58
ORD-2025-12880,2025-11-01,2025-11-03,CUST-0522,PROD-0056,Central,Texas,Austin,Office Supplies,Appliances,229.0,1,0.0,115.18
ORD-2025-14475,2025-11-01,2025-11-03,CUST-0850,PROD-0025,West,Oregon,Portland,Furniture,Tables,389.4,1,0.4,5.83
ORD-2025-11588,2025-11-02,2025-11-04,CUST-0305,PROD-0019,West,Washington,Spokane,Technology,Copiers & Printers,329.0,1,0.0,143.23
ORD-2025-12245,2025-11-02,2025-11-04,CUST-0416,PROD-0005,South,Virginia,Richmond,Technology,Phones,950.0,1,0.0,346.03
ORD-2025-12276,2025-11-02,2025-11-06,CUST-0418,PROD-0002,South,Florida,Miami,Technology,Phones,3596.0,4,0.0,1488.08
ORD-2025-12330,2025-11-02,2025-11-03,CUST-0426,PROD-0040,West,Washington,Spokane,Office Supplies,Storage,310.5,5,0.1,150.82
ORD-2025-12977,2025-11-02,2025-11-04,CUST-0548,PROD-0052,West,Oregon,Portland,Office Supplies,Binders,11.4,1,0.4,0.45
ORD-2025-13358,2025-11-02,2025-11-05,CUST-0621,PROD-0034,West,California,San Jose,Furniture,Furnishings,61.75,1,0.05,31.8
ORD-2025-13646,2025-11-02,2025-11-04,CUST-0675,PROD-0016,East,New Jersey,Newark,Technology,Copiers & Printers,5097.0,3,0.0,2387.78
ORD-2025-14163,2025-11-02,2025-11-05,CUST-0779,PROD-0049,South,Florida,Miami,Office Supplies,Paper,41.8,2,0.05,14.1
ORD-2025-11539,2025-11-03,2025-11-07,CUST-0294,PROD-0054,Central,Minnesota,Minneapolis,Office Supplies,Appliances,269.1,1,0.1,123.9
ORD-2025-12841,2025-11-03,2025-11-08,CUST-0517,PROD-0045,South,Georgia,Atlanta,Office Supplies,Art,220.0,2,0.0,120.23
ORD-2025-13026,2025-11-03,2025-11-06,CUST-0557,PROD-0009,Central,Michigan,Detroit,Technology,Laptops,549.0,1,0.0,225.17
ORD-2025-13251,2025-11-03,2025-11-06,CUST-0598,PROD-0037,Central,Texas,Austin,Furniture,Furnishings,630.0,3,0.0,340.67
ORD-2025-13366,2025-11-03,2025-11-04,CUST-0622,PROD-0029,South,Florida,Orlando,Furniture,Tables,957.0,5,0.4,38.01
ORD-2025-13787,2025-11-03,2025-11-05,CUST-0704,PROD-0055,West,California,San Diego,Office Supplies,Appliances,278.0,2,0.0,138.17
ORD-2025-13978,2025-11-03,2025-11-10,CUST-0745,PROD-0032,East,New Jersey,Newark,Furniture,Bookcases,303.05,1,0.05,138.94
ORD-2025-14121,2025-11-03,2025-11-05,CUST-0769,PROD-0044,Central,Texas,Austin,Office Supplies,Art,505.6,8,0.2,214.39
ORD-2025-10288,2025-11-04,2025-11-08,CUST-0065,PROD-0052,Central,Texas,Austin,Office Supplies,Binders,38.0,2,0.0,14.19
ORD-2025-10790,2025-11-04,2025-11-06,CUST-0150,PROD-0026,West,Arizona,Phoenix,Furniture,Tables,499.0,1,0.0,214.06
ORD-2025-11665,2025-11-04,2025-11-06,CUST-0317,PROD-0007,West,Oregon,Portland,Technology,Laptops,999.0,1,0.0,412.59
ORD-2025-13049,2025-11-04,2025-11-06,CUST-0563,PROD-0032,South,Florida,Miami,Furniture,Bookcases,287.1,1,0.1,122.13
ORD-2025-13110,2025-11-04,2025-11-09,CUST-0576,PROD-0024,South,Virginia,Richmond,Furniture,Chairs,269.1,1,0.1,125.6
ORD-2025-13421,2025-11-04,2025-11-06,CUST-0629,PROD-0033,East,New York,New York City,Furniture,Bookcases,481.65,3,0.05,208.78
ORD-2025-13557,2025-11-04,2025-11-05,CUST-0653,PROD-0052,West,Arizona,Phoenix,Office Supplies,Binders,51.3,3,0.1,20.65
ORD-2025-13622,2025-11-04,2025-11-09,CUST-0670,PROD-0023,South,Florida,Miami,Furniture,Chairs,211.65,1,0.15,86.11
ORD-2025-13772,2025-11-04,2025-11-07,CUST-0701,PROD-0032,East,New York,New York City,Furniture,Bookcases,255.2,1,0.2,91.42
ORD-2025-13893,2025-11-04,2025-11-07,CUST-0731,PROD-0001,West,Colorado,Denver,Technology,Phones,799.0,1,0.0,345.51
ORD-2025-14083,2025-11-04,2025-11-06,CUST-0763,PROD-0058,Central,Illinois,Chicago,Office Supplies,Fasteners,82.65,3,0.05,26.63
ORD-2025-14445,2025-11-04,2025-11-08,CUST-0846,PROD-0035,East,Pennsylvania,Pittsburgh,Furniture,Furnishings,150.0,2,0.0,80.91
ORD-2025-10336,2025-11-05,2025-11-10,CUST-0072,PROD-0019,West,Nevada,Las Vegas,Technology,Copiers & Printers,1316.0,4,0.0,570.73
ORD-2025-10745,2025-11-05,2025-11-08,CUST-0144,PROD-0014,Central,Ohio,Columbus,Technology,Accessories,141.55,1,0.05,80.4
ORD-2025-11072,2025-11-05,2025-11-08,CUST-0199,PROD-0045,South,Virginia,Richmond,Office Supplies,Art,110.0,1,0.0,61.2
ORD-2025-11212,2025-11-05,2025-11-08,CUST-0229,PROD-0007,East,New Jersey,Newark,Technology,Laptops,3596.4,4,0.1,1263.75
ORD-2025-12015,2025-11-05,2025-11-07,CUST-0381,PROD-0052,Central,Texas,Austin,Office Supplies,Binders,190.0,10,0.0,75.39
ORD-2025-12711,2025-11-05,2025-11-06,CUST-0495,PROD-0055,South,North Carolina,Charlotte,Office Supplies,Appliances,278.0,2,0.0,135.31
ORD-2025-12714,2025-11-05,2025-11-08,CUST-0497,PROD-0049,West,California,San Francisco,Office Supplies,Paper,22.0,1,0.0,8.92
ORD-2025-13092,2025-11-05,2025-11-08,CUST-0570,PROD-0043,South,Georgia,Atlanta,Office Supplies,Art,118.0,2,0.0,58.06
ORD-2025-13864,2025-11-05,2025-11-07,CUST-0722,PROD-0013,South,Tennessee,Nashville,Technology,Accessories,138.0,2,0.0,87.92
ORD-2025-13883,2025-11-05,2025-11-06,CUST-0727,PROD-0052,West,Nevada,Las Vegas,Office Supplies,Binders,19.0,1,0.0,7.95
ORD-2025-10218,2025-11-06,2025-11-08,CUST-0048,PROD-0051,West,California,Los Angeles,Office Supplies,Binders,36.0,2,0.0,13.73
ORD-2025-10252,2025-11-06,2025-11-09,CUST-0058,PROD-0051,South,Florida,Orlando,Office Supplies,Binders,17.1,1,0.05,5.31
ORD-2025-10523,2025-11-06,2025-11-08,CUST-0103,PROD-0053,Central,Texas,San Antonio,Office Supplies,Binders,20.4,2,0.15,-1.53
ORD-2025-11853,2025-11-06,2025-11-07,CUST-0348,PROD-0007,Central ,Texas,Austin,Technology,Laptops,1998.0,2,0.0,830.17
ORD-2025-12071,2025-11-06,2025-11-10,CUST-0389,PROD-0011,East,New York,New York City,Technology,Accessories,232.2,2,0.1,133.86
ORD-2025-12539,2025-11-06,2025-11-09,CUST-0463,PROD-0037,West,Washington,Seattle,Furniture,Furnishings,630.0,3,0.0,347.0
ORD-2025-12613,2025-11-06,2025-11-08,CUST-0475,PROD-0019,Central,Illinois,Chicago,Technology,Copiers & Printers,1316.0,4,0.0,572.89
ORD-2025-10269,2025-11-07,2025-11-10,CUST-0062,PROD-0056,East,Pennsylvania,Pittsburgh,Office Supplies,Appliances,206.1,1,0.1,89.2
ORD-2025-11858,2025-11-07,2025-11-11,CUST-0349,PROD-0034,South,Georgia,Atlanta,Furniture,Furnishings,247.0,4,0.05,128.71
ORD-2025-12030,2025-11-07,2025-11-09,CUST-0383,PROD-0006,South,North Carolina,Charlotte,Technology,Laptops,1299.0,1,0.0,544.63
ORD-2025-12014,2025-11-08,2025-11-10,CUST-0381,PROD-0009,Central,Texas,Austin,Technology,Laptops,549.0,1,0.0,224.21
ORD-2025-12132,2025-11-08,2025-11-11,CUST-0397,PROD-0004,West,Oregon,Portland,Technology,Phones,1099.0,1,0.0,415.89
ORD-2025-12625,2025-11-08,2025-11-10,CUST-0478,PROD-0055,East,Pennsylvania,Philadelphia,Office Supplies,Appliances,125.1,1,0.1,54.74
ORD-2025-12629,2025-11-08,2025-11-10,CUST-0480,PROD-0053,East,Pennsylvania,Philadelphia,Office Supplies,Binders,24.0,2,0.0,8.16
ORD-2025-12722,2025-11-08,2025-11-09,CUST-0497,PROD-0042,West,California,San Francisco,Office Supplies,Art,147.0,3,0.0,78.58
ORD-2025-12801,2025-11-08,2025-11-11,CUST-0513,PROD-0021,Central,Minnesota,Minneapolis,Furniture,Chairs,2394.0,6,0.0,1213.77
ORD-2025-13683,2025-11-08,2025-11-10,CUST-0683,PROD-0021,Central,Ohio,Columbus,Furniture,Chairs,399.0,1,0.0,205.06
ORD-2025-14144,2025-11-08,2025-11-11,CUST-0777,PROD-0047,East,New York,New York City,Office Supplies,Paper,20.4,1,0.15,7.2
ORD-2025-10563,2025-11-09,2025-11-13,CUST-0109,PROD-0045,West,Nevada,Las Vegas,Office Supplies,Art,313.5,3,0.05,167.24
ORD-2025-10678,2025-11-09,2025-11-11,CUST-0130,PROD-0038,West,Colorado,Denver,Office Supplies,Storage,510.3,3,0.1,212.54
ORD-2025-11148,2025-11-09,2025-11-11,CUST-0215,PROD-0008,East,Pennsylvania,Philadelphia,Technology,Laptops,5412.15,3,0.05,2098.72
ORD-2025-11271,2025-11-09,2025-11-12,CUST-0239,PROD-0034,West,Nevada,Las Vegas,Furniture,Furnishings,39.0,1,0.4,9.67
ORD-2025-11882,2025-11-09,2025-11-15,CUST-0354,PROD-0008,West,California,San Diego,Technology,Laptops,3608.1,2,0.05,1394.19
ORD-2025-12120,2025-11-09,2025-11-12,CUST-0396,PROD-0006,South,Georgia,Atlanta,Technology,Laptops,1299.0,1,0.0,543.68
ORD-2025-12327,2025-11-09,2025-11-11,CUST-0426,PROD-0025,West,Washington,Spokane,Furniture,Tables,454.3,1,0.3,67.92
ORD-2025-12669,2025-11-09,2025-11-10,CUST-0487,PROD-0056,South,Florida,Orlando,Office Supplies,Appliances,435.1,2,0.05,206.7
ORD-2025-12717,2025-11-09,2025-11-12,CUST-0497,PROD-0043,West,California,San Francisco,Office Supplies,Art,177.0,3,0.0,88.32
ORD-2025-12960,2025-11-09,2025-11-12,CUST-0544,PROD-0023,South,Florida,Orlando,Furniture,Chairs,224.1,1,0.1,99.44
ORD-2025-13043,2025-11-09,2025-11-11,CUST-0562,PROD-0023,Central,Illinois,Chicago,Furniture,Chairs,1992.0,8,0.0,1001.52
ORD-2025-13088,2025-11-09,2025-11-12,CUST-0568,PROD-0033,South,Virginia,Richmond,Furniture,Bookcases,709.8,6,0.3,176.33
ORD-2025-10815,2025-11-10,2025-11-13,CUST-0154,PROD-0018,West,Washington,Seattle,Technology,Copiers & Printers,1134.3,6,0.05,441.52
ORD-2025-11545,2025-11-10,2025-11-11,CUST-0295,PROD-0036,West,California,San Diego,Furniture,Furnishings,49.0,1,0.0,25.49
ORD-2025-11746,2025-11-10,2025-11-15,CUST-0330,PROD-0049,East,New Jersey,Newark,Office Supplies,Paper,66.0,3,0.0,28.6
ORD-2025-11866,2025-11-10,2025-11-15,CUST-0350,PROD-0024,Central,Ohio,Columbus,Furniture,Chairs,299.0,1,0.0,153.79
ORD-2025-12588,2025-11-10,2025-11-12,CUST-0471,PROD-0014,South,Florida,Orlando,Technology,Accessories,670.5,5,0.1,367.26
ORD-2025-13040,2025-11-10,2025-11-11,CUST-0561,PROD-0054,East,New York,Buffalo,Office Supplies,Appliances,1270.75,5,0.15,545.68
ORD-2025-13943,2025-11-10,2025-11-13,CUST-0738,PROD-0002,South,Virginia,Richmond,Technology,Phones,1798.0,2,0.0,746.19
ORD-2025-11047,2025-11-11,2025-11-12,CUST-0193,PROD-0017,Central,Minnesota,Minneapolis,Technology,Copiers & Printers,2097.0,3,0.0,943.7
ORD-2025-12453,2025-11-11,2025-11-14,CUST-0453,PROD-0020,West,California,San Jose,Furniture,Chairs,942.3,3,0.1,441.62
ORD-2025-12914,2025-11-11,2025-11-14,CUST-0530,PROD-0053,Central,Texas,Austin,Office Supplies,Binders,12.0,1,0.0,2.07
ORD-2025-10284,2025-11-12,2025-11-16,CUST-0064,PROD-0015,Central,Texas,Austin,Technology,Accessories,178.0,2,0.0,95.16
ORD-2025-10970,2025-11-12,2025-11-15,CUST-0180,PROD-0015,South,Virginia,Richmond,Technology,Accessories,89.0,1,0.0,48.41
ORD-2025-11529,2025-11-12,2025-11-14,CUST-0292,PROD-0021,West ,Washington,Seattle,Furniture,Chairs,399.0,1,0.0,204.61
ORD-2025-11734,2025-11-12,2025-11-14,CUST-0327,PROD-0060,Central,Texas,Dallas,Office Supplies,Fasteners,13.3,1,0.05,4.1
ORD-2025-12174,2025-11-12,2025-11-17,CUST-0403,PROD-0015,South,Virginia,Richmond,Technology,Accessories,712.0,8,0.0,404.61
ORD-2025-13280,2025-11-12,2025-11-15,CUST-0607,PROD-0017,West,Arizona,Phoenix,Technology,Copiers & Printers,1258.2,2,0.1,491.72
ORD-2025-13364,2025-11-12,2025-11-15,CUST-0622,PROD-0021,South,Florida,Orlando,Furniture,Chairs,359.1,1,0.1,164.68
ORD-2025-13520,2025-11-12,2025-11-14,CUST-0646,PROD-0017,East,Pennsylvania,Philadelphia,Technology,Copiers & Printers,1398.0,2,0.0,624.97
ORD-2025-14323,2025-11-12,2025-11-16,CUST-0821,PROD-0034,South,Tennessee,Nashville,Furniture,Furnishings,61.75,1,0.05,29.79
ORD-2025-10323,2025-11-13,2025-11-17,CUST-0071,PROD-0042,South,Florida,Tampa,Office Supplies,Art,124.95,3,0.15,53.72
ORD-2025-10506,2025-11-13,2025-11-18,CUST-0098,PROD-0043,South,Tennessee,Nashville,Office Supplies,Art,56.05,1,0.05,25.15
ORD-2025-10629,2025-11-13,2025-11-16,CUST-0124,PROD-0043,West,Nevada,Las Vegas,Office Supplies,Art,236.0,4,0.0,127.14
ORD-2025-13291,2025-11-13,2025-11-16,CUST-0608,PROD-0018,West,Nevada,Las Vegas,Technology,Copiers & Printers,597.0,3,0.0,249.58
ORD-2025-10152,2025-11-14,2025-11-16,CUST-0033,PROD-0038,West,Arizona,Phoenix,Office Supplies,Storage,189.0,1,0.0,87.93
ORD-2025-10824,2025-11-14,2025-11-18,CUST-0156,PROD-0060,East,New Jersey,Newark,Office Supplies,Fasteners,26.6,2,0.05,6.96
ORD-2025-11139,2025-11-14,2025-11-19,CUST-0210,PROD-0022,Central,Texas,Austin,Furniture,Chairs,208.05,1,0.05,107.59
ORD-2025-11299,2025-11-14,2025-11-19,CUST-0243,PROD-0027,West,California,San Jose,Furniture,Tables,278.0,2,0.0,117.54
ORD-2025-11512,2025-11-14,2025-11-16,CUST-0289,PROD-0012,South,Georgia,Atlanta,Technology,Accessories,59.0,1,0.0,34.32
ORD-2025-11661,2025-11-14,2025-11-15,CUST-0317,PROD-0039,West,Oregon,Portland,Office Supplies,Storage,27.2,1,0.15,9.91
ORD-2025-11679,2025-11-14,2025-11-17,CUST-0318,PROD-0043,East,New York,New York City,Office Supplies,Art,159.3,3,0.1,77.55
ORD-2025-13306,2025-11-14,2025-11-16,CUST-0610,PROD-0060,West,Nevada,Las Vegas,Office Supplies,Fasteners,14.0,1,0.0,2.6
ORD-2025-13844,2025-11-14,2025-11-15,CUST-0715,PROD-0026,South,Florida,Miami,Furniture,Tables,474.05,1,0.05,188.28
ORD-2025-10156,2025-11-15,2025-11-18,CUST-0033,PROD-0032,West,Arizona,Phoenix,Furniture,Bookcases,638.0,2,0.0,307.12
ORD-2025-10170,2025-11-15,2025-11-20,CUST-0035,PROD-0021,East,Pennsylvania,Philadelphia,Furniture,Chairs,399.0,1,0.0,203.87
ORD-2025-10500,2025-11-15,2025-11-16,CUST-0097,PROD-0045,East,Massachusetts,Boston,Office Supplies,Art,110.0,1,0.0,60.85
ORD-2025-11196,2025-11-15,2025-11-17,CUST-0227,PROD-0035,South,North Carolina,Charlotte,Furniture,Furnishings,150.0,2,0.0,80.56
ORD-2025-12561,2025-11-15,2025-11-20,CUST-0467,PROD-0006,Central,Texas,San Antonio,Technology,Laptops,4936.2,4,0.05,1921.12
ORD-2025-12728,2025-11-15,2025-11-18,CUST-0498,PROD-0011,Central,Texas,Dallas,Technology,Accessories,245.1,2,0.05,143.0
ORD-2025-12884,2025-11-15,2025-11-16,CUST-0523,PROD-0055,West,Washington,Spokane,Office Supplies,Appliances,194.6,2,0.3,58.16
ORD-2025-13126,2025-11-15,2025-11-17,CUST-0578,PROD-0001,West,California,San Diego,Technology,Phones,1358.3,2,0.15,447.95
ORD-2025-13313,2025-11-15,2025-11-18,CUST-0612,PROD-0011,Central,Minnesota,Minneapolis,Technology,Accessories,328.95,3,0.15,173.22
ORD-2025-10841,2025-11-16,2025-11-18,CUST-0157,PROD-0003,East,Massachusetts,Boston,Technology,Phones,2034.9,6,0.15,678.58
ORD-2025-10872,2025-11-16,2025-11-18,CUST-0161,PROD-0007,East,New York,Buffalo,Technology,Laptops,1898.1,2,0.05,727.04
ORD-2025-10964,2025-11-16,2025-11-20,CUST-0177,PROD-0055,West,Washington,Spokane,Office Supplies,Appliances,278.0,2,0.0,139.19
ORD-2025-11173,2025-11-16,2025-11-18,CUST-0222,PROD-0016,East,Massachusetts,Boston,Technology,Copiers & Printers,1614.05,1,0.05,710.39
ORD-2025-11562,2025-11-16,2025-11-21,CUST-0301,PROD-0039,West,Oregon,Portland,Office Supplies,Storage,136.0,5,0.15,46.2
ORD-2025-12704,2025-11-16,2025-11-17,CUST-0494,PROD-0006,East,Massachusetts,Boston,Technology,Laptops,5196.0,4,0.0,2173.24
ORD-2025-12959,2025-11-16,2025-11-19,CUST-0544,PROD-0027,South,Florida,Orlando,Furniture,Tables,118.15,1,0.15,37.69
ORD-2025-13476,2025-11-16,2025-11-18,CUST-0640,PROD-0044,West,Washington,Seattle,Office Supplies,Art,316.0,4,0.0,160.67
ORD-2025-13847,2025-11-16,2025-11-20,CUST-0716,PROD-0038,Central,Minnesota,Minneapolis,Office Supplies,Storage,359.1,2,0.05,160.02
ORD-2025-10100,2025-11-17,2025-11-19,CUST-0022,PROD-0044,West,Colorado,Denver,Office Supplies,Art,150.1,2,0.05,75.2
ORD-2025-10748,2025-11-17,2025-11-19,CUST-0144,PROD-0035,Central,Ohio,Columbus,Furniture,Furnishings,180.0,3,0.2,70.08
ORD-2025-10851,2025-11-17,2025-11-23,CUST-0160,PROD-0027,East,Pennsylvania,Pittsburgh,Furniture,Tables,132.05,1,0.05,51.98
ORD-2025-11297,2025-11-17,2025-11-18,CUST-0243,PROD-0033,West,California,San Jose,Furniture,Bookcases,574.6,4,0.15,209.92
ORD-2025-11900,2025-11-17,2025-11-20,CUST-0358,PROD-0051,Central,Minnesota,Minneapolis,Office Supplies,Binders,17.1,1,0.05,7.33
ORD-2025-12565,2025-11-17,2025-11-20,CUST-0467,PROD-0015,Central,Texas,San Antonio,Technology,Accessories,253.65,3,0.05,133.98
ORD-2025-13112,2025-11-17,2025-11-19,CUST-0576,PROD-0045,South,Virginia,Richmond,Office Supplies,Art,313.5,3,0.05,166.32
ORD-2025-13407,2025-11-17,2025-11-20,CUST-0626,PROD-0030,East,New Jersey,Newark,Furniture,Bookcases,458.0,2,0.0,228.83
ORD-2025-13452,2025-11-17,2025-11-19,CUST-0638,PROD-0043,West,California,San Diego,Office Supplies,Art,47.2,1,0.2,17.06
ORD-2025-14462,2025-11-17,2025-11-18,CUST-0849,PROD-0019,South,Florida,Orlando,Technology,Copiers & Printers,296.1,1,0.1,111.44
ORD-2025-10654,2025-11-18,2025-11-21,CUST-0126,PROD-0035,East,New York,New York City,Furniture,Furnishings,71.25,1,0.05,37.23
ORD-2025-11246,2025-11-18,2025-11-21,CUST-0234,PROD-0060,Central,Ohio,Cleveland,Office Supplies,Fasteners,13.3,1,0.05,2.11
ORD-2025-11520,2025-11-18,2025-11-21,CUST-0291,PROD-0004,Central,Texas,Austin,Technology,Phones,1099.0,1,0.0,415.14
ORD-2025-11701,2025-11-18,2025-11-20,CUST-0320,PROD-0020,Central,Ohio,Columbus,Furniture,Chairs,663.1,2,0.05,335.2
ORD-2025-12705,2025-11-18,2025-11-21,CUST-0494,PROD-0057,East,Massachusetts,Boston,Office Supplies,Appliances,153.0,4,0.15,55.36
ORD-2025-13100,2025-11-18,2025-11-24,CUST-0572,PROD-0059,South,Virginia,Richmond,Office Supplies,Fasteners,66.0,6,0.0,17.09
ORD-2025-13810,2025-11-18,2025-11-24,CUST-0709,PROD-0024,East,Pennsylvania,Philadelphia,Furniture,Chairs,598.0,2,0.0,307.53
ORD-2025-10073,2025-11-19,2025-11-20,CUST-0016,PROD-0040,East,Massachusetts,Boston,Office Supplies,Storage,58.65,1,0.15,27.07
ORD-2025-10270,2025-11-19,2025-11-22,CUST-0062,PROD-0055,East,Pennsylvania,Pittsburgh,Office Supplies,Appliances,132.05,1,0.05,63.47
ORD-2025-10466,2025-11-19,2025-11-21,CUST-0091,PROD-0049,Central,Texas,Dallas,Office Supplies,Paper,19.8,1,0.1,7.5
ORD-2025-10923,2025-11-19,2025-11-21,CUST-0169,PROD-0013,West,Washington,Spokane,Technology,Accessories,69.0,1,0.0,40.74
ORD-2025-11445,2025-11-19,2025-11-21,CUST-0275,PROD-0021,East,Pennsylvania,Pittsburgh,Furniture,Chairs,279.3,1,0.3,83.71
ORD-2025-11856,2025-11-19,2025-11-21,CUST-0349,PROD-0005,South,Georgia,Atlanta,Technology,Phones,3610.0,4,0.05,1182.91
ORD-2025-12490,2025-11-19,2025-11-22,CUST-0457,PROD-0022,Central,Ohio,Columbus,Furniture,Chairs,219.0,1,0.0,118.46
ORD-2025-13558,2025-11-19,2025-11-20,CUST-0654,PROD-0055,West,Arizona,Phoenix,Office Supplies,Appliances,417.0,3,0.0,209.59
ORD-2025-13868,2025-11-19,2025-11-21,CUST-0723,PROD-0009,West,Washington,Spokane,Technology,Laptops,1043.1,2,0.05,395.7
ORD-2025-10967,2025-11-20,2025-11-23,CUST-0179,PROD-0012,South,North Carolina,Charlotte,Technology,Accessories,56.05,1,0.05,34.26
ORD-2025-11313,2025-11-20,2025-11-24,CUST-0246,PROD-0048,West,California,San Diego,Office Supplies,Paper,100.8,4,0.1,31.58
ORD-2025-11332,2025-11-20,2025-11-23,CUST-0252,PROD-0033,West,Colorado,Denver,Furniture,Bookcases,236.6,2,0.3,53.3
ORD-2025-13293,2025-11-20,2025-11-23,CUST-0608,PROD-0018,West,Nevada,Las Vegas,Technology,Copiers & Printers,756.2,4,0.05,290.57
ORD-2025-13524,2025-11-20,2025-11-23,CUST-0647,PROD-0020,South,Florida,Orlando,Furniture,Chairs,1047.0,3,0.0,557.01
ORD-2025-14106,2025-11-20,2025-11-21,CUST-0766,PROD-0048,East,New York,Buffalo,Office Supplies,Paper,26.6,1,0.05,9.88
ORD-2025-10451,2025-11-21,2025-11-25,CUST-0089,PROD-0026,Central ,Michigan,Detroit,Furniture,Tables,1746.5,5,0.3,316.34
ORD-2025-10870,2025-11-21,2025-11-23,CUST-0161,PROD-0016,East,New York,Buffalo,Technology,Copiers & Printers,1699.0,1,0.0,794.49
ORD-2025-10882,2025-11-21,2025-11-24,CUST-0162,PROD-0042,South,Georgia,Atlanta,Office Supplies,Art,44.1,1,0.1,22.69
ORD-2025-10935,2025-11-21,2025-11-23,CUST-0170,PROD-0048,Central,Illinois,Chicago,Office Supplies,Paper,79.8,3,0.05,36.29
ORD-2025-11895,2025-11-21,2025-11-22,CUST-0356,PROD-0030,Central,Ohio,Cleveland,Furniture,Bookcases,458.0,2,0.0,226.46
ORD-2025-12184,2025-11-21,2025-11-25,CUST-0405,PROD-0050,Central,Texas,Austin,Office Supplies,Binders,42.0,1,0.0,19.88
ORD-2025-13254,2025-11-21,2025-11-23,CUST-0598,PROD-0016,Central,Texas,Austin,Technology,Copiers & Printers,1699.0,1,0.0,792.93
ORD-2025-14179,2025-11-21,2025-11-22,CUST-0785,PROD-0023,Central,Michigan,Detroit,Furniture,Chairs,473.1,2,0.05,225.68
ORD-2025-14188,2025-11-21,2025-11-26,CUST-0788,PROD-0021,West,Arizona,Phoenix,Furniture,Chairs,1995.0,5,0.0,1029.87
ORD-2025-10636,2025-11-22,2025-11-24,CUST-0124,PROD-0054,West,Nevada,Las Vegas,Office Supplies,Appliances,568.1,2,0.05,275.98
ORD-2025-10680,2025-11-22,2025-11-24,CUST-0130,PROD-0005,West,Colorado,Denver,Technology,Phones,950.0,1,0.0,345.77
ORD-2025-10865,2025-11-22,2025-11-24,CUST-0161,PROD-0002,East,New York,Buffalo,Technology,Phones,2562.15,3,0.05,989.85
ORD-2025-11758,2025-11-22,2025-11-24,CUST-0331,PROD-0030,Central,Ohio,Columbus,Furniture,Bookcases,229.0,1,0.0,113.43
ORD-2025-11918,2025-11-22,2025-11-25,CUST-0360,PROD-0012,South,Virginia,Richmond,Technology,Accessories,59.0,1,0.0,34.47
ORD-2025-13170,2025-11-22,2025-11-24,CUST-0587,PROD-0007,West,Arizona,Phoenix,Technology,Laptops,1898.1,2,0.05,724.36
ORD-2025-14165,2025-11-22,2025-11-25,CUST-0779,PROD-0028,South,Florida,Miami,Furniture,Tables,7191.0,10,0.1,2650.85
ORD-2025-14438,2025-11-22,2025-11-29,CUST-0846,PROD-0054,East,Pennsylvania,Pittsburgh,Office Supplies,Appliances,284.05,1,0.05,140.96
ORD-2025-10040,2025-11-23,2025-11-25,CUST-0008,PROD-0054,West,California,San Diego,Office Supplies,Appliances,299.0,1,0.0,153.67
ORD-2025-10424,2025-11-23,2025-11-24,CUST-0086,PROD-0029,West,Colorado,Denver,Furniture,Tables,638.0,2,0.0,271.51
ORD-2025-10435,2025-11-23,2025-11-26,CUST-0087,PROD-0016,South,Florida,Tampa,Technology,Copiers & Printers,3058.2,2,0.1,1245.68
ORD-2025-10709,2025-11-23,2025-11-26,CUST-0138,PROD-0034,South,Virginia,Richmond,Furniture,Furnishings,58.5,1,0.1,28.52
ORD-2025-11716,2025-11-23,2025-11-26,CUST-0324,PROD-0036,South,Tennessee,Nashville,Furniture,Furnishings,49.0,1,0.0,23.33
ORD-2025-12301,2025-11-23,2025-11-25,CUST-0423,PROD-0029,South,Tennessee,Nashville,Furniture,Tables,382.8,2,0.4,14.0
ORD-2025-13368,2025-11-23,2025-11-26,CUST-0622,PROD-0046,South,Florida,Orlando,Office Supplies,Paper,129.2,4,0.05,50.57
ORD-2025-13607,2025-11-23,2025-11-26,CUST-0666,PROD-0018,Central,Ohio,Cleveland,Technology,Copiers & Printers,179.1,1,0.1,62.25
ORD-2025-13789,2025-11-23,2025-11-26,CUST-0705,PROD-0037,West,Oregon,Portland,Furniture,Furnishings,598.5,3,0.05,315.02
ORD-2025-14214,2025-11-23,2025-11-24,CUST-0793,PROD-0004,Central,Illinois,Chicago,Technology,Phones,1099.0,1,0.0,415.47
ORD-2025-10403,2025-11-24,2025-11-26,CUST-0083,PROD-0031,South ,Florida,Miami,Furniture,Bookcases,84.15,1,0.15,32.5
ORD-2025-10598,2025-11-24,2025-11-27,CUST-0117,PROD-0009,South,Florida,Miami,Technology,Laptops,1564.65,3,0.05,592.7
ORD-2025-10842,2025-11-24,2025-11-30,CUST-0158,PROD-0026,Central,Texas,Austin,Furniture,Tables,998.0,2,0.0,430.67
ORD-2025-11067,2025-11-24,2025-11-27,CUST-0198,PROD-0057,Central,Michigan,Detroit,Office Supplies,Appliances,81.0,2,0.1,33.29
ORD-2025-11622,2025-11-24,2025-11-29,CUST-0310,PROD-0038,West,Nevada,Las Vegas,Office Supplies,Storage,718.2,4,0.05,322.21
ORD-2025-11732,2025-11-24,2025-11-26,CUST-0327,PROD-0036,Central,Texas,Dallas,Furniture,Furnishings,196.0,4,0.0,91.6
ORD-2025-11816,2025-11-24,2025-11-28,CUST-0341,PROD-0051,South,Tennessee,Nashville,Office Supplies,Binders,34.2,2,0.05,9.56
ORD-2025-12530,2025-11-24,2025-11-26,CUST-0463,PROD-0030,West,Washington,Seattle,Furniture,Bookcases,206.1,1,0.1,92.24
ORD-2025-13519,2025-11-24,2025-11-27,CUST-0646,PROD-0028,East,Pennsylvania,Philadelphia,Furniture,Tables,479.4,1,0.4,22.78
ORD-2025-11001,2025-11-25,2025-11-30,CUST-0187,PROD-0042,West,Arizona,Phoenix,Office Supplies,Art,147.0,3,0.0,75.72
ORD-2025-11510,2025-11-25,2025-11-29,CUST-0289,PROD-0022,South,Georgia,Atlanta,Furniture,Chairs,876.0,4,0.0,475.52
ORD-2025-11740,2025-11-25,2025-11-28,CUST-0329,PROD-0008,South,Virginia,Richmond,Technology,Laptops,3418.2,2,0.1,1211.56
ORD-2025-12345,2025-11-25,2025-11-27,CUST-0427,PROD-0040,West,California,San Diego,Office Supplies,Storage,69.0,1,0.0,34.24
ORD-2025-13231,2025-11-25,2025-11-28,CUST-0597,PROD-0058,West,California,Los Angeles,Office Supplies,Fasteners,29.0,1,0.0,12.12
ORD-2025-14127,2025-11-25,2025-11-27,CUST-0770,PROD-0032,Central,Texas,Dallas,Furniture,Bookcases,223.3,1,0.3,58.52
ORD-2025-14286,2025-11-25,2025-11-27,CUST-0814,PROD-0021,West,Arizona,Phoenix,Furniture,Chairs,359.1,1,0.1,163.74
ORD-2025-10441,2025-11-26,2025-11-29,CUST-0087,PROD-0041,South,Florida,Tampa,Office Supplies,Storage,39.0,1,0.0,18.54
ORD-2025-12147,2025-11-26,2025-11-29,CUST-0400,PROD-0033,South,Tennessee,Nashville,Furniture,Bookcases,160.55,1,0.05,69.42
ORD-2025-12421,2025-11-26,2025-11-28,CUST-0443,PROD-0045,Central,Ohio,Cleveland,Office Supplies,Art,220.0,2,0.0,121.35
ORD-2025-12707,2025-11-26,2025-12-03,CUST-0494,PROD-0055,East,Massachusetts,Boston,Office Supplies,Appliances,556.0,4,0.0,278.93
ORD-2025-12780,2025-11-26,2025-12-01,CUST-0511,PROD-0059,East,Pennsylvania,Pittsburgh,Office Supplies,Fasteners,11.0,1,0.0,3.7
ORD-2025-13831,2025-11-26,2025-11-29,CUST-0711,PROD-0020,South,Florida,Miami,Furniture,Chairs,698.0,2,0.0,367.56
ORD-2025-14013,2025-11-26,2025-11-28,CUST-0753,PROD-0054,West,California,Los Angeles,Office Supplies,Appliances,508.3,2,0.15,217.03
ORD-2025-14435,2025-11-26,2025-11-28,CUST-0845,PROD-0021,Central,Texas,Austin,Furniture,Chairs,798.0,2,0.0,411.66
ORD-2025-10540,2025-11-27,2025-11-29,CUST-0105,PROD-0051,East,New Jersey,Newark,Office Supplies,Binders,18.0,1,0.0,6.59
ORD-2025-10689,2025-11-27,2025-11-28,CUST-0133,PROD-0017,Central,Ohio,Cleveland,technology,Copiers & Printers,2796.0,4,0.0,1251.84
ORD-2025-12755,2025-11-27,2025-11-28,CUST-0503,PROD-0050,East,Massachusetts,Boston,Office Supplies,Binders,113.4,3,0.1,44.77
ORD-2025-12897,2025-11-27,2025-11-29,CUST-0525,PROD-0033,West,Washington,Spokane,Furniture,Bookcases,152.1,1,0.1,63.66
ORD-2025-14231,2025-11-27,2025-11-29,CUST-0796,PROD-0046,West,Oregon,Portland,Office Supplies,Paper,61.2,2,0.1,24.88
ORD-2025-11422,2025-11-28,2025-12-02,CUST-0270,PROD-0005,Central,Texas,Houston,Technology,Phones,4845.0,6,0.15,1205.54
ORD-2025-11857,2025-11-28,2025-12-01,CUST-0349,PROD-0014,South,Georgia,Atlanta,Technology,Accessories,596.0,4,0.0,355.94
ORD-2025-11965,2025-11-28,2025-11-30,CUST-0370,PROD-0058,Central,Ohio,Columbus,Office Supplies,Fasteners,27.55,1,0.05,10.19
ORD-2025-12591,2025-11-28,2025-11-30,CUST-0471,PROD-0028,South,Florida,Orlando,Furniture,Tables,799.0,1,0.0,345.27
ORD-2025-13180,2025-11-28,2025-12-02,CUST-0589,PROD-0006,Central,Minnesota,Minneapolis,Technology,Laptops,1234.05,1,0.05,480.51
ORD-2025-13345,2025-11-28,2025-11-29,CUST-0617,PROD-0033,West,Washington,Seattle,Furniture,Bookcases,135.2,1,0.2,45.06
ORD-2025-13511,2025-11-28,2025-12-01,CUST-0646,PROD-0056,East,Pennsylvania,Philadelphia,Office Supplies,Appliances,206.1,1,0.1,90.39
ORD-2025-14217,2025-11-28,2025-12-03,CUST-0794,PROD-0007,West,California,Los Angeles,Technology,Laptops,999.0,1,0.0,415.61
ORD-2025-10724,2025-11-29,2025-11-30,CUST-0140,PROD-0048,East,Pennsylvania,Philadelphia,Office Supplies,Paper,25.2,1,0.1,8.77
ORD-2025-11163,2025-11-29,2025-12-06,CUST-0217,PROD-0010,Central,Ohio,Cleveland,Technology,Laptops,7245.0,5,0.0,2966.79
ORD-2025-11564,2025-11-29,2025-12-01,CUST-0301,PROD-0009,West,Oregon,Portland,Technology,Laptops,1317.6,3,0.2,345.22
ORD-2025-12764,2025-11-29,2025-12-01,CUST-0505,PROD-0035,South,Tennessee,Nashville,Furniture,Furnishings,71.25,1,0.05,37.66
ORD-2025-13232,2025-11-29,2025-12-04,CUST-0597,PROD-0032,West,California,Los Angeles,Furniture,Bookcases,638.0,2,0.0,311.68
ORD-2025-13733,2025-11-29,2025-12-01,CUST-0693,PROD-0048,Central,Ohio,Columbus,Office Supplies,Paper,212.8,8,0.05,83.99
ORD-2025-14198,2025-11-29,2025-12-01,CUST-0788,PROD-0052,West,Arizona,Phoenix,Office Supplies,Binders,19.0,1,0.0,6.49
ORD-2025-14426,2025-11-29,2025-12-01,CUST-0843,PROD-0011,East,New Jersey,Newark,Technology,Accessories,122.55,1,0.05,72.68
ORD-2025-10076,2025-11-30,2025-12-06,CUST-0016,PROD-0027,East,Massachusetts,Boston,Furniture,Tables,97.3,1,0.3,18.8
ORD-2025-11762,2025-11-30,2025-12-04,CUST-0332,PROD-0056,West,Washington,Spokane,Office Supplies,Appliances,229.0,1,0.0,113.82
ORD-2025-11763,2025-11-30,2025-12-02,CUST-0332,PROD-0003,West,Washington,Spokane,Technology,Phones,1995.0,5,0.0,863.05
ORD-2025-12009,2025-11-30,2025-12-04,CUST-0381,PROD-0030,Central,Texas,Austin,Furniture,Bookcases,160.3,1,0.3,45.33
ORD-2025-12173,2025-11-30,2025-12-03,CUST-0403,PROD-0034,South,Virginia,Richmond,Furniture,Furnishings,104.0,2,0.2,44.59
ORD-2025-10032,2025-12-01,2025-12-02,CUST-0006,PROD-0049,West,Nevada,Las Vegas,Office Supplies,Paper,44.0,2,0.0,19.04
ORD-2025-10548,2025-12-01,2025-12-06,CUST-0106,PROD-0009,East,New Jersey,Newark,Technology,Laptops,1098.0,2,0.0,444.02
ORD-2025-12242,2025-12-01,2025-12-06,CUST-0416,PROD-0060,South,Virginia,Richmond,Office Supplies,Fasteners,14.0,1,0.0,3.39
ORD-2025-12695,2025-12-01,2025-12-03,CUST-0492,PROD-0022,West,California,San Jose,Furniture,Chairs,1314.0,6,0.0,711.08
ORD-2025-12753,2025-12-01,2025-12-05,CUST-0502,PROD-0039,South,Florida,Miami,Office Supplies,Storage,32.0,1,0.0,13.37
ORD-2025-12952,2025-12-01,2025-12-04,CUST-0541,PROD-0011,West,Arizona,Phoenix,Technology,Accessories,129.0,1,0.0,80.17
ORD-2025-13083,2025-12-01,2025-12-05,CUST-0567,PROD-0002,South,Florida,Orlando,Technology,Phones,2427.3,3,0.1,852.66
ORD-2025-14196,2025-12-01,2025-12-08,CUST-0788,PROD-0038,West,Arizona,Phoenix,Office Supplies,Storage,340.2,2,0.1,140.0
ORD-2025-10788,2025-12-02,2025-12-04,CUST-0150,PROD-0021,West,Arizona,Phoenix,Furniture,Chairs,798.0,2,0.0,408.82
ORD-2025-10943,2025-12-02,2025-12-03,CUST-0172,PROD-0046,East,New York,Buffalo,Office Supplies,Paper,28.9,1,0.15,10.67
ORD-2025-12400,2025-12-02,2025-12-04,CUST-0438,PROD-0041,Central,Texas,Austin,Office Supplies,Storage,27.3,1,0.3,5.34
ORD-2025-12657,2025-12-02,2025-12-04,CUST-0485,PROD-0034,Central,Texas,San Antonio,Furniture,Furnishings,130.0,2,0.0,70.98
ORD-2025-13006,2025-12-02,2025-12-03,CUST-0553,PROD-0049,Central,Ohio,Columbus,Office Supplies,Paper,22.0,1,0.0,8.12
ORD-2025-13762,2025-12-02,2025-12-05,CUST-0699,PROD-0039,East,New Jersey,Newark,Office Supplies,Storage,19.2,1,0.4,2.27
ORD-2025-11939,2025-12-03,2025-12-04,CUST-0364,PROD-0013,East,New York,Buffalo,Technology,Accessories,327.75,5,0.05,199.2
ORD-2025-12036,2025-12-03,2025-12-04,CUST-0384,PROD-0058,Central,Texas,San Antonio,Office Supplies,Fasteners,58.0,2,0.0,22.82
ORD-2025-12041,2025-12-03,2025-12-10,CUST-0384,PROD-0051,Central,Texas,San Antonio,Office Supplies,Binders,17.1,1,0.05,5.28
ORD-2025-13060,2025-12-03,2025-12-05,CUST-0565,PROD-0018,West,Washington,Spokane,Technology,Copiers & Printers,756.2,4,0.05,296.7
ORD-2025-13862,2025-12-03,2025-12-09,CUST-0721,PROD-0034,Central,Minnesota,Minneapolis,Furniture,Furnishings,52.0,1,0.2,23.8
ORD-2025-14275,2025-12-03,2025-12-05,CUST-0810,PROD-0005,South,Tennessee,Nashville,Technology,Phones,1900.0,2,0.0,690.98
ORD-2025-10606,2025-12-04,2025-12-08,CUST-0120,PROD-0033,Central,Michigan,Detroit,Furniture,Bookcases,160.55,1,0.05,70.86
ORD-2025-10660,2025-12-04,2025-12-06,CUST-0128,PROD-0023,Central,Minnesota,Minneapolis,Furniture,Chairs,236.55,1,0.05,113.29
ORD-2025-10779,2025-12-04,2025-12-06,CUST-0149,PROD-0059,Central,Ohio,Cleveland,Office Supplies,Fasteners,9.9,1,0.1,-0.48
ORD-2025-11592,2025-12-04,2025-12-10,CUST-0305,PROD-0044,West,Washington,Spokane,Office Supplies,Art,110.6,2,0.3,34.95
ORD-2025-12745,2025-12-04,2025-12-08,CUST-0499,PROD-0028,East,New York,Buffalo,Furniture,Tables,479.4,1,0.4,23.03
ORD-2025-12993,2025-12-04,2025-12-09,CUST-0551,PROD-0013,South,Florida,Orlando,Technology,Accessories,69.0,1,0.0,41.67
ORD-2025-13690,2025-12-04,2025-12-09,CUST-0683,PROD-0021,Central,Ohio,Columbus,Furniture,Chairs,758.1,2,0.05,365.11
ORD-2025-13953,2025-12-04,2025-12-07,CUST-0742,PROD-0027,West,California,San Jose,Furniture,Tables,111.2,2,0.6,-44.88
ORD-2025-14469,2025-12-04,2025-12-08,CUST-0849,PROD-0039,South,Florida,Orlando,Office Supplies,Storage,22.4,1,0.3,6.6
ORD-2025-10189,2025-12-05,2025-12-11,CUST-0040,PROD-0009,South,Virginia,Richmond,Technology,Laptops,521.55,1,0.05,196.89
ORD-2025-11394,2025-12-05,2025-12-09,CUST-0263,PROD-0009,West,California,San Francisco,Technology,Laptops,549.0,1,0.0,222.23
ORD-2025-11633,2025-12-05,2025-12-08,CUST-0311,PROD-0044,West,California,San Diego,Office Supplies,Art,237.0,3,0.0,122.14
ORD-2025-11999,2025-12-05,2025-12-06,CUST-0378,PROD-0021,West,California,San Diego,Furniture,Chairs,319.2,1,0.2,123.49
ORD-2025-12021,2025-12-05,2025-12-10,CUST-0381,PROD-0055,Central,Texas,Austin,Office Supplies,Appliances,396.15,3,0.05,186.99
ORD-2025-12095,2025-12-05,2025-12-08,CUST-0392,PROD-0019,Central,Texas,Dallas,Technology,Copiers & Printers,296.1,1,0.1,112.17
ORD-2025-13127,2025-12-05,2025-12-08,CUST-0578,PROD-0005,West,California,San Diego,Technology,Phones,1805.0,2,0.05,594.77
ORD-2025-13722,2025-12-05,2025-12-09,CUST-0692,PROD-0041,South,Florida,Tampa,Office Supplies,Storage,35.1,1,0.1,14.54
ORD-2025-10772,2025-12-06,2025-12-11,CUST-0147,PROD-0038,East,New York,Buffalo,Office Supplies,Storage,302.4,2,0.2,102.77
ORD-2025-11144,2025-12-06,2025-12-10,CUST-0211,PROD-0055,Central,Minnesota,Minneapolis,Office Supplies,Appliances,139.0,1,0.0,70.81
ORD-2025-11255,2025-12-06,2025-12-07,CUST-0234,PROD-0059,Central,Ohio,Cleveland,Office Supplies,Fasteners,22.0,2,0.0,5.66
ORD-2025-11819,2025-12-06,2025-12-09,CUST-0342,PROD-0008,West,California,San Jose,Technology,Laptops,1899.0,1,0.0,793.45
ORD-2025-11862,2025-12-06,2025-12-08,CUST-0350,PROD-0005,Central,Ohio,Columbus,Technology,Phones,1710.0,2,0.1,502.07
ORD-2025-11979,2025-12-06,2025-12-11,CUST-0373,PROD-0042,East,New York,New York City,Office Supplies,Art,294.0,6,0.0,147.68
ORD-2025-14261,2025-12-06,2025-12-08,CUST-0807,PROD-0028,East,New York,New York City,Furniture,Tables,1358.3,2,0.15,448.61
ORD-2025-10849,2025-12-07,2025-12-10,CUST-0159,PROD-0001,West,California,San Jose,Technology,Phones,1438.2,2,0.1,524.88
ORD-2025-11463,2025-12-07,2025-12-11,CUST-0277,PROD-0055,Central,Minnesota,Minneapolis,Office Supplies,Appliances,556.0,4,0.0,268.89
ORD-2025-11572,2025-12-07,2025-12-09,CUST-0301,PROD-0029,West,Oregon,Portland,Furniture,Tables,223.3,1,0.3,39.34
ORD-2025-11764,2025-12-07,2025-12-08,CUST-0332,PROD-0018,West,Washington,Spokane,Technology,Copiers & Printers,597.0,3,0.0,257.32
ORD-2025-11989,2025-12-07,2025-12-09,CUST-0376,PROD-0031,West,Washington,Spokane,Furniture,Bookcases,94.05,1,0.05,43.7
ORD-2025-12555,2025-12-07,2025-12-09,CUST-0467,PROD-0012,Central,Texas,San Antonio,Technology,Accessories,59.0,1,0.0,37.01
ORD-2025-12564,2025-12-07,2025-12-09,CUST-0467,PROD-0004,Central,Texas,San Antonio,Technology,Phones,1099.0,1,0.0,414.76
ORD-2025-12604,2025-12-07,2025-12-10,CUST-0473,PROD-0038,West,Nevada,Las Vegas,Office Supplies,Storage,718.2,4,0.05,310.77
ORD-2025-10062,2025-12-08,2025-12-12,CUST-0013,PROD-0035,Central,Ohio,Columbus,Furniture,Furnishings,318.75,5,0.15,146.33
ORD-2025-10337,2025-12-08,2025-12-10,CUST-0072,PROD-0048,West,Nevada,Las Vegas,Office Supplies,Paper,252.0,10,0.1,105.95
ORD-2025-11149,2025-12-08,2025-12-12,CUST-0215,PROD-0033,East,Pennsylvania,Philadelphia,Furniture,Bookcases,456.3,3,0.1,181.56
ORD-2025-11559,2025-12-08,2025-12-10,CUST-0300,PROD-0039,Central,Michigan,Detroit,Office Supplies,Storage,28.8,1,0.1,13.28
ORD-2025-11667,2025-12-08,2025-12-11,CUST-0317,PROD-0059,West,Oregon,Portland,Office Supplies,Fasteners,39.6,4,0.1,2.99
ORD-2025-14050,2025-12-08,2025-12-09,CUST-0758,PROD-0001,Central,Ohio,Cleveland,Technology,Phones,799.0,1,0.0,343.19
ORD-2025-11069,2025-12-09,2025-12-11,CUST-0198,PROD-0005,Central,Michigan,Detroit,Technology,Phones,1900.0,2,0.0,689.8
ORD-2025-11091,2025-12-09,2025-12-10,CUST-0201,PROD-0060,West,Oregon,Portland,Office Supplies,Fasteners,13.3,1,0.05,2.29
ORD-2025-11296,2025-12-09,2025-12-12,CUST-0242,PROD-0010,East,New Jersey,Newark,Technology,Laptops,2898.0,2,0.0,1188.93
ORD-2025-12986,2025-12-09,2025-12-13,CUST-0550,PROD-0024,West,Nevada,Las Vegas,Furniture,Chairs,239.2,1,0.2,93.39
ORD-2025-13528,2025-12-09,2025-12-13,CUST-0649,PROD-0008,Central,Texas,Austin,Technology,Laptops,7596.0,4,0.0,3176.78
ORD-2025-13553,2025-12-09,2025-12-11,CUST-0653,PROD-0005,West,Arizona,Phoenix,Technology,Phones,1900.0,2,0.0,686.39
ORD-2025-13867,2025-12-09,2025-12-11,CUST-0723,PROD-0030,West,Washington,Spokane,Furniture,Bookcases,229.0,1,0.0,114.68
ORD-2025-13993,2025-12-09,2025-12-13,CUST-0749,PROD-0040,Central,Ohio,Columbus,Office Supplies,Storage,58.65,1,0.15,27.29
ORD-2025-14401,2025-12-09,2025-12-11,CUST-0838,PROD-0040,South,Georgia,Atlanta,Office Supplies,Storage,62.1,1,0.1,30.58
ORD-2025-10315,2025-12-10,2025-12-12,CUST-0069,PROD-0028,West,California,San Diego,Furniture,Tables,1598.0,2,0.0,689.78
ORD-2025-10917,2025-12-10,2025-12-12,CUST-0168,PROD-0057,South,Florida,Miami,Office Supplies,Appliances,162.0,4,0.1,67.59
ORD-2025-11524,2025-12-10,2025-12-13,CUST-0291,PROD-0049,Central,Texas,Austin,Office Supplies,Paper,22.0,1,0.0,9.8
ORD-2025-10285,2025-12-11,2025-12-18,CUST-0064,PROD-0032,Central,Texas,Austin,Furniture,Bookcases,606.1,2,0.05,275.92
ORD-2025-10624,2025-12-11,2025-12-13,CUST-0124,PROD-0007,West,Nevada,Las Vegas,Technology,Laptops,3396.6,4,0.15,1052.31
ORD-2025-10806,2025-12-11,2025-12-13,CUST-0151,PROD-0049,West,Arizona,Phoenix,Office Supplies,Paper,20.9,1,0.05,9.41
ORD-2025-10836,2025-12-11,2025-12-14,CUST-0156,PROD-0014,East,New Jersey,Newark,Technology,Accessories,1490.0,10,0.0,884.16
ORD-2025-10881,2025-12-11,2025-12-14,CUST-0162,PROD-0019,South,Georgia,Atlanta,Technology,Copiers & Printers,888.3,3,0.1,330.6
ORD-2025-11498,2025-12-11,2025-12-13,CUST-0286,PROD-0004,Central,Ohio,Columbus,Technology,Phones,2198.0,2,0.0,830.91
ORD-2025-12747,2025-12-11,2025-12-12,CUST-0499,PROD-0048,East,New York,Buffalo,Office Supplies,Paper,79.8,3,0.05,32.48
ORD-2025-13002,2025-12-11,2025-12-18,CUST-0553,PROD-0029,Central,Ohio,Columbus,Furniture,Tables,1276.0,4,0.0,530.43
ORD-2025-13003,2025-12-11,2025-12-13,CUST-0553,PROD-0006,Central,Ohio,Columbus,Technology,Laptops,4676.4,4,0.1,1661.28
ORD-2025-13236,2025-12-11,2025-12-13,CUST-0597,PROD-0036,West,California,Los Angeles,Furniture,Furnishings,83.3,2,0.15,35.95
ORD-2025-14174,2025-12-11,2025-12-15,CUST-0781,PROD-0035,East,Pennsylvania,Philadelphia,Furniture,Furnishings,150.0,2,0.0,80.0
ORD-2025-10182,2025-12-12,2025-12-13,CUST-0037,PROD-0029,West,California,San Francisco,Furniture,Tables,159.5,1,0.5,-23.78
ORD-2025-10392,2025-12-12,2025-12-15,CUST-0081,PROD-0058,East,Massachusetts,Boston,Office Supplies,Fasteners,29.0,1,0.0,10.66
ORD-2025-10766,2025-12-12,2025-12-15,CUST-0146,PROD-0043,East,Pennsylvania,Philadelphia,Office Supplies,Art,59.0,1,0.0,30.85
ORD-2025-12577,2025-12-12,2025-12-14,CUST-0469,PROD-0043,East,New York,Buffalo,Office Supplies,Art,177.0,3,0.0,84.4
ORD-2025-12671,2025-12-12,2025-12-13,CUST-0487,PROD-0017,South,Florida,Orlando,Technology,Copiers & Printers,1258.2,2,0.1,491.46
ORD-2025-12882,2025-12-12,2025-12-14,CUST-0522,PROD-0004,Central,Texas,Austin,Technology,Phones,3297.0,3,0.0,1243.84
ORD-2025-13390,2025-12-12,2025-12-14,CUST-0625,PROD-0059,West,Washington,Seattle,Office Supplies,Fasteners,11.0,1,0.0,3.28
ORD-2025-13591,2025-12-12,2025-12-14,CUST-0662,PROD-0003,Central,Texas,Austin,Technology,Phones,379.05,1,0.05,152.42
ORD-2025-14283,2025-12-12,2025-12-15,CUST-0813,PROD-0005,Central,Minnesota,Minneapolis,Technology,Phones,902.5,1,0.05,298.51
ORD-2025-14397,2025-12-12,2025-12-17,CUST-0837,PROD-0050,West,Oregon,Portland,Office Supplies,Binders,42.0,1,0.0,20.06
ORD-2025-10258,2025-12-13,2025-12-17,CUST-0060,PROD-0047,South,Florida,Miami,Office Supplies,Paper,96.0,4,0.0,36.97
ORD-2025-10381,2025-12-13,2025-12-14,CUST-0080,PROD-0024,East,Massachusetts,Boston,Furniture,Chairs,284.05,1,0.05,140.55
ORD-2025-10609,2025-12-13,2025-12-16,CUST-0121,PROD-0026,West,Washington,Spokane,Furniture,Tables,1497.0,3,0.0,638.36
ORD-2025-10749,2025-12-13,2025-12-17,CUST-0145,PROD-0060,South,North Carolina,Charlotte,Office Supplies,Fasteners,42.0,3,0.0,16.69
ORD-2025-11544,2025-12-13,2025-12-19,CUST-0295,PROD-0020,West,California,San Diego,Furniture,Chairs,1256.4,4,0.1,588.47
ORD-2025-11676,2025-12-13,2025-12-14,CUST-0318,PROD-0045,East,New York,New York City,Office Supplies,Art,297.0,3,0.1,152.25
ORD-2025-12532,2025-12-13,2025-12-17,CUST-0463,PROD-0011,West,Washington,Seattle,Technology,Accessories,258.0,2,0.0,157.08
ORD-2025-12777,2025-12-13,2025-12-16,CUST-0509,PROD-0012,West,Washington,Seattle,Technology,Accessories,295.0,5,0.0,188.76
ORD-2025-10460,2025-12-14,2025-12-16,CUST-0089,PROD-0011,Central,Michigan,Detroit,Technology,Accessories,1032.0,8,0.0,634.61
ORD-2025-10584,2025-12-14,2025-12-19,CUST-0114,PROD-0006,East,Massachusetts,Boston,Technology,Laptops,2598.0,2,0.0,1085.48
ORD-2025-10694,2025-12-14,2025-12-16,CUST-0134,PROD-0048,Central,Texas,Houston,Office Supplies,Paper,56.0,2,0.0,26.35
ORD-2025-11680,2025-12-14,2025-12-16,CUST-0318,PROD-0028,East,New York,New York City,Furniture,Tables,2796.5,5,0.3,527.95
ORD-2025-11891,2025-12-14,2025-12-15,CUST-0354,PROD-0058,West,California,San Diego,Office Supplies,Fasteners,29.0,1,0.0,11.52
ORD-2025-11993,2025-12-14,2025-12-16,CUST-0377,PROD-0021,West,Nevada,Las Vegas,Furniture,Chairs,359.1,1,0.1,165.74
ORD-2025-12305,2025-12-14,2025-12-15,CUST-0423,PROD-0036,South,Tennessee,Nashville,Furniture,Furnishings,49.0,1,0.0,25.83
ORD-2025-12352,2025-12-14,2025-12-17,CUST-0429,PROD-0045,Central ,Texas,Dallas,Office Supplies,Art,220.0,2,0.0,120.96
ORD-2025-13998,2025-12-14,2025-12-19,CUST-0749,PROD-0044,Central,Ohio,Columbus,Office Supplies,Art,142.2,3,0.4,26.56
ORD-2025-14416,2025-12-14,2025-12-16,CUST-0841,PROD-0052,East,New York,Buffalo,Office Supplies,Binders,19.0,1,0.0,6.76
ORD-2025-10352,2025-12-15,2025-12-16,CUST-0073,PROD-0007,West,Nevada,Las Vegas,Technology,Laptops,1998.0,2,0.0,828.28
ORD-2025-11011,2025-12-15,2025-12-18,CUST-0189,PROD-0021,South,Virginia,Richmond,Furniture,Chairs,359.1,1,0.1,164.46
ORD-2025-12824,2025-12-15,2025-12-16,CUST-0516,PROD-0018,South,Florida,Miami,Technology,Copiers & Printers,169.15,1,0.15,52.45
ORD-2025-10479,2025-12-16,2025-12-21,CUST-0095,PROD-0037,South,Tennessee,Nashville,Furniture,Furnishings,147.0,1,0.3,51.6
ORD-2025-10989,2025-12-16,2025-12-21,CUST-0183,PROD-0060,South,Florida,Orlando,Office Supplies,Fasteners,23.8,2,0.15,1.53
ORD-2025-11951,2025-12-16,2025-12-22,CUST-0367,PROD-0005,West,Washington,Spokane,Technology,Phones,1900.0,2,0.0,689.77
ORD-2025-12048,2025-12-16,2025-12-17,CUST-0385,PROD-0009,West,Oregon,Portland,Technology,Laptops,549.0,1,0.0,223.82
ORD-2025-12392,2025-12-16,2025-12-18,CUST-0437,PROD-0002,Central,Minnesota,Minneapolis,Technology,Phones,1798.0,2,0.0,748.17
ORD-2025-12899,2025-12-16,2025-12-17,CUST-0526,PROD-0020,West,California,Los Angeles,Furniture,Chairs,349.0,1,0.0,185.21
ORD-2025-13000,2025-12-16,2025-12-20,CUST-0552,PROD-0045,Central,Michigan,Detroit,Office Supplies,Art,550.0,5,0.0,302.03
ORD-2025-13045,2025-12-16,2025-12-18,CUST-0562,PROD-0017,Central,Illinois,Chicago,Technology,Copiers & Printers,699.0,1,0.0,314.44
ORD-2025-13256,2025-12-16,2025-12-19,CUST-0598,PROD-0044,Central,Texas,Austin,Office Supplies,Art,79.0,1,0.0,43.73
ORD-2025-13323,2025-12-16,2025-12-21,CUST-0615,PROD-0049,East,Pennsylvania,Philadelphia,Office Supplies,Paper,20.9,1,0.05,6.89
ORD-2025-13695,2025-12-16,2025-12-18,CUST-0685,PROD-0052,East,New York,Buffalo,Office Supplies,Binders,16.15,1,0.15,2.99
ORD-2025-14133,2025-12-16,2025-12-18,CUST-0773,PROD-0052,West,Nevada,Las Vegas,Office Supplies,Binders,18.05,1,0.05,7.65
ORD-2025-14352,2025-12-16,2025-12-17,CUST-0826,PROD-0004,West,Colorado,Denver,Technology,Phones,1099.0,1,0.0,413.49
ORD-2025-11356,2025-12-17,2025-12-20,CUST-0256,PROD-0020,West,Washington,Spokane,Furniture,Chairs,1396.0,5,0.2,561.65
ORD-2025-12771,2025-12-17,2025-12-19,CUST-0507,PROD-0026,Central,Michigan,Detroit,Furniture,Tables,499.0,1,0.0,213.8
ORD-2025-12840,2025-12-17,2025-12-20,CUST-0517,PROD-0019,South,Georgia,Atlanta,Technology,Copiers & Printers,329.0,1,0.0,142.51
ORD-2025-13401,2025-12-17,2025-12-21,CUST-0626,PROD-0027,East,New Jersey,Newark,Furniture,Tables,500.4,4,0.1,173.39
ORD-2025-13886,2025-12-17,2025-12-19,CUST-0727,PROD-0043,West,Nevada,Las Vegas,Office Supplies,Art,59.0,1,0.0,30.12
ORD-2025-10055,2025-12-18,2025-12-21,CUST-0010,PROD-0059,Central,Ohio,Cleveland,Office Supplies,Fasteners,11.0,1,0.0,0.68
ORD-2025-10525,2025-12-18,2025-12-19,CUST-0104,PROD-0049,South,Georgia,Atlanta,Office Supplies,Paper,56.1,3,0.15,22.45
ORD-2025-11044,2025-12-18,2025-12-20,CUST-0192,PROD-0041,East,Massachusetts,Boston,Office Supplies,Storage,35.1,1,0.1,13.8
ORD-2025-11541,2025-12-18,2025-12-21,CUST-0294,PROD-0037,Central,Minnesota,Minneapolis,Furniture,Furnishings,210.0,1,0.0,116.55
ORD-2025-12697,2025-12-18,2025-12-21,CUST-0492,PROD-0031,West,California,San Jose,Furniture,Bookcases,277.2,4,0.3,77.8
ORD-2025-12783,2025-12-18,2025-12-20,CUST-0511,PROD-0027,East,Pennsylvania,Pittsburgh,Furniture,Tables,139.0,1,0.0,58.76
ORD-2025-13070,2025-12-18,2025-12-20,CUST-0566,PROD-0015,West,Colorado,Denver,Technology,Accessories,178.0,2,0.0,94.98
ORD-2025-10098,2025-12-19,2025-12-22,CUST-0022,PROD-0029,West,Colorado,Denver,furniture,Tables,303.05,1,0.05,118.58
ORD-2025-10515,2025-12-19,2025-12-21,CUST-0100,PROD-0059,West,California,Los Angeles,Office Supplies,Fasteners,29.7,3,0.1,4.12
ORD-2025-11127,2025-12-19,2025-12-21,CUST-0208,PROD-0042,East,New York,New York City,Office Supplies,Art,147.0,3,0.0,79.3
ORD-2025-11865,2025-12-19,2025-12-21,CUST-0350,PROD-0039,Central,Ohio,Columbus,Office Supplies,Storage,28.8,1,0.1,12.11
ORD-2025-12001,2025-12-19,2025-12-24,CUST-0378,PROD-0058,West,California,San Diego,Office Supplies,Fasteners,29.0,1,0.0,13.75
ORD-2025-12487,2025-12-19,2025-12-24,CUST-0456,PROD-0034,Central,Minnesota,Minneapolis,Furniture,Furnishings,234.0,4,0.1,107.58
ORD-2025-12608,2025-12-19,2025-12-24,CUST-0474,PROD-0016,South,Florida,Orlando,Technology,Copiers & Printers,3398.0,2,0.0,1586.77
ORD-2025-13073,2025-12-19,2025-12-24,CUST-0566,PROD-0052,West,Colorado,Denver,Office Supplies,Binders,54.15,3,0.05,18.65
ORD-2025-10360,2025-12-20,2025-12-22,CUST-0076,PROD-0016,West,Nevada,Las Vegas,Technology,Copiers & Printers,1614.05,1,0.05,707.71
ORD-2025-10612,2025-12-20,2025-12-22,CUST-0122,PROD-0020,Central,Ohio,Columbus,Furniture,Chairs,349.0,1,0.0,184.87
ORD-2025-11558,2025-12-20,2025-12-22,CUST-0300,PROD-0013,Central,Michigan,Detroit,Technology,Accessories,131.1,2,0.05,79.59
ORD-2025-11903,2025-12-20,2025-12-23,CUST-0358,PROD-0012,Central,Minnesota,Minneapolis,Technology,Accessories,59.0,1,0.0,34.98
ORD-2025-12103,2025-12-20,2025-12-21,CUST-0394,PROD-0001,Central,Ohio,Cleveland,Technology,Phones,679.15,1,0.15,222.56
ORD-2025-13082,2025-12-20,2025-12-22,CUST-0567,PROD-0046,South,Florida,Orlando,Office Supplies,Paper,161.5,5,0.05,72.29
ORD-2025-13440,2025-12-20,2025-12-21,CUST-0635,PROD-0039,West,Oregon,Portland,Office Supplies,Storage,30.4,1,0.05,14.07
ORD-2025-13601,2025-12-20,2025-12-22,CUST-0666,PROD-0018,Central,Ohio,Cleveland,Technology,Copiers & Printers,597.0,3,0.0,253.93
ORD-2025-13647,2025-12-20,2025-12-22,CUST-0675,PROD-0009,East,New Jersey,Newark,Technology,Laptops,1098.0,2,0.0,447.51
ORD-2025-14466,2025-12-20,2025-12-22,CUST-0849,PROD-0011,South,Florida,Orlando,Technology,Accessories,348.3,3,0.1,192.43
ORD-2025-10180,2025-12-21,2025-12-23,CUST-0037,PROD-0053,West,California,San Francisco,Office Supplies,Binders,24.0,2,0.0,2.16
ORD-2025-11412,2025-12-21,2025-12-25,CUST-0268,PROD-0041,Central,Texas,San Antonio,Office Supplies,Storage,66.3,2,0.15,27.78
ORD-2025-11921,2025-12-21,2025-12-23,CUST-0361,PROD-0054,South,Georgia,Atlanta,Office Supplies,Appliances,897.0,3,0.0,461.19
ORD-2025-14280,2025-12-21,2025-12-22,CUST-0812,PROD-0023,South,Tennessee,Nashville,Furniture,Chairs,896.4,4,0.1,401.43
ORD-2025-14385,2025-12-21,2025-12-22,CUST-0834,PROD-0048,West,California,San Diego,Office Supplies,Paper,106.4,4,0.05,34.83
ORD-2025-10995,2025-12-22,2025-12-25,CUST-0185,PROD-0012,Central,Texas,Houston,Technology,Accessories,112.1,2,0.05,65.83
ORD-2025-13742,2025-12-22,2025-12-24,CUST-0695,PROD-0041,South,Florida,Miami,Office Supplies,Storage,62.4,2,0.2,19.96
ORD-2025-13825,2025-12-22,2025-12-25,CUST-0711,PROD-0048,South,Florida,Miami,Office Supplies,Paper,26.6,1,0.05,9.23
ORD-2025-14035,2025-12-22,2025-12-25,CUST-0756,PROD-0028,South,North Carolina,Charlotte,Furniture,Tables,3595.5,5,0.1,1329.59
ORD-2025-14211,2025-12-22,2025-12-24,CUST-0793,PROD-0050,Central,Illinois,Chicago,Office Supplies,Binders,37.8,1,0.1,17.75
ORD-2025-10820,2025-12-23,2025-12-26,CUST-0155,PROD-0012,West,California,San Jose,Technology,Accessories,59.0,1,0.0,36.14
ORD-2025-11134,2025-12-23,2025-12-28,CUST-0209,PROD-0023,Central,Texas,Austin,Furniture,Chairs,747.0,3,0.0,371.36
ORD-2025-11244,2025-12-23,2025-12-25,CUST-0234,PROD-0039,Central,Ohio,Cleveland,Office Supplies,Storage,54.4,2,0.15,16.77
ORD-2025-12126,2025-12-23,2025-12-25,CUST-0397,PROD-0009,West,Oregon,Portland,Technology,Laptops,549.0,1,0.0,225.79
ORD-2025-13041,2025-12-23,2025-12-25,CUST-0562,PROD-0051,Central,Illinois,Chicago,Office Supplies,Binders,18.0,1,0.0,5.6
ORD-2025-13385,2025-12-23,2025-12-26,CUST-0625,PROD-0009,West,Washington,Seattle,Technology,Laptops,1098.0,2,0.0,446.34
ORD-2025-13682,2025-12-23,2025-12-27,CUST-0683,PROD-0010,Central,Ohio,Columbus,Technology,Laptops,4129.65,3,0.05,1560.86
ORD-2025-14017,2025-12-23,2025-12-27,CUST-0753,PROD-0046,West,California,Los Angeles,Office Supplies,Paper,81.6,4,0.4,13.08
ORD-2025-10419,2025-12-24,2025-12-29,CUST-0086,PROD-0028,West,Colorado,Denver,Furniture,Tables,2157.3,3,0.1,796.84
ORD-2025-11418,2025-12-24,2025-12-31,CUST-0268,PROD-0029,Central,Texas,San Antonio,Furniture,Tables,957.0,3,0.0,398.13
ORD-2025-11447,2025-12-24,2025-12-25,CUST-0275,PROD-0034,East,Pennsylvania,Pittsburgh,Furniture,Furnishings,390.0,6,0.0,220.87
ORD-2025-11500,2025-12-24,2025-12-25,CUST-0286,PROD-0027,Central,Ohio,Columbus,Furniture,Tables,83.4,1,0.4,3.23
ORD-2025-11550,2025-12-24,2025-12-25,CUST-0296,PROD-0017,South,Tennessee,Nashville,Technology,Copiers & Printers,699.0,1,0.0,312.06
ORD-2025-13023,2025-12-24,2025-12-27,CUST-0556,PROD-0049,East,New York,New York City,Office Supplies,Paper,22.0,1,0.0,10.82
ORD-2025-13706,2025-12-24,2025-12-26,CUST-0689,PROD-0001,West,Nevada,Las Vegas,Technology,Phones,3196.0,4,0.0,1380.08
ORD-2025-10220,2025-12-25,2025-12-30,CUST-0049,PROD-0035,South,Virginia,Richmond,Furniture,Furnishings,71.25,1,0.05,34.55
ORD-2025-10653,2025-12-25,2025-12-27,CUST-0126,PROD-0059,East,New York,New York City,Office Supplies,Fasteners,22.0,2,0.0,5.61
ORD-2025-10695,2025-12-25,2025-12-31,CUST-0134,PROD-0057,Central,Texas,Houston,Office Supplies,Appliances,85.5,2,0.05,36.2
ORD-2025-10899,2025-12-25,2025-12-28,CUST-0165,PROD-0008,East,Massachusetts,Boston,Technology,Laptops,9684.9,6,0.15,3055.2
ORD-2025-11791,2025-12-25,2025-12-28,CUST-0337,PROD-0056,East,New York,Buffalo,Office Supplies,Appliances,183.2,1,0.2,70.19
ORD-2025-12725,2025-12-25,2025-12-27,CUST-0497,PROD-0048,West,California,San Francisco,Office Supplies,Paper,126.0,5,0.1,44.44
ORD-2025-13584,2025-12-25,2025-12-27,CUST-0661,PROD-0030,East,New Jersey,Newark,Furniture,Bookcases,206.1,1,0.1,89.13
ORD-2025-14164,2025-12-25,2025-12-30,CUST-0779,PROD-0010,South,Florida,Miami,Technology,Laptops,1449.0,1,0.0,594.61
ORD-2025-10866,2025-12-26,2025-12-28,CUST-0161,PROD-0046,East,New York,Buffalo,Office Supplies,Paper,34.0,1,0.0,15.85
ORD-2025-12154,2025-12-26,2025-12-29,CUST-0400,PROD-0006,South,Tennessee,Nashville,Technology,Laptops,2598.0,2,0.0,1086.62
ORD-2025-12527,2025-12-26,2025-12-30,CUST-0462,PROD-0018,South,Florida,Orlando,Technology,Copiers & Printers,398.0,2,0.0,168.54
ORD-2025-10880,2025-12-27,2025-12-28,CUST-0162,PROD-0027,South,Georgia,Atlanta,Furniture,Tables,417.0,5,0.4,16.25
ORD-2025-11055,2025-12-27,2025-12-28,CUST-0195,PROD-0019,South,Georgia,Atlanta,Technology,Copiers & Printers,329.0,1,0.0,143.25
ORD-2025-11218,2025-12-27,2025-12-28,CUST-0230,PROD-0038,South,Florida,Orlando,Office Supplies,Storage,179.55,1,0.05,81.04
ORD-2025-11828,2025-12-27,2026-01-02,CUST-0343,PROD-0006,South,Florida,Tampa,Technology,Laptops,1299.0,1,0.0,542.25
ORD-2025-11835,2025-12-27,2025-12-29,CUST-0345,PROD-0008,Central,Ohio,Cleveland,Technology,Laptops,3798.0,2,0.0,1585.3
ORD-2025-12348,2025-12-27,2025-12-28,CUST-0427,PROD-0051,West,California,San Diego,Office Supplies,Binders,17.1,1,0.05,7.92
ORD-2025-12913,2025-12-27,2025-12-29,CUST-0529,PROD-0020,West,Nevada,Las Vegas,Furniture,Chairs,628.2,2,0.1,299.92
ORD-2025-13424,2025-12-27,2025-12-28,CUST-0630,PROD-0026,Central,Illinois,Chicago,Furniture,Tables,998.0,2,0.0,428.25
ORD-2025-14200,2025-12-27,2025-12-30,CUST-0789,PROD-0008,East,New York,New York City,Technology,Laptops,1899.0,1,0.0,795.7
ORD-2025-10455,2025-12-28,2025-12-30,CUST-0089,PROD-0044,Central,Michigan,Detroit,Office Supplies,Art,213.3,3,0.1,100.01
ORD-2025-11388,2025-12-28,2025-12-31,CUST-0261,PROD-0034,West,Oregon,Portland,Furniture,Furnishings,156.0,3,0.2,69.62
ORD-2025-11782,2025-12-28,2026-01-02,CUST-0334,PROD-0053,Central,Minnesota,Minneapolis,Office Supplies,Binders,22.8,2,0.05,5.99
ORD-2025-12142,2025-12-28,2025-12-30,CUST-0399,PROD-0038,West,California,San Diego,Office Supplies,Storage,302.4,2,0.2,103.14
ORD-2025-13342,2025-12-28,2025-12-31,CUST-0617,PROD-0012,West,Washington,Seattle,Technology,Accessories,59.0,1,0.0,37.92
ORD-2025-14000,2025-12-28,2026-01-01,CUST-0749,PROD-0047,Central,Ohio,Columbus,Office Supplies,Paper,24.0,1,0.0,8.84
ORD-2025-14422,2025-12-28,2025-12-31,CUST-0842,PROD-0009,Central,Texas,San Antonio,Technology,Laptops,933.3,2,0.15,285.4
ORD-2025-10333,2025-12-29,2026-01-04,CUST-0071,PROD-0039,South,Florida,Tampa,Office Supplies,Storage,67.2,3,0.3,22.14
ORD-2025-11272,2025-12-29,2026-01-01,CUST-0239,PROD-0044,West,Nevada,Las Vegas,Office Supplies,Art,158.0,2,0.0,82.51
ORD-2025-11571,2025-12-29,2025-12-31,CUST-0301,PROD-0006,West,Oregon,Portland,Technology,Laptops,3897.0,3,0.0,1633.21
ORD-2025-12006,2025-12-29,2025-12-30,CUST-0380,PROD-0035,West,California,San Francisco,Furniture,Furnishings,150.0,2,0.0,82.27
ORD-2025-12077,2025-12-29,2025-12-31,CUST-0389,PROD-0052,East,New York,New York City,Office Supplies,Binders,54.15,3,0.05,18.77
ORD-2025-12138,2025-12-29,2025-12-31,CUST-0397,PROD-0031,West,Oregon,Portland,Furniture,Bookcases,282.15,3,0.05,128.13
ORD-2025-12150,2025-12-29,2026-01-01,CUST-0400,PROD-0008,South,Tennessee,Nashville,Technology,Laptops,1899.0,1,0.0,794.86
ORD-2025-12168,2025-12-29,2025-12-31,CUST-0402,PROD-0025,Central,Texas,Austin,Furniture,Tables,584.1,1,0.1,198.68
ORD-2025-12211,2025-12-30,2026-01-02,CUST-0409,PROD-0038,West,Nevada,Las Vegas,office supplies,Storage,1323.0,10,0.3,337.29
ORD-2025-12334,2025-12-30,2025-12-31,CUST-0426,PROD-0033,West,Washington,Spokane,Furniture,Bookcases,101.4,1,0.4,10.77
ORD-2025-13089,2025-12-30,2026-01-01,CUST-0568,PROD-0056,South,Virginia,Richmond,Office Supplies,Appliances,229.0,1,0.0,113.29
ORD-2025-13670,2025-12-30,2026-01-03,CUST-0679,PROD-0054,South,Tennessee,Nashville,Office Supplies,Appliances,418.6,2,0.3,127.26
ORD-2025-13773,2025-12-30,2026-01-01,CUST-0701,PROD-0011,East,New York,New York City,Technology,Accessories,122.55,1,0.05,71.15
ORD-2025-10511,2025-12-31,2026-01-05,CUST-0099,PROD-0047,East,Pennsylvania,Philadelphia,Office Supplies,Paper,22.8,1,0.05,7.95
ORD-2025-11252,2025-12-31,2026-01-04,CUST-0234,PROD-0050,Central,Ohio,Cleveland,Office Supplies,Binders,37.8,1,0.1,18.7
ORD-2025-11845,2025-12-31,2026-01-02,CUST-0345,PROD-0051,Central,Ohio,Cleveland,Office Supplies,Binders,16.2,1,0.1,3.46
ORD-2025-12020,2025-12-31,2026-01-05,CUST-0381,PROD-0006,Central,Texas,Austin,Technology,Laptops,3312.45,3,0.15,1045.8
ORD-2025-12152,2025-12-31,2026-01-02,CUST-0400,PROD-0049,South,Tennessee,Nashville,Office Supplies,Paper,17.6,1,0.2,5.83
ORD-2025-12622,2025-12-31,2026-01-04,CUST-0478,PROD-0046,East,Pennsylvania,Philadelphia,Office Supplies,Paper,34.0,1,0.0,13.25
ORD-2025-12929,2025-12-31,2026-01-04,CUST-0536,PROD-0042,South,Virginia,Richmond,Office Supplies,Art,465.5,10,0.05,239.11
ORD-2025-13076,2025-12-31,2026-01-02,CUST-0567,PROD-0045,South,Florida,Orlando,Office Supplies,Art,792.0,8,0.1,379.17
ORD-2025-13156,2025-12-31,2026-01-02,CUST-0585,PROD-0013,Central,Texas,Houston,Technology,Accessories,58.65,1,0.15,29.78
ORD-2025-13335,2025-12-31,2026-01-02,CUST-0616,PROD-0028,East,New Jersey,Newark,Furniture,Tables,799.0,1,0.0,344.21
ORD-2025-13663,2025-12-31,2026-01-03,CUST-0679,PROD-0004,South,Tennessee,Nashville,Technology,Phones,3297.0,3,0.0,1242.53
ORD-2025-14051,2025-12-31,2026-01-06,CUST-0758,PROD-0032,Central,Ohio,Cleveland,Furniture,Bookcases,1212.2,4,0.05,551.16
ORD-2026-10357,2026-01-01,2026-01-04,CUST-0075,PROD-0045,Central,Ohio,Columbus,Office Supplies,Art,187.0,2,0.15,90.3
ORD-2026-11108,2026-01-01,2026-01-03,CUST-0205,PROD-0022,Central,Minnesota,Minneapolis,Furniture,Chairs,832.2,4,0.05,432.31
ORD-2026-11352,2026-01-01,2026-01-04,CUST-0255,PROD-0009,Central,Ohio,Cleveland,Technology,Laptops,1647.0,3,0.0,673.67
ORD-2026-10345,2026-01-02,2026-01-06,CUST-0073,PROD-0052,West,Nevada,Las Vegas,Office Supplies,Binders,38.0,2,0.0,17.56
ORD-2026-14437,2026-01-02,2026-01-06,CUST-0846,PROD-0020,East,Pennsylvania,Pittsburgh,Furniture,Chairs,663.1,2,0.05,332.4
ORD-2026-10395,2026-01-03,2026-01-06,CUST-0082,PROD-0013,Central,Texas,Houston,Technology,Accessories,345.0,5,0.0,204.85
ORD-2026-12784,2026-01-03,2026-01-05,CUST-0511,PROD-0048,East,Pennsylvania,Pittsburgh,Office Supplies,Paper,26.6,1,0.05,12.38
ORD-2026-13616,2026-01-03,2026-01-05,CUST-0669,PROD-0026,South,North Carolina,Charlotte,Furniture,Tables,499.0,1,0.0,213.78
ORD-2026-14292,2026-01-03,2026-01-08,CUST-0816,PROD-0052,Central,Texas,San Antonio,Office Supplies,Binders,51.3,3,0.1,15.79
ORD-2026-11152,2026-01-04,2026-01-06,CUST-0215,PROD-0034,East,Pennsylvania,Philadelphia,Furniture,Furnishings,175.5,3,0.1,86.76
ORD-2026-11389,2026-01-04,2026-01-06,CUST-0261,PROD-0013,West,Oregon,Portland,Technology,Accessories,69.0,1,0.0,41.86
ORD-2026-11508,2026-01-04,2026-01-09,CUST-0288,PROD-0047,West,Washington,Seattle,Office Supplies,Paper,72.0,3,0.0,32.01
ORD-2026-12679,2026-01-04,2026-01-10,CUST-0489,PROD-0039,Central,Michigan,Detroit,Office Supplies,Storage,32.0,1,0.0,14.1
ORD-2026-11629,2026-01-05,2026-01-06,CUST-0311,PROD-0046,West,California,San Diego,Office Supplies,Paper,34.0,1,0.0,15.96
ORD-2026-11320,2026-01-06,2026-01-08,CUST-0248,PROD-0007,West,Oregon,Portland,Technology,Laptops,999.0,1,0.0,412.29
ORD-2026-13237,2026-01-06,2026-01-08,CUST-0597,PROD-0013,West,California,Los Angeles,Technology,Accessories,393.3,6,0.05,224.65
ORD-2026-13604,2026-01-06,2026-01-11,CUST-0666,PROD-0048,Central,Ohio,Cleveland,Office Supplies,Paper,28.0,1,0.0,10.78
ORD-2026-11312,2026-01-07,2026-01-10,CUST-0246,PROD-0029,West,California,San Diego,Furniture,Tables,1020.8,4,0.2,276.59
ORD-2026-11446,2026-01-07,2026-01-09,CUST-0275,PROD-0004,East,Pennsylvania,Pittsburgh,Technology,Phones,1099.0,1,0.0,415.9
ORD-2026-11663,2026-01-07,2026-01-09,CUST-0317,PROD-0043,West,Oregon,Portland,Office Supplies,Art,177.0,3,0.0,91.1
ORD-2026-13145,2026-01-07,2026-01-09,CUST-0583,PROD-0024,East,Pennsylvania,Pittsburgh,Furniture,Chairs,598.0,2,0.0,309.47
ORD-2026-13346,2026-01-07,2026-01-09,CUST-0617,PROD-0016,West,Washington,Seattle,Technology,Copiers & Printers,1699.0,1,0.0,792.03
ORD-2026-13669,2026-01-07,2026-01-11,CUST-0679,PROD-0059,South,Tennessee,Nashville,Office Supplies,Fasteners,19.8,2,0.1,-0.7
ORD-2026-11039,2026-01-08,2026-01-11,CUST-0192,PROD-0013,East,Massachusetts,Boston,Technology,Accessories,234.6,4,0.15,131.63
ORD-2026-11889,2026-01-08,2026-01-15,CUST-0354,PROD-0007,West,California,San Diego,Technology,Laptops,1998.0,2,0.0,828.43
ORD-2026-12052,2026-01-08,2026-01-13,CUST-0385,PROD-0035,West,Oregon,Portland,Furniture,Furnishings,75.0,1,0.0,39.52
ORD-2026-12559,2026-01-08,2026-01-13,CUST-0467,PROD-0025,Central,Texas,San Antonio,Furniture,Tables,908.6,2,0.3,136.95
ORD-2026-13244,2026-01-08,2026-01-11,CUST-0597,PROD-0053,West,California,Los Angeles,Office Supplies,Binders,12.0,1,0.0,3.56
ORD-2026-14160,2026-01-08,2026-01-09,CUST-0779,PROD-0030,South,Florida,Miami,Furniture,Bookcases,389.3,2,0.15,156.46
ORD-2026-10282,2026-01-09,2026-01-11,CUST-0064,PROD-0008,Central,Texas,Austin,Technology,Laptops,5697.0,3,0.0,2382.41
ORD-2026-12169,2026-01-10,2026-01-16,CUST-0402,PROD-0043,Central,Texas,Austin,Office Supplies,Art,472.0,8,0.0,237.52
ORD-2026-12412,2026-01-10,2026-01-14,CUST-0441,PROD-0026,Central,Texas,Austin,Furniture,Tables,474.05,1,0.05,190.55
ORD-2026-13416,2026-01-10,2026-01-13,CUST-0627,PROD-0022,West,Colorado,Denver,Furniture,Chairs,657.0,3,0.0,356.15
ORD-2026-13818,2026-01-10,2026-01-13,CUST-0710,PROD-0002,Central,Illinois,Chicago,Technology,Phones,2697.0,3,0.0,1120.15
ORD-2026-14158,2026-01-10,2026-01-15,CUST-0779,PROD-0052,South,Florida,Miami,Office Supplies,Binders,38.0,2,0.0,11.06
ORD-2026-10457,2026-01-11,2026-01-13,CUST-0089,PROD-0035,Central,Michigan,Detroit,Furniture,Furnishings,71.25,1,0.05,36.93
ORD-2026-11194,2026-01-11,2026-01-15,CUST-0227,PROD-0047,South,North Carolina,Charlotte,Office Supplies,Paper,68.4,3,0.05,28.73
ORD-2026-11730,2026-01-11,2026-01-14,CUST-0326,PROD-0035,West,Nevada,Las Vegas,Furniture,Furnishings,135.0,2,0.1,66.68
ORD-2026-12995,2026-01-11,2026-01-15,CUST-0551,PROD-0056,South,Florida,Orlando,Office Supplies,Appliances,320.6,2,0.3,91.73
ORD-2026-11729,2026-01-12,2026-01-15,CUST-0326,PROD-0038,West,Nevada,Las Vegas,Office Supplies,Storage,453.6,3,0.2,158.25
ORD-2026-12970,2026-01-12,2026-01-15,CUST-0546,PROD-0058,Central,Ohio,Columbus,Office Supplies,Fasteners,29.0,1,0.0,13.64
ORD-2026-13087,2026-01-12,2026-01-13,CUST-0568,PROD-0028,South,Virginia,Richmond,Furniture,Tables,719.1,1,0.1,262.24
ORD-2026-13096,2026-01-12,2026-01-18,CUST-0570,PROD-0016,South,Georgia,Atlanta,Technology,Copiers & Printers,1614.05,1,0.05,708.68
ORD-2026-13522,2026-01-12,2026-01-13,CUST-0646,PROD-0015,East,Pennsylvania,Philadelphia,Technology,Accessories,240.3,3,0.1,121.97
ORD-2026-14413,2026-01-12,2026-01-17,CUST-0840,PROD-0043,South,Florida,Tampa,Office Supplies,Art,59.0,1,0.0,31.01
ORD-2026-10459,2026-01-13,2026-01-15,CUST-0089,PROD-0043,Central ,Michigan,Detroit,Office Supplies,Art,112.1,2,0.05,55.15
ORD-2026-10671,2026-01-13,2026-01-15,CUST-0129,PROD-0053,East,New Jersey,Newark,Office Supplies,Binders,12.0,1,0.0,3.71
ORD-2026-10760,2026-01-13,2026-01-16,CUST-0146,PROD-0048,East,Pennsylvania,Philadelphia,Office Supplies,Paper,53.2,2,0.05,22.45
ORD-2026-10843,2026-01-13,2026-01-19,CUST-0158,PROD-0049,Central,Texas,Austin,Office Supplies,Paper,19.8,1,0.1,5.65
ORD-2026-12233,2026-01-13,2026-01-16,CUST-0412,PROD-0030,East,New York,Buffalo,Furniture,Bookcases,229.0,1,0.0,113.56
ORD-2026-12477,2026-01-13,2026-01-14,CUST-0456,PROD-0058,Central,Minnesota,Minneapolis,Office Supplies,Fasteners,27.55,1,0.05,11.13
ORD-2026-13095,2026-01-13,2026-01-15,CUST-0570,PROD-0039,South,Georgia,Atlanta,Office Supplies,Storage,96.0,3,0.0,48.05
ORD-2026-13118,2026-01-13,2026-01-19,CUST-0577,PROD-0057,Central,Texas,Houston,Office Supplies,Appliances,108.0,3,0.2,35.38
ORD-2026-14023,2026-01-13,2026-01-15,CUST-0753,PROD-0007,West,California,Los Angeles,Technology,Laptops,2997.0,3,0.0,1238.67
ORD-2026-14040,2026-01-13,2026-01-15,CUST-0757,PROD-0050,South,Florida,Miami,Office Supplies,Binders,37.8,1,0.1,15.61
ORD-2026-10946,2026-01-14,2026-01-19,CUST-0173,PROD-0034,East,New York,Buffalo,Furniture,Furnishings,65.0,1,0.0,34.28
ORD-2026-11117,2026-01-14,2026-01-18,CUST-0207,PROD-0031,West,California,Los Angeles,Furniture,Bookcases,79.2,2,0.6,-21.33
ORD-2026-12072,2026-01-14,2026-01-15,CUST-0389,PROD-0026,East,New York,New York City,Furniture,Tables,424.15,1,0.15,138.52
ORD-2026-12107,2026-01-14,2026-01-19,CUST-0394,PROD-0002,Central,Ohio,Cleveland,Technology,Phones,1708.1,2,0.05,659.02
ORD-2026-12325,2026-01-14,2026-01-15,CUST-0426,PROD-0031,West,Washington,Spokane,Furniture,Bookcases,118.8,2,0.4,20.05
ORD-2026-13169,2026-01-14,2026-01-17,CUST-0587,PROD-0055,West,Arizona,Phoenix,Office Supplies,Appliances,278.0,2,0.0,141.13
ORD-2026-13983,2026-01-14,2026-01-16,CUST-0747,PROD-0046,West,Colorado,Denver,Office Supplies,Paper,136.0,4,0.0,52.01
ORD-2026-12839,2026-01-15,2026-01-18,CUST-0517,PROD-0056,South,Georgia,Atlanta,Office Supplies,Appliances,206.1,1,0.1,89.43
ORD-2026-12932,2026-01-15,2026-01-16,CUST-0536,PROD-0052,South,Virginia,Richmond,Office Supplies,Binders,51.3,3,0.1,20.88
ORD-2026-13122,2026-01-15,2026-01-17,CUST-0578,PROD-0041,West,California,San Diego,Office Supplies,Storage,105.3,3,0.1,48.52
ORD-2026-11316,2026-01-17,2026-01-20,CUST-0246,PROD-0006,West,California,San Diego,Technology,Laptops,2598.0,2,0.0,1084.03
ORD-2026-13532,2026-01-17,2026-01-20,CUST-0649,PROD-0006,Central,Texas,Austin,Technology,Laptops,1299.0,1,0.0,544.07
ORD-2026-14205,2026-01-17,2026-01-18,CUST-0791,PROD-0021,West,California,San Jose,Furniture,Chairs,379.05,1,0.05,183.59
ORD-2026-10120,2026-01-18,2026-01-20,CUST-0028,PROD-0023,West,Oregon,Portland,Furniture,Chairs,498.0,2,0.0,249.56
ORD-2026-13602,2026-01-18,2026-01-20,CUST-0666,PROD-0035,Central,Ohio,Cleveland,Furniture,Furnishings,71.25,1,0.05,35.03
ORD-2026-10341,2026-01-19,2026-01-26,CUST-0073,PROD-0001,West,Nevada,Las Vegas,Technology,Phones,1518.1,2,0.05,608.77
ORD-2026-10576,2026-01-19,2026-01-21,CUST-0113,PROD-0011,Central,Minnesota,Minneapolis,Technology,Accessories,245.1,2,0.05,149.03
ORD-2026-10944,2026-01-19,2026-01-23,CUST-0172,PROD-0057,East,New York,Buffalo,Office Supplies,Appliances,450.0,10,0.0,206.4
ORD-2026-11555,2026-01-20,2026-01-24,CUST-0298,PROD-0008,South,Georgia,Atlanta,Technology,Laptops,1899.0,1,0.0,795.78
ORD-2026-11059,2026-01-21,2026-01-24,CUST-0195,PROD-0030,South,Georgia,Atlanta,Furniture,Bookcases,274.8,2,0.4,41.13
ORD-2026-13162,2026-01-21,2026-01-25,CUST-0585,PROD-0058,Central,Texas,Houston,Office Supplies,Fasteners,29.0,1,0.0,13.42
ORD-2026-10418,2026-01-22,2026-01-28,CUST-0086,PROD-0044,West,Colorado,Denver,Office Supplies,Art,158.0,2,0.0,83.52
ORD-2026-12772,2026-01-23,2026-01-26,CUST-0507,PROD-0049,Central,Michigan,Detroit,Office Supplies,Paper,56.1,3,0.15,19.2
ORD-2026-13235,2026-01-23,2026-01-30,CUST-0597,PROD-0028,West,California,Los Angeles,Furniture,Tables,1198.5,3,0.5,-169.01
ORD-2026-14031,2026-01-23,2026-01-28,CUST-0756,PROD-0039,South,North Carolina,Charlotte,Office Supplies,Storage,67.2,3,0.3,17.5
ORD-2026-14317,2026-01-23,2026-01-27,CUST-0820,PROD-0039,West,California,San Jose,Office Supplies,Storage,64.0,2,0.0,33.67
ORD-2026-14353,2026-01-23,2026-01-25,CUST-0826,PROD-0022,West,Colorado,Denver,Furniture,Chairs,219.0,1,0.0,120.52
ORD-2026-13551,2026-01-24,2026-01-26,CUST-0653,PROD-0059,West,Arizona,Phoenix,Office Supplies,Fasteners,19.8,2,0.1,5.29
ORD-2026-12354,2026-01-25,2026-01-27,CUST-0430,PROD-0001,West,Oregon,Portland,Technology,Phones,1598.0,2,0.0,689.85
ORD-2026-10972,2026-01-26,2026-01-28,CUST-0180,PROD-0034,South,Virginia,Richmond,Furniture,Furnishings,123.5,2,0.05,60.39
ORD-2026-11280,2026-01-26,2026-01-29,CUST-0240,PROD-0027,West,Nevada,Las Vegas,Furniture,Tables,333.6,4,0.4,10.72
ORD-2026-11942,2026-01-26,2026-01-27,CUST-0365,PROD-0046,East,Pennsylvania,Philadelphia,Office Supplies,Paper,64.6,2,0.05,22.97
ORD-2026-12399,2026-01-26,2026-01-28,CUST-0438,PROD-0023,Central,Texas,Austin,Furniture,Chairs,236.55,1,0.05,110.72
ORD-2026-13081,2026-01-26,2026-01-28,CUST-0567,PROD-0054,South,Florida,Orlando,Office Supplies,Appliances,299.0,1,0.0,154.99
ORD-2026-10068,2026-01-27,2026-01-29,CUST-0016,PROD-0025,East,Massachusetts,Boston,Furniture,Tables,454.3,1,0.3,68.35
ORD-2026-10733,2026-01-27,2026-01-30,CUST-0141,PROD-0035,East,New Jersey,Newark,Furniture,Furnishings,150.0,2,0.0,80.23
ORD-2026-11476,2026-01-27,2026-01-29,CUST-0279,PROD-0034,South,North Carolina,Charlotte,Furniture,Furnishings,61.75,1,0.05,33.34
ORD-2026-12337,2026-01-27,2026-01-30,CUST-0426,PROD-0019,West,Washington,Spokane,Technology,Copiers & Printers,625.1,2,0.05,254.07
ORD-2026-12822,2026-01-27,2026-01-31,CUST-0516,PROD-0012,South,Florida,Miami,Technology,Accessories,53.1,1,0.1,28.74
ORD-2026-14210,2026-01-27,2026-01-29,CUST-0793,PROD-0033,Central,Illinois,Chicago,Furniture,Bookcases,540.8,4,0.2,188.05
ORD-2026-10927,2026-01-28,2026-01-31,CUST-0170,PROD-0025,Central,Illinois,Chicago,Furniture,Tables,2596.0,4,0.0,1048.57
ORD-2026-12198,2026-01-28,2026-01-31,CUST-0406,PROD-0058,East,Massachusetts,Boston,Office Supplies,Fasteners,29.0,1,0.0,11.95
ORD-2026-12785,2026-01-28,2026-01-31,CUST-0511,PROD-0035,East,Pennsylvania,Pittsburgh,Furniture,Furnishings,270.0,4,0.1,123.75
ORD-2026-10594,2026-01-29,2026-01-31,CUST-0116,PROD-0058,South,North Carolina,Charlotte,Office Supplies,Fasteners,58.0,2,0.0,21.46
ORD-2026-12961,2026-01-29,2026-01-31,CUST-0544,PROD-0033,South,Florida,Orlando,Furniture,Bookcases,338.0,2,0.0,160.8
ORD-2026-13315,2026-01-29,2026-02-01,CUST-0612,PROD-0057,Central,Minnesota,Minneapolis,Office Supplies,Appliances,81.0,2,0.1,37.93
ORD-2026-10614,2026-01-30,2026-02-03,CUST-0122,PROD-0010,Central,Ohio,Columbus,Technology,Laptops,1304.1,1,0.1,449.19
ORD-2026-12171,2026-01-30,2026-01-31,CUST-0403,PROD-0036,South,Virginia,Richmond,Furniture,Furnishings,49.0,1,0.0,25.33
ORD-2026-14005,2026-01-30,2026-02-04,CUST-0750,PROD-0051,West,Washington,Spokane,Office Supplies,Binders,18.0,1,0.0,6.52
ORD-2026-14223,2026-01-30,2026-02-05,CUST-0795,PROD-0003,Central,Texas,Houston,Technology,Phones,359.1,1,0.1,135.01
ORD-2026-10004,2026-01-31,2026-02-03,CUST-0002,PROD-0013,West,Washington,Spokane,Technology,Accessories,124.2,2,0.1,67.24
ORD-2026-11017,2026-01-31,2026-02-02,CUST-0190,PROD-0057,Central,Michigan,Detroit,Office Supplies,Appliances,40.5,1,0.1,17.72
ORD-2026-11198,2026-01-31,2026-02-02,CUST-0227,PROD-0007,South,North Carolina,Charlotte,Technology,Laptops,2997.0,3,0.0,1236.03
ORD-2026-11381,2026-01-31,2026-02-02,CUST-0260,PROD-0023,East,Pennsylvania,Pittsburgh,Furniture,Chairs,747.0,3,0.0,375.48
ORD-2026-11969,2026-01-31,2026-02-07,CUST-0371,PROD-0026,East,New York,Buffalo,Furniture,Tables,499.0,1,0.0,215.73
ORD-2026-11988,2026-01-31,2026-02-03,CUST-0376,PROD-0040,West,Washington,Spokane,Office Supplies,Storage,65.55,1,0.05,32.14
ORD-2026-13630,2026-01-31,2026-02-02,CUST-0671,PROD-0029,East,New York,Buffalo,Furniture,Tables,287.1,1,0.1,103.16
ORD-2026-10031,2026-02-01,2026-02-03,CUST-0006,PROD-0037,West,Nevada,Las Vegas,Furniture,Furnishings,945.0,5,0.1,460.65
ORD-2026-10141,2026-02-01,2026-02-03,CUST-0030,PROD-0057,West,California,Los Angeles,Office Supplies,Appliances,27.0,1,0.4,3.93
ORD-2026-10297,2026-02-01,2026-02-02,CUST-0065,PROD-0023,Central,Texas,Austin,Furniture,Chairs,2490.0,10,0.0,1257.74
ORD-2026-12121,2026-02-01,2026-02-03,CUST-0396,PROD-0051,South,Georgia,Atlanta,Office Supplies,Binders,34.2,2,0.05,12.47
ORD-2026-13050,2026-02-01,2026-02-05,CUST-0563,PROD-0028,South,Florida,Miami,Furniture,Tables,559.3,1,0.3,105.07
ORD-2026-12793,2026-02-02,2026-02-04,CUST-0513,PROD-0001,Central,Minnesota,Minneapolis,Technology,Phones,719.1,1,0.1,265.8
ORD-2026-10942,2026-02-03,2026-02-07,CUST-0172,PROD-0028,East,New York,Buffalo,Furniture,Tables,799.0,2,0.5,-108.01
ORD-2026-11741,2026-02-03,2026-02-06,CUST-0329,PROD-0031,South,Virginia,Richmond,Furniture,Bookcases,84.15,1,0.15,34.89
ORD-2026-12894,2026-02-03,2026-02-05,CUST-0525,PROD-0016,West,Washington,Spokane,Technology,Copiers & Printers,1699.0,1,0.0,793.92
ORD-2026-13462,2026-02-03,2026-02-06,CUST-0639,PROD-0017,East,New Jersey,Newark,Technology,Copiers & Printers,629.1,1,0.1,245.13
ORD-2026-10281,2026-02-04,2026-02-07,CUST-0064,PROD-0029,Central,Texas,Austin,Furniture,Tables,638.0,2,0.0,265.32
ORD-2026-10692,2026-02-04,2026-02-06,CUST-0134,PROD-0046,Central,Texas,Houston,Office Supplies,Paper,32.3,1,0.05,12.64
ORD-2026-10334,2026-02-05,2026-02-10,CUST-0072,PROD-0003,West,Nevada,Las Vegas,Technology,Phones,798.0,2,0.0,347.97
ORD-2026-10346,2026-02-05,2026-02-07,CUST-0073,PROD-0012,West,Nevada,Las Vegas,Technology,Accessories,53.1,1,0.1,30.5
ORD-2026-11220,2026-02-05,2026-02-07,CUST-0230,PROD-0008,South,Florida,Orlando,Technology,Laptops,5697.0,3,0.0,2386.72
ORD-2026-10151,2026-02-06,2026-02-11,CUST-0033,PROD-0004,West,Arizona,Phoenix,Technology,Phones,824.25,1,0.25,140.6
ORD-2026-10348,2026-02-06,2026-02-09,CUST-0073,PROD-0054,West,Nevada,Las Vegas,Office Supplies,Appliances,299.0,1,0.0,154.22
ORD-2026-12314,2026-02-06,2026-02-08,CUST-0424,PROD-0047,East,New York,New York City,Office Supplies,Paper,22.8,1,0.05,9.45
ORD-2026-13103,2026-02-06,2026-02-09,CUST-0573,PROD-0049,South,Georgia,Atlanta,Office Supplies,Paper,44.0,2,0.0,14.55
ORD-2026-13850,2026-02-06,2026-02-08,CUST-0717,PROD-0028,South,Georgia,Atlanta,Furniture,Tables,2716.6,4,0.15,901.25
ORD-2026-10063,2026-02-07,2026-02-11,CUST-0014,PROD-0033,West,Washington,Seattle,Furniture,Bookcases,169.0,1,0.0,78.69
ORD-2026-10205,2026-02-07,2026-02-12,CUST-0046,PROD-0043,West,Arizona,Phoenix,Office Supplies,Art,236.0,4,0.0,118.41
ORD-2026-10425,2026-02-07,2026-02-08,CUST-0086,PROD-0059,West,Colorado,Denver,Office Supplies,Fasteners,33.0,3,0.0,4.67
ORD-2026-11561,2026-02-07,2026-02-10,CUST-0301,PROD-0007,West,Oregon,Portland,Technology,Laptops,1798.2,2,0.1,627.11
ORD-2026-12788,2026-02-07,2026-02-10,CUST-0511,PROD-0018,East,Pennsylvania,Pittsburgh,Technology,Copiers & Printers,398.0,2,0.0,167.46
ORD-2026-13047,2026-02-07,2026-02-09,CUST-0563,PROD-0053,South,Florida,Miami,Office Supplies,Binders,22.8,2,0.05,5.82
ORD-2026-13629,2026-02-07,2026-02-10,CUST-0671,PROD-0002,East,New York,Buffalo,Technology,Phones,854.05,1,0.05,330.95
ORD-2026-13662,2026-02-07,2026-02-10,CUST-0679,PROD-0007,South,Tennessee,Nashville,Technology,Laptops,2997.0,3,0.0,1236.01
ORD-2026-10332,2026-02-08,2026-02-10,CUST-0071,PROD-0028,South,Florida,Tampa,Furniture,Tables,2277.15,3,0.05,917.01
ORD-2026-12355,2026-02-08,2026-02-11,CUST-0430,PROD-0035,West,Oregon,Portland,Furniture,Furnishings,225.0,3,0.0,123.84
ORD-2026-14446,2026-02-08,2026-02-10,CUST-0846,PROD-0043,East,Pennsylvania,Pittsburgh,Office Supplies,Art,118.0,2,0.0,59.06
ORD-2026-11062,2026-02-09,2026-02-14,CUST-0196,PROD-0039,West,Nevada,Las Vegas,Office Supplies,Storage,25.6,1,0.2,7.66
ORD-2026-13451,2026-02-09,2026-02-10,CUST-0638,PROD-0026,West,California,San Diego,Furniture,Tables,474.05,1,0.05,187.8
ORD-2026-14278,2026-02-09,2026-02-11,CUST-0812,PROD-0027,South,Tennessee,Nashville,Furniture,Tables,139.0,1,0.0,59.09
ORD-2026-13891,2026-02-10,2026-02-15,CUST-0730,PROD-0060,West,California,Los Angeles,Office Supplies,Fasteners,14.0,1,0.0,3.04
ORD-2026-14337,2026-02-10,2026-02-12,CUST-0823,PROD-0026,West,California,San Jose,Furniture,Tables,249.5,1,0.5,-36.71
ORD-2026-11018,2026-02-11,2026-02-14,CUST-0190,PROD-0009,Central,Michigan,Detroit,Technology,Laptops,1647.0,3,0.0,675.4
ORD-2026-13298,2026-02-11,2026-02-13,CUST-0609,PROD-0019,East,New York,New York City,Technology,Copiers & Printers,987.0,3,0.0,437.9
ORD-2026-12954,2026-02-12,2026-02-14,CUST-0541,PROD-0045,West,Arizona,Phoenix,Office Supplies,Art,110.0,1,0.0,61.62
ORD-2026-12580,2026-02-13,2026-02-18,CUST-0470,PROD-0026,Central,Ohio,Columbus,Furniture,Tables,848.3,2,0.15,280.77
ORD-2026-13666,2026-02-13,2026-02-15,CUST-0679,PROD-0056,South,Tennessee,Nashville,Office Supplies,Appliances,2290.0,10,0.0,1143.09
ORD-2026-11075,2026-02-14,2026-02-16,CUST-0199,PROD-0039,South,Virginia,Richmond,Office Supplies,Storage,32.0,1,0.0,13.41
ORD-2026-12104,2026-02-14,2026-02-17,CUST-0394,PROD-0005,Central,Ohio,Cleveland,Technology,Phones,1615.0,2,0.15,401.87
ORD-2026-12991,2026-02-14,2026-02-15,CUST-0551,PROD-0025,South,Florida,Orlando,Furniture,Tables,908.6,2,0.3,135.05
ORD-2026-13372,2026-02-14,2026-02-16,CUST-0623,PROD-0047,West,Nevada,Las Vegas,Office Supplies,Paper,57.6,3,0.2,21.02
ORD-2026-11322,2026-02-15,2026-02-18,CUST-0249,PROD-0017,West,Washington,Spokane,Technology,Copiers & Printers,1118.4,2,0.2,351.03
ORD-2026-11581,2026-02-15,2026-02-17,CUST-0304,PROD-0035,Central,Minnesota,Minneapolis,Furniture,Furnishings,60.0,1,0.2,25.53
ORD-2026-13005,2026-02-15,2026-02-20,CUST-0553,PROD-0009,Central,Ohio,Columbus,Technology,Laptops,2635.2,6,0.2,687.9
ORD-2026-13051,2026-02-15,2026-02-17,CUST-0563,PROD-0050,South,Florida,Miami,Office Supplies,Binders,119.7,3,0.05,51.18
ORD-2026-10462,2026-02-16,2026-02-17,CUST-0090,PROD-0010,Central,Texas,Austin,Technology,Laptops,1304.1,1,0.1,448.68
ORD-2026-11151,2026-02-16,2026-02-18,CUST-0215,PROD-0008,East,Pennsylvania,Philadelphia,Technology,Laptops,5697.0,3,0.0,2380.73
ORD-2026-11634,2026-02-16,2026-02-19,CUST-0311,PROD-0010,West,California,San Diego,Technology,Laptops,2898.0,2,0.0,1185.97
ORD-2026-11955,2026-02-16,2026-02-21,CUST-0368,PROD-0017,South,Tennessee,Nashville,Technology,Copiers & Printers,699.0,1,0.0,312.79
ORD-2026-12851,2026-02-16,2026-02-22,CUST-0518,PROD-0018,Central,Minnesota,Minneapolis,Technology,Copiers & Printers,338.3,2,0.15,110.18
ORD-2026-10869,2026-02-17,2026-02-21,CUST-0161,PROD-0029,East,New York,Buffalo,Furniture,Tables,638.0,2,0.0,267.0
ORD-2026-11501,2026-02-18,2026-02-20,CUST-0286,PROD-0004,Central,Ohio,Columbus,Technology,Phones,2802.45,3,0.15,745.75
ORD-2026-13755,2026-02-18,2026-02-21,CUST-0697,PROD-0042,West,Washington,Seattle,Office Supplies,Art,83.3,2,0.15,34.57
ORD-2026-10009,2026-02-19,2026-02-22,CUST-0003,PROD-0026,East,Pennsylvania,Pittsburgh,Furniture,Tables,499.0,1,0.0,215.15
ORD-2026-10177,2026-02-19,2026-02-21,CUST-0036,PROD-0012,South,Georgia,Atlanta,Technology,Accessories,112.1,2,0.05,63.79
ORD-2026-10267,2026-02-19,2026-02-23,CUST-0062,PROD-0010,East,Pennsylvania,Pittsburgh,Technology,Laptops,1159.2,1,0.2,302.86
ORD-2026-11392,2026-02-19,2026-02-24,CUST-0262,PROD-0046,Central,Texas,Houston,Office Supplies,Paper,64.6,2,0.05,29.57
ORD-2026-11536,2026-02-19,2026-02-22,CUST-0293,PROD-0012,Central,Ohio,Cleveland,Technology,Accessories,56.05,1,0.05,32.68
ORD-2026-11635,2026-02-19,2026-02-22,CUST-0311,PROD-0032,West,California,San Diego,Furniture,Bookcases,303.05,1,0.05,138.19
ORD-2026-12139,2026-02-19,2026-02-21,CUST-0397,PROD-0026,West,Oregon,Portland,Furniture,Tables,474.05,1,0.05,187.66
ORD-2026-10043,2026-02-20,2026-02-23,CUST-0009,PROD-0053,Central,Minnesota,Minneapolis,Office Supplies,Binders,9.6,1,0.2,-0.11
ORD-2026-10861,2026-02-20,2026-02-23,CUST-0161,PROD-0047,East,New York,Buffalo,Office Supplies,Paper,38.4,2,0.2,11.34
ORD-2026-11350,2026-02-20,2026-02-21,CUST-0254,PROD-0040,West,Oregon,Portland,Office Supplies,Storage,48.3,1,0.3,14.51
ORD-2026-11552,2026-02-20,2026-02-23,CUST-0298,PROD-0053,South,Georgia,Atlanta,Office Supplies,Binders,21.6,2,0.1,3.84
ORD-2026-12401,2026-02-20,2026-02-25,CUST-0438,PROD-0012,Central,Texas,Austin,Technology,Accessories,59.0,1,0.0,34.39
ORD-2026-13881,2026-02-20,2026-02-23,CUST-0727,PROD-0039,West,Nevada,Las Vegas,Office Supplies,Storage,128.0,4,0.0,54.54
ORD-2026-14061,2026-02-20,2026-02-23,CUST-0759,PROD-0053,West,Oregon,Portland,Office Supplies,Binders,12.0,1,0.0,1.13
ORD-2026-10453,2026-02-21,2026-02-22,CUST-0089,PROD-0055,Central,Michigan,Detroit,Office Supplies,Appliances,125.1,1,0.1,54.31
ORD-2026-10496,2026-02-21,2026-02-24,CUST-0096,PROD-0044,Central,Michigan,Detroit,Office Supplies,Art,79.0,1,0.0,41.69
ORD-2026-10521,2026-02-21,2026-02-28,CUST-0101,PROD-0046,South,North Carolina,Charlotte,Office Supplies,Paper,64.6,2,0.05,28.87
ORD-2026-10896,2026-02-21,2026-02-23,CUST-0165,PROD-0037,East,Massachusetts,Boston,Furniture,Furnishings,210.0,1,0.0,113.38
ORD-2026-11563,2026-02-21,2026-02-25,CUST-0301,PROD-0006,West,Oregon,Portland,Technology,Laptops,2468.1,2,0.05,959.06
ORD-2026-13814,2026-02-21,2026-02-27,CUST-0709,PROD-0019,East,Pennsylvania,Philadelphia,Technology,Copiers & Printers,329.0,1,0.0,142.7
ORD-2026-13858,2026-02-21,2026-02-22,CUST-0719,PROD-0056,West,Oregon,Portland,Office Supplies,Appliances,1087.75,5,0.05,510.65
ORD-2026-13952,2026-02-21,2026-02-28,CUST-0742,PROD-0003,West,California,San Jose,Technology,Phones,2394.0,6,0.0,1033.76
ORD-2026-10121,2026-02-22,2026-02-26,CUST-0028,PROD-0013,West,Oregon,Portland,Technology,Accessories,138.0,2,0.0,82.17
ORD-2026-11329,2026-02-22,2026-02-25,CUST-0251,PROD-0030,Central,Texas,Dallas,Furniture,Bookcases,343.5,3,0.5,-2.19
ORD-2026-14361,2026-02-22,2026-02-24,CUST-0829,PROD-0056,East,Pennsylvania,Pittsburgh,Office Supplies,Appliances,687.0,3,0.0,342.65
ORD-2026-10677,2026-02-23,2026-03-01,CUST-0130,PROD-0004,West,Colorado,Denver,Technology,Phones,1044.05,1,0.05,359.18
ORD-2026-11074,2026-02-23,2026-02-26,CUST-0199,PROD-0059,South,Virginia,Richmond,Office Supplies,Fasteners,20.9,2,0.05,4.77
ORD-2026-11505,2026-02-23,2026-02-26,CUST-0287,PROD-0042,West,Nevada,Las Vegas,Office Supplies,Art,46.55,1,0.05,22.41
ORD-2026-13056,2026-02-23,2026-02-27,CUST-0565,PROD-0052,West,Washington,Spokane,Office Supplies,Binders,36.1,2,0.05,15.38
ORD-2026-14112,2026-02-23,2026-02-25,CUST-0767,PROD-0021,Central,Illinois,Chicago,Furniture,Chairs,359.1,1,0.1,163.98
ORD-2026-14242,2026-02-23,2026-03-01,CUST-0801,PROD-0040,West,Washington,Spokane,Office Supplies,Storage,62.1,1,0.1,30.46
ORD-2026-14395,2026-02-23,2026-02-28,CUST-0837,PROD-0010,West,Oregon,Portland,Technology,Laptops,1376.55,1,0.05,523.25
ORD-2026-12151,2026-02-24,2026-02-26,CUST-0400,PROD-0018,South,Tennessee,Nashville,Technology,Copiers & Printers,567.15,3,0.05,216.25
ORD-2026-12223,2026-02-24,2026-02-25,CUST-0411,PROD-0050,Central,Texas,San Antonio,Office Supplies,Binders,35.7,1,0.15,13.44
ORD-2026-12748,2026-02-24,2026-02-27,CUST-0500,PROD-0049,East,New Jersey,Newark,Office Supplies,Paper,22.0,1,0.0,10.43
ORD-2026-13322,2026-02-24,2026-02-25,CUST-0615,PROD-0035,East,Pennsylvania,Philadelphia,Furniture,Furnishings,225.0,3,0.0,125.29
ORD-2026-10215,2026-02-25,2026-02-28,CUST-0048,PROD-0022,West,California,Los Angeles,Furniture,Chairs,208.05,1,0.05,106.98
ORD-2026-10468,2026-02-25,2026-02-27,CUST-0091,PROD-0003,Central,Texas,Dallas,Technology,Phones,399.0,1,0.0,172.33
ORD-2026-10641,2026-02-25,2026-02-27,CUST-0125,PROD-0031,East,Pennsylvania,Pittsburgh,Furniture,Bookcases,470.25,5,0.05,214.37
ORD-2026-11033,2026-02-25,2026-02-28,CUST-0192,PROD-0009,East,Massachusetts,Boston,Technology,Laptops,1866.6,4,0.15,574.43
ORD-2026-11209,2026-02-25,2026-03-04,CUST-0229,PROD-0021,East,New Jersey,Newark,Furniture,Chairs,399.0,1,0.0,205.45
ORD-2026-11305,2026-02-25,2026-02-27,CUST-0244,PROD-0060,West,Washington,Seattle,Office Supplies,Fasteners,42.0,3,0.0,15.7
ORD-2026-11514,2026-02-25,2026-02-27,CUST-0289,PROD-0040,South,Georgia,Atlanta,Office Supplies,Storage,69.0,1,0.0,34.16
ORD-2026-11595,2026-02-25,2026-02-28,CUST-0305,PROD-0017,West,Washington,Spokane,Technology,Copiers & Printers,6990.0,10,0.0,3120.38
ORD-2026-13880,2026-02-25,2026-02-27,CUST-0727,PROD-0048,West,Nevada,Las Vegas,Office Supplies,Paper,28.0,1,0.0,13.56
ORD-2026-10054,2026-02-26,2026-02-28,CUST-0010,PROD-0018,Central,Ohio,Cleveland,Technology,Copiers & Printers,597.0,3,0.0,253.26
ORD-2026-12193,2026-02-26,2026-03-03,CUST-0406,PROD-0034,East,Massachusetts,Boston,Furniture,Furnishings,123.5,2,0.05,67.38
ORD-2026-12449,2026-02-26,2026-03-01,CUST-0453,PROD-0051,West,California,San Jose,Office Supplies,Binders,34.2,2,0.05,9.49
ORD-2026-12635,2026-02-26,2026-03-04,CUST-0481,PROD-0060,East,Pennsylvania,Pittsburgh,Office Supplies,Fasteners,42.0,3,0.0,9.44
ORD-2026-10647,2026-02-27,2026-03-01,CUST-0125,PROD-0006,East,Pennsylvania,Pittsburgh,Technology,Laptops,1299.0,1,0.0,543.48
ORD-2026-12795,2026-02-27,2026-03-06,CUST-0513,PROD-0056,Central,Minnesota,Minneapolis,Office Supplies,Appliances,458.0,2,0.0,231.49
ORD-2026-13013,2026-02-27,2026-03-01,CUST-0555,PROD-0059,West,Colorado,Denver,Office Supplies,Fasteners,11.0,1,0.0,0.16
ORD-2026-13116,2026-02-27,2026-03-03,CUST-0577,PROD-0019,Central,Texas,Houston,Technology,Copiers & Printers,838.95,3,0.15,281.63
ORD-2026-13245,2026-02-27,2026-02-28,CUST-0598,PROD-0053,Central,Texas,Austin,Office Supplies,Binders,36.0,3,0.0,14.59
ORD-2026-11714,2026-02-28,2026-03-03,CUST-0323,PROD-0026,Central,Michigan,Detroit,Furniture,Tables,499.0,1,0.0,215.63
ORD-2026-11722,2026-02-28,2026-03-02,CUST-0324,PROD-0032,South,Tennessee,Nashville,Furniture,Bookcases,638.0,2,0.0,310.44
ORD-2026-12860,2026-02-28,2026-03-03,CUST-0518,PROD-0038,Central,Minnesota,Minneapolis,Office Supplies,Storage,359.1,2,0.05,155.41
ORD-2026-10681,2026-03-01,2026-03-02,CUST-0131,PROD-0030,South,Florida,Tampa,Furniture,Bookcases,229.0,1,0.0,113.35
ORD-2026-11140,2026-03-01,2026-03-05,CUST-0211,PROD-0014,Central,Minnesota,Minneapolis,Technology,Accessories,149.0,1,0.0,89.9
ORD-2026-11274,2026-03-01,2026-03-04,CUST-0239,PROD-0026,West,Nevada,Las Vegas,Furniture,Tables,1047.9,3,0.3,189.23
ORD-2026-12716,2026-03-01,2026-03-04,CUST-0497,PROD-0034,West,California,San Francisco,Furniture,Furnishings,61.75,1,0.05,31.83
ORD-2026-13389,2026-03-01,2026-03-03,CUST-0625,PROD-0008,West,Washington,Seattle,Technology,Laptops,3798.0,2,0.0,1584.11
ORD-2026-14461,2026-03-01,2026-03-04,CUST-0849,PROD-0006,South,Florida,Orlando,Technology,Laptops,3897.0,3,0.0,1632.23
ORD-2026-10679,2026-03-02,2026-03-04,CUST-0130,PROD-0033,West,Colorado,Denver,Furniture,Bookcases,169.0,1,0.0,77.33
ORD-2026-11493,2026-03-02,2026-03-05,CUST-0286,PROD-0052,Central,Ohio,Columbus,Office Supplies,Binders,54.15,3,0.05,20.79
ORD-2026-11553,2026-03-02,2026-03-07,CUST-0298,PROD-0038,South,Georgia,Atlanta,Office Supplies,Storage,510.3,3,0.1,214.87
ORD-2026-11646,2026-03-02,2026-03-06,CUST-0314,PROD-0043,Central,Texas,Dallas,Office Supplies,Art,224.2,4,0.05,103.78
ORD-2026-11745,2026-03-02,2026-03-04,CUST-0330,PROD-0023,East,New Jersey,Newark,Furniture,Chairs,236.55,1,0.05,110.73
ORD-2026-12039,2026-03-02,2026-03-04,CUST-0384,PROD-0005,Central,Texas,San Antonio,Technology,Phones,950.0,1,0.0,345.74
ORD-2026-12049,2026-03-02,2026-03-04,CUST-0385,PROD-0004,West,Oregon,Portland,Technology,Phones,1099.0,1,0.0,413.07
ORD-2026-13533,2026-03-02,2026-03-03,CUST-0650,PROD-0023,South,Florida,Orlando,Furniture,Chairs,498.0,2,0.0,244.92
ORD-2026-13672,2026-03-02,2026-03-05,CUST-0680,PROD-0013,West,Oregon,Portland,Technology,Accessories,207.0,3,0.0,124.38
ORD-2026-13968,2026-03-02,2026-03-05,CUST-0745,PROD-0048,East,New Jersey,Newark,Office Supplies,Paper,58.8,3,0.3,15.69
ORD-2026-14377,2026-03-02,2026-03-05,CUST-0833,PROD-0044,Central,Texas,Dallas,Office Supplies,Art,79.0,1,0.0,41.48
ORD-2026-10025,2026-03-03,2026-03-06,CUST-0005,PROD-0052,West,California,Los Angeles,Office Supplies,Binders,19.0,1,0.0,8.98
ORD-2026-10508,2026-03-03,2026-03-06,CUST-0098,PROD-0053,South,Tennessee,Nashville,Office Supplies,Binders,11.4,1,0.05,1.66
ORD-2026-12353,2026-03-03,2026-03-05,CUST-0429,PROD-0031,Central,Texas,Dallas,Furniture,Bookcases,99.0,1,0.0,49.59
ORD-2026-12673,2026-03-03,2026-03-06,CUST-0489,PROD-0050,Central,Michigan,Detroit,Office Supplies,Binders,42.0,1,0.0,22.82
ORD-2026-12905,2026-03-03,2026-03-04,CUST-0527,PROD-0055,East,New Jersey,Newark,Office Supplies,Appliances,375.3,3,0.1,162.38
ORD-2026-13660,2026-03-03,2026-03-08,CUST-0678,PROD-0008,East,Massachusetts,Boston,Technology,Laptops,9495.0,5,0.0,3963.82
ORD-2026-10064,2026-03-04,2026-03-06,CUST-0014,PROD-0056,West,Washington,Seattle,Office Supplies,Appliances,458.0,2,0.0,224.19
ORD-2026-14224,2026-03-04,2026-03-09,CUST-0795,PROD-0024,Central,Texas,Houston,Furniture,Chairs,508.3,2,0.15,214.72
ORD-2026-11413,2026-03-05,2026-03-09,CUST-0268,PROD-0003,Central,Texas,San Antonio,Technology,Phones,379.05,1,0.05,155.9
ORD-2026-13262,2026-03-05,2026-03-08,CUST-0600,PROD-0032,East,New York,New York City,Furniture,Bookcases,223.3,1,0.3,57.46
ORD-2026-10303,2026-03-06,2026-03-09,CUST-0067,PROD-0006,East,Pennsylvania,Pittsburgh,Technology,Laptops,3702.15,3,0.05,1436.05
ORD-2026-10991,2026-03-06,2026-03-09,CUST-0184,PROD-0043,West,Colorado,Denver,Office Supplies,Art,94.4,2,0.2,35.9
ORD-2026-11434,2026-03-06,2026-03-08,CUST-0273,PROD-0031,South,Virginia,Richmond,Furniture,Bookcases,39.6,1,0.6,-10.51
ORD-2026-11515,2026-03-06,2026-03-11,CUST-0290,PROD-0058,Central,Texas,San Antonio,Office Supplies,Fasteners,87.0,3,0.0,36.08
ORD-2026-10206,2026-03-07,2026-03-10,CUST-0047,PROD-0058,West,Washington,Seattle,Office Supplies,Fasteners,49.3,2,0.15,17.82
ORD-2026-13106,2026-03-07,2026-03-10,CUST-0574,PROD-0022,East,Massachusetts,Boston,Furniture,Chairs,197.1,1,0.1,97.92
ORD-2026-11121,2026-03-08,2026-03-13,CUST-0207,PROD-0010,West,California,Los Angeles,Technology,Laptops,4347.0,3,0.0,1784.67
ORD-2026-12326,2026-03-08,2026-03-09,CUST-0426,PROD-0049,West,Washington,Spokane,Office Supplies,Paper,20.9,1,0.05,7.72
ORD-2026-13019,2026-03-08,2026-03-09,CUST-0556,PROD-0003,East,New York,New York City,Technology,Phones,1137.15,3,0.05,466.34
ORD-2026-13534,2026-03-08,2026-03-10,CUST-0650,PROD-0030,South,Florida,Orlando,Furniture,Bookcases,217.55,1,0.05,101.21
ORD-2026-11338,2026-03-09,2026-03-12,CUST-0252,PROD-0044,West,Colorado,Denver,Office Supplies,Art,158.0,2,0.0,82.62
ORD-2026-11306,2026-03-10,2026-03-13,CUST-0244,PROD-0050,West,Washington,Seattle,Office Supplies,Binders,39.9,1,0.05,18.4
ORD-2026-12324,2026-03-10,2026-03-12,CUST-0426,PROD-0015,West,Washington,Spokane,Technology,Accessories,169.1,2,0.05,87.68
ORD-2026-12528,2026-03-10,2026-03-13,CUST-0462,PROD-0026,South,Florida,Orlando,Furniture,Tables,1996.0,4,0.0,852.01
ORD-2026-12834,2026-03-10,2026-03-12,CUST-0517,PROD-0028,South,Georgia,Atlanta,Furniture,Tables,559.3,1,0.3,105.98
ORD-2026-13039,2026-03-10,2026-03-11,CUST-0561,PROD-0044,East,New York,Buffalo,Office Supplies,Art,474.0,6,0.0,246.79
ORD-2026-13465,2026-03-10,2026-03-12,CUST-0639,PROD-0010,East,New Jersey,Newark,Technology,Laptops,2898.0,2,0.0,1184.16
ORD-2026-13771,2026-03-10,2026-03-11,CUST-0701,PROD-0050,East,New York,New York City,Office Supplies,Binders,168.0,4,0.0,77.15
ORD-2026-10169,2026-03-11,2026-03-13,CUST-0035,PROD-0003,East,Pennsylvania,Philadelphia,Technology,Phones,359.1,1,0.1,133.12
ORD-2026-10696,2026-03-11,2026-03-16,CUST-0134,PROD-0023,Central,Texas,Houston,Furniture,Chairs,996.0,4,0.0,497.32
ORD-2026-11213,2026-03-11,2026-03-13,CUST-0229,PROD-0048,East,New Jersey,Newark,Office Supplies,Paper,28.0,1,0.0,10.2
ORD-2026-12172,2026-03-11,2026-03-12,CUST-0403,PROD-0009,South,Virginia,Richmond,Technology,Laptops,1098.0,2,0.0,446.23
ORD-2026-10873,2026-03-12,2026-03-14,CUST-0161,PROD-0049,East,New York,Buffalo,Office Supplies,Paper,37.4,2,0.15,11.8
ORD-2026-11124,2026-03-12,2026-03-18,CUST-0207,PROD-0013,West,California,Los Angeles,Technology,Accessories,207.0,3,0.0,127.06
ORD-2026-11761,2026-03-13,2026-03-15,CUST-0332,PROD-0015,West,Washington,Spokane,Technology,Accessories,253.65,3,0.05,132.18
ORD-2026-13550,2026-03-13,2026-03-19,CUST-0652,PROD-0054,South,Florida,Orlando,Office Supplies,Appliances,1794.0,6,0.0,915.77
ORD-2026-13463,2026-03-14,2026-03-17,CUST-0639,PROD-0052,East,New Jersey,Newark,Office Supplies,Binders,34.2,2,0.1,11.91
ORD-2026-14175,2026-03-14,2026-03-20,CUST-0782,PROD-0019,East,New Jersey,Newark,Technology,Copiers & Printers,329.0,1,0.0,142.41
ORD-2026-10742,2026-03-15,2026-03-17,CUST-0142,PROD-0035,West,California,San Francisco,Furniture,Furnishings,67.5,1,0.1,31.25
ORD-2026-11757,2026-03-15,2026-03-17,CUST-0331,PROD-0021,Central,Ohio,Columbus,Furniture,Chairs,1197.0,3,0.0,607.73
ORD-2026-13645,2026-03-15,2026-03-16,CUST-0674,PROD-0036,West,Washington,Spokane,Furniture,Furnishings,49.0,1,0.0,24.25
ORD-2026-14311,2026-03-15,2026-03-18,CUST-0819,PROD-0033,Central,Minnesota,Minneapolis,Furniture,Bookcases,169.0,1,0.0,77.96
ORD-2026-11158,2026-03-16,2026-03-17,CUST-0216,PROD-0004,West,California,San Diego,Technology,Phones,1099.0,1,0.0,413.44
ORD-2026-11549,2026-03-16,2026-03-21,CUST-0296,PROD-0045,South,Tennessee,Nashville,Office Supplies,Art,440.0,4,0.0,236.51
ORD-2026-12148,2026-03-16,2026-03-18,CUST-0400,PROD-0032,South,Tennessee,Nashville,Furniture,Bookcases,861.3,3,0.1,367.75
ORD-2026-14058,2026-03-16,2026-03-18,CUST-0759,PROD-0024,West,Oregon,Portland,Furniture,Chairs,1196.0,4,0.0,618.73
ORD-2026-11153,2026-03-18,2026-03-21,CUST-0215,PROD-0046,East,Pennsylvania,Philadelphia,Office Supplies,Paper,102.0,3,0.0,47.98
ORD-2026-11516,2026-03-18,2026-03-20,CUST-0290,PROD-0006,Central,Texas,San Antonio,Technology,Laptops,12990.0,10,0.0,5439.7
ORD-2026-11977,2026-03-18,2026-03-21,CUST-0373,PROD-0057,East,New York,New York City,Office Supplies,Appliances,42.75,1,0.05,20.29
ORD-2026-10587,2026-03-19,2026-03-23,CUST-0114,PROD-0001,East,Massachusetts,Boston,Technology,Phones,1598.0,2,0.0,691.83
ORD-2026-10690,2026-03-19,2026-03-24,CUST-0133,PROD-0031,Central,Ohio,Cleveland,Furniture,Bookcases,69.3,1,0.3,19.03
ORD-2026-11193,2026-03-19,2026-03-20,CUST-0227,PROD-0004,South,North Carolina,Charlotte,Technology,Phones,4945.5,5,0.1,1525.03
ORD-2026-11261,2026-03-19,2026-03-26,CUST-0236,PROD-0050,East,Pennsylvania,Pittsburgh,Office Supplies,Binders,79.8,2,0.05,34.29
ORD-2026-12365,2026-03-19,2026-03-22,CUST-0433,PROD-0031,Central,Illinois,Chicago,Furniture,Bookcases,495.0,5,0.0,243.98
ORD-2026-13286,2026-03-19,2026-03-20,CUST-0608,PROD-0053,West,Nevada,Las Vegas,Office Supplies,Binders,32.4,3,0.1,7.43
ORD-2026-13339,2026-03-19,2026-03-23,CUST-0617,PROD-0012,West,Washington,Seattle,Technology,Accessories,401.2,8,0.15,204.31
ORD-2026-11123,2026-03-20,2026-03-22,CUST-0207,PROD-0045,West,California,Los Angeles,Office Supplies,Art,220.0,2,0.0,119.86
ORD-2026-12806,2026-03-20,2026-03-24,CUST-0513,PROD-0029,Central,Minnesota,Minneapolis,Furniture,Tables,909.15,3,0.05,351.03
ORD-2026-13367,2026-03-20,2026-03-22,CUST-0622,PROD-0026,South,Florida,Orlando,Furniture,Tables,1497.0,5,0.4,73.36
ORD-2026-14228,2026-03-20,2026-03-22,CUST-0796,PROD-0007,West ,Oregon,Portland,Technology,Laptops,1698.3,2,0.15,532.14
ORD-2026-10005,2026-03-21,2026-03-24,CUST-0002,PROD-0048,West,Washington,Spokane,Office Supplies,Paper,50.4,2,0.1,14.69
ORD-2026-10463,2026-03-21,2026-03-24,CUST-0090,PROD-0048,Central,Texas,Austin,Office Supplies,Paper,26.6,1,0.05,8.92
ORD-2026-11177,2026-03-21,2026-03-24,CUST-0224,PROD-0040,Central,Ohio,Cleveland,Office Supplies,Storage,207.0,3,0.0,106.65
ORD-2026-11652,2026-03-21,2026-03-26,CUST-0315,PROD-0040,East,New York,New York City,Office Supplies,Storage,41.4,1,0.4,6.5
ORD-2026-12483,2026-03-21,2026-03-23,CUST-0456,PROD-0037,Central,Minnesota,Minneapolis,Furniture,Furnishings,441.0,3,0.3,159.2
ORD-2026-12693,2026-03-21,2026-03-28,CUST-0492,PROD-0014,West,California,San Jose,Technology,Accessories,804.6,6,0.1,438.28
ORD-2026-14028,2026-03-21,2026-03-25,CUST-0755,PROD-0012,Central,Texas,Houston,Technology,Accessories,59.0,1,0.0,35.53
ORD-2026-14342,2026-03-21,2026-03-25,CUST-0824,PROD-0042,South,Florida,Miami,Office Supplies,Art,139.65,3,0.05,66.88
ORD-2026-14434,2026-03-21,2026-03-24,CUST-0845,PROD-0039,Central,Texas,Austin,Office Supplies,Storage,64.0,2,0.0,27.68
ORD-2026-11259,2026-03-22,2026-03-24,CUST-0235,PROD-0052,Central,Texas,Houston,Office Supplies,Binders,19.0,1,0.0,7.71
ORD-2026-11660,2026-03-22,2026-03-24,CUST-0317,PROD-0059,West,Oregon,Portland,Office Supplies,Fasteners,11.0,1,0.0,2.33
ORD-2026-12794,2026-03-22,2026-03-24,CUST-0513,PROD-0046,Central,Minnesota,Minneapolis,Office Supplies,Paper,32.3,1,0.05,12.12
ORD-2026-11885,2026-03-23,2026-03-24,CUST-0354,PROD-0035,West,California,San Diego,Furniture,Furnishings,71.25,1,0.05,35.29
ORD-2026-13238,2026-03-23,2026-03-24,CUST-0597,PROD-0057,West,California,Los Angeles,Office Supplies,Appliances,288.0,8,0.2,111.23
ORD-2026-10768,2026-03-24,2026-03-26,CUST-0146,PROD-0027,East,Pennsylvania,Philadelphia,Furniture,Tables,118.15,1,0.15,36.43
ORD-2026-13824,2026-03-24,2026-03-26,CUST-0711,PROD-0038,South,Florida,Miami,Office Supplies,Storage,604.8,4,0.2,212.51
ORD-2026-11225,2026-03-25,2026-03-27,CUST-0231,PROD-0020,West,Oregon,Portland,Furniture,Chairs,698.0,2,0.0,366.49
ORD-2026-12458,2026-03-25,2026-03-29,CUST-0454,PROD-0049,South,Florida,Orlando,Office Supplies,Paper,56.1,3,0.15,14.27
ORD-2026-13295,2026-03-25,2026-03-28,CUST-0609,PROD-0033,East,New York,New York City,Furniture,Bookcases,321.1,2,0.05,137.69
ORD-2026-13598,2026-03-25,2026-03-28,CUST-0665,PROD-0013,West,California,San Jose,Technology,Accessories,138.0,2,0.0,87.46
ORD-2026-10481,2026-03-26,2026-03-29,CUST-0095,PROD-0048,South,Tennessee,Nashville,Office Supplies,Paper,26.6,1,0.05,8.65
ORD-2026-11219,2026-03-26,2026-03-29,CUST-0230,PROD-0015,South,Florida,Orlando,Technology,Accessories,845.5,10,0.05,436.25
ORD-2026-12609,2026-03-26,2026-03-28,CUST-0474,PROD-0049,South,Florida,Orlando,Office Supplies,Paper,22.0,1,0.0,9.78
ORD-2026-12741,2026-03-26,2026-03-28,CUST-0499,PROD-0023,East,New York,Buffalo,Furniture,Chairs,1120.5,5,0.1,486.41
ORD-2026-13412,2026-03-26,2026-03-29,CUST-0627,PROD-0035,West,Colorado,Denver,Furniture,Furnishings,337.5,5,0.1,159.37
ORD-2026-13561,2026-03-26,2026-03-28,CUST-0655,PROD-0023,South,Florida,Miami,Furniture,Chairs,199.2,1,0.2,75.53
ORD-2026-13680,2026-03-26,2026-03-28,CUST-0683,PROD-0040,Central,Ohio,Columbus,Office Supplies,Storage,55.2,1,0.2,23.77
ORD-2026-14464,2026-03-26,2026-03-28,CUST-0849,PROD-0037,South,Florida,Orlando,Furniture,Furnishings,840.0,4,0.0,465.27
ORD-2026-11029,2026-03-27,2026-03-29,CUST-0191,PROD-0006,Central,Texas,San Antonio,Technology,Laptops,5196.0,4,0.0,2181.84
ORD-2026-13270,2026-03-27,2026-03-29,CUST-0604,PROD-0030,Central,Michigan,Detroit,Furniture,Bookcases,435.1,2,0.05,208.66
ORD-2026-14091,2026-03-27,2026-04-01,CUST-0764,PROD-0034,East ,Pennsylvania,Philadelphia,Furniture,Furnishings,52.0,1,0.2,22.99
ORD-2026-10008,2026-03-28,2026-04-01,CUST-0002,PROD-0036,West,Washington,Spokane,Furniture,Furnishings,44.1,1,0.1,19.83
ORD-2026-11349,2026-03-28,2026-03-30,CUST-0254,PROD-0047,West,Oregon,Portland,Office Supplies,Paper,68.4,3,0.05,29.54
ORD-2026-11671,2026-03-28,2026-03-30,CUST-0317,PROD-0021,West,Oregon,Portland,Furniture,Chairs,837.9,3,0.3,251.25
ORD-2026-13242,2026-03-28,2026-03-30,CUST-0597,PROD-0001,West,California,Los Angeles,Technology,Phones,2277.15,3,0.05,908.86
ORD-2026-11464,2026-03-29,2026-04-01,CUST-0277,PROD-0049,Central,Minnesota,Minneapolis,Office Supplies,Paper,46.2,3,0.3,5.01
ORD-2026-11533,2026-03-29,2026-04-01,CUST-0292,PROD-0023,West,Washington,Seattle,Furniture,Chairs,236.55,1,0.05,109.71
ORD-2026-12125,2026-03-29,2026-03-30,CUST-0396,PROD-0052,South,Georgia,Atlanta,Office Supplies,Binders,17.1,1,0.1,6.79
ORD-2026-12703,2026-03-29,2026-04-02,CUST-0493,PROD-0028,West,California,San Jose,Furniture,Tables,799.0,1,0.0,343.66
ORD-2026-13388,2026-03-29,2026-03-31,CUST-0625,PROD-0013,West,Washington,Seattle,Technology,Accessories,58.65,1,0.15,31.39
ORD-2026-11086,2026-03-30,2026-04-03,CUST-0201,PROD-0018,West,Oregon,Portland,Technology,Copiers & Printers,567.15,3,0.05,225.72
ORD-2026-11568,2026-03-30,2026-04-02,CUST-0301,PROD-0058,West,Oregon,Portland,Office Supplies,Fasteners,52.2,3,0.4,-1.46
ORD-2026-12779,2026-03-30,2026-03-31,CUST-0511,PROD-0014,East,Pennsylvania,Pittsburgh,Technology,Accessories,298.0,2,0.0,179.53
ORD-2026-13568,2026-03-30,2026-03-31,CUST-0658,PROD-0001,Central,Ohio,Columbus,Technology,Phones,2277.15,3,0.05,913.03
ORD-2026-10655,2026-03-31,2026-04-01,CUST-0126,PROD-0033,East,New York,New York City,Furniture,Bookcases,507.0,3,0.0,238.62
ORD-2026-11737,2026-03-31,2026-04-05,CUST-0328,PROD-0022,South,Florida,Orlando,Furniture,Chairs,350.4,2,0.2,154.22
ORD-2026-13348,2026-03-31,2026-04-05,CUST-0617,PROD-0059,West,Washington,Seattle,Office Supplies,Fasteners,10.45,1,0.05,1.49
ORD-2026-10417,2026-04-01,2026-04-03,CUST-0086,PROD-0037,West,Colorado,Denver,Furniture,Furnishings,672.0,4,0.2,288.34
ORD-2026-10687,2026-04-01,2026-04-02,CUST-0133,PROD-0012,Central,Ohio,Cleveland,Technology,Accessories,112.1,2,0.05,66.29
ORD-2026-10874,2026-04-01,2026-04-06,CUST-0162,PROD-0025,South,Georgia,Atlanta,Furniture,Tables,1168.2,2,0.1,398.85
ORD-2026-11070,2026-04-01,2026-04-05,CUST-0198,PROD-0056,Central,Michigan,Detroit,Office Supplies,Appliances,229.0,1,0.0,113.42
ORD-2026-13284,2026-04-01,2026-04-03,CUST-0608,PROD-0033,West,Nevada,Las Vegas,Furniture,Bookcases,507.0,3,0.0,238.59
ORD-2026-13356,2026-04-01,2026-04-03,CUST-0621,PROD-0017,West,California,San Jose,Technology,Copiers & Printers,1398.0,2,0.0,627.5
ORD-2026-13996,2026-04-01,2026-04-05,CUST-0749,PROD-0048,Central,Ohio,Columbus,Office Supplies,Paper,134.4,8,0.4,3.11
ORD-2026-11190,2026-04-02,2026-04-04,CUST-0227,PROD-0027,South,North Carolina,Charlotte,Furniture,Tables,139.0,2,0.5,-17.5
ORD-2026-11417,2026-04-02,2026-04-04,CUST-0268,PROD-0048,Central,Texas,San Antonio,Office Supplies,Paper,53.2,2,0.05,20.47
ORD-2026-12482,2026-04-02,2026-04-04,CUST-0456,PROD-0011,Central,Minnesota,Minneapolis,Technology,Accessories,612.75,5,0.05,366.59
ORD-2026-13644,2026-04-02,2026-04-04,CUST-0674,PROD-0025,West,Washington,Spokane,Furniture,Tables,389.4,1,0.4,4.63
ORD-2026-10848,2026-04-03,2026-04-04,CUST-0159,PROD-0032,West,California,San Jose,Furniture,Bookcases,319.0,2,0.5,-7.22
ORD-2026-12619,2026-04-03,2026-04-05,CUST-0477,PROD-0045,Central,Minnesota,Minneapolis,Office Supplies,Art,209.0,2,0.05,105.53
ORD-2026-12781,2026-04-03,2026-04-06,CUST-0511,PROD-0015,East,Pennsylvania,Pittsburgh,Technology,Accessories,169.1,2,0.05,86.39
ORD-2026-13209,2026-04-03,2026-04-06,CUST-0595,PROD-0051,South,Virginia,Richmond,Office Supplies,Binders,16.2,1,0.1,6.52
ORD-2026-13905,2026-04-03,2026-04-05,CUST-0732,PROD-0044,West,Oregon,Portland,Office Supplies,Art,79.0,1,0.0,40.46
ORD-2026-13936,2026-04-03,2026-04-05,CUST-0737,PROD-0029,West,California,San Francisco,Furniture,Tables,765.6,4,0.4,33.36
ORD-2026-10048,2026-04-04,2026-04-06,CUST-0009,PROD-0036,Central,Minnesota,Minneapolis,Furniture,Furnishings,139.65,3,0.05,66.21
ORD-2026-10161,2026-04-05,2026-04-09,CUST-0035,PROD-0027,East,Pennsylvania,Philadelphia,Furniture,Tables,695.0,5,0.0,294.58
ORD-2026-12340,2026-04-05,2026-04-08,CUST-0427,PROD-0030,West,California,San Diego,Furniture,Bookcases,435.1,2,0.05,202.84
ORD-2026-12495,2026-04-05,2026-04-10,CUST-0457,PROD-0040,Central,Ohio,Columbus,Office Supplies,Storage,62.1,1,0.1,29.39
ORD-2026-12626,2026-04-05,2026-04-08,CUST-0478,PROD-0036,East,Pennsylvania,Philadelphia,Furniture,Furnishings,98.0,2,0.0,50.41
ORD-2026-13279,2026-04-05,2026-04-07,CUST-0607,PROD-0020,West,Arizona,Phoenix,Furniture,Chairs,942.3,3,0.1,444.03
ORD-2026-13623,2026-04-05,2026-04-06,CUST-0670,PROD-0047,South,Florida,Miami,Office Supplies,Paper,192.0,8,0.0,94.6
ORD-2026-13848,2026-04-05,2026-04-08,CUST-0716,PROD-0013,Central,Minnesota,Minneapolis,Technology,Accessories,207.0,3,0.0,126.13
ORD-2026-11482,2026-04-06,2026-04-09,CUST-0281,PROD-0007,Central ,Texas,San Antonio,Technology,Laptops,999.0,1,0.0,412.91
ORD-2026-12159,2026-04-06,2026-04-09,CUST-0401,PROD-0003,West,Arizona,Phoenix,Technology,Phones,399.0,1,0.0,173.82
ORD-2026-12605,2026-04-06,2026-04-08,CUST-0474,PROD-0014,South,Florida,Orlando,Technology,Accessories,424.65,3,0.05,249.65
ORD-2026-14055,2026-04-06,2026-04-10,CUST-0758,PROD-0058,Central,Ohio,Cleveland,Office Supplies,Fasteners,46.4,2,0.2,13.78
ORD-2026-14322,2026-04-06,2026-04-10,CUST-0821,PROD-0029,South,Tennessee,Nashville,Furniture,Tables,303.05,1,0.05,119.57
ORD-2026-12956,2026-04-07,2026-04-10,CUST-0542,PROD-0015,South,Florida,Tampa,Technology,Accessories,890.0,10,0.0,491.16
ORD-2026-11014,2026-04-08,2026-04-15,CUST-0189,PROD-0041,South,Virginia,Richmond,Office Supplies,Storage,46.8,2,0.4,9.57
ORD-2026-11399,2026-04-08,2026-04-10,CUST-0264,PROD-0059,Central,Texas,Houston,Office Supplies,Fasteners,31.35,3,0.05,5.27
ORD-2026-11492,2026-04-08,2026-04-11,CUST-0285,PROD-0008,West,Colorado,Denver,Technology,Laptops,3798.0,2,0.0,1586.35
ORD-2026-11884,2026-04-08,2026-04-12,CUST-0354,PROD-0013,West,California,San Diego,Technology,Accessories,276.0,4,0.0,172.06
ORD-2026-12808,2026-04-08,2026-04-13,CUST-0513,PROD-0051,Central,Minnesota,Minneapolis,Office Supplies,Binders,36.0,2,0.0,10.8
ORD-2026-13431,2026-04-08,2026-04-15,CUST-0633,PROD-0051,West,Washington,Seattle,Office Supplies,Binders,57.6,4,0.2,13.9
ORD-2026-13657,2026-04-08,2026-04-12,CUST-0677,PROD-0046,Central,Texas,San Antonio,Office Supplies,Paper,47.6,2,0.3,11.09
ORD-2026-13921,2026-04-08,2026-04-11,CUST-0735,PROD-0012,South,Florida,Miami,Technology,Accessories,56.05,1,0.05,31.46
ORD-2026-14316,2026-04-08,2026-04-10,CUST-0819,PROD-0042,Central,Minnesota,Minneapolis,Office Supplies,Art,139.65,3,0.05,66.1
ORD-2026-10406,2026-04-10,2026-04-14,CUST-0083,PROD-0054,South,Florida,Miami,Office Supplies,Appliances,538.2,2,0.1,250.86
ORD-2026-10410,2026-04-11,2026-04-14,CUST-0083,PROD-0021,South ,Florida,Miami,Furniture,Chairs,379.05,1,0.05,183.65
ORD-2026-10554,2026-04-11,2026-04-12,CUST-0106,PROD-0030,East,New Jersey,Newark,Furniture,Bookcases,217.55,1,0.05,104.53
ORD-2026-11692,2026-04-11,2026-04-14,CUST-0319,PROD-0049,South,Florida,Tampa,Office Supplies,Paper,22.0,1,0.0,10.45
ORD-2026-12266,2026-04-11,2026-04-13,CUST-0417,PROD-0040,Central,Texas,Houston,Office Supplies,Storage,48.3,1,0.3,15.69
ORD-2026-13033,2026-04-11,2026-04-14,CUST-0559,PROD-0033,East,Pennsylvania,Philadelphia,Furniture,Bookcases,101.4,1,0.4,11.35
ORD-2026-13750,2026-04-11,2026-04-16,CUST-0696,PROD-0037,East,Massachusetts,Boston,Furniture,Furnishings,399.0,2,0.05,210.89
ORD-2026-14310,2026-04-11,2026-04-18,CUST-0818,PROD-0029,West,Oregon,Portland,Furniture,Tables,319.0,1,0.0,133.23
ORD-2026-13863,2026-04-12,2026-04-17,CUST-0722,PROD-0044,South,Tennessee,Nashville,Office Supplies,Art,395.0,5,0.0,219.16
ORD-2026-14442,2026-04-12,2026-04-16,CUST-0846,PROD-0025,East,Pennsylvania,Pittsburgh,Furniture,Tables,2466.2,4,0.05,931.2
ORD-2026-13472,2026-04-13,2026-04-15,CUST-0640,PROD-0008,West,Washington,Seattle,Technology,Laptops,7596.0,4,0.0,3174.02
ORD-2026-10947,2026-04-14,2026-04-19,CUST-0173,PROD-0040,East,New York,Buffalo,Office Supplies,Storage,69.0,1,0.0,37.8
ORD-2026-12817,2026-04-14,2026-04-18,CUST-0515,PROD-0057,South,Florida,Tampa,Office Supplies,Appliances,40.5,1,0.1,17.83
ORD-2026-14093,2026-04-14,2026-04-17,CUST-0764,PROD-0021,East,Pennsylvania,Philadelphia,Furniture,Chairs,1436.4,4,0.1,659.59
ORD-2026-14458,2026-04-14,2026-04-18,CUST-0849,PROD-0025,South,Florida,Orlando,furniture,Tables,616.55,1,0.05,231.06
ORD-2026-12297,2026-04-15,2026-04-16,CUST-0422,PROD-0005,East,Massachusetts,Boston,Technology,Phones,3230.0,4,0.15,813.35
ORD-2026-13735,2026-04-15,2026-04-19,CUST-0694,PROD-0009,Central,Texas,Dallas,Technology,Laptops,1647.0,3,0.0,669.45
ORD-2026-10118,2026-04-16,2026-04-19,CUST-0027,PROD-0049,West,California,Los Angeles,Office Supplies,Paper,20.9,1,0.05,7.95
ORD-2026-10273,2026-04-16,2026-04-20,CUST-0062,PROD-0027,East,Pennsylvania,Pittsburgh,Furniture,Tables,83.4,1,0.4,4.99
ORD-2026-10644,2026-04-16,2026-04-18,CUST-0125,PROD-0037,East,Pennsylvania,Pittsburgh,Furniture,Furnishings,2100.0,10,0.0,1131.06
ORD-2026-10847,2026-04-16,2026-04-21,CUST-0158,PROD-0025,Central,Texas,Austin,Furniture,Tables,519.2,1,0.2,135.67
ORD-2026-11171,2026-04-16,2026-04-17,CUST-0220,PROD-0011,Central,Illinois,Chicago,Technology,Accessories,219.3,2,0.15,118.0
ORD-2026-12369,2026-04-16,2026-04-19,CUST-0433,PROD-0011,Central,Illinois,Chicago,Technology,Accessories,129.0,1,0.0,79.08
ORD-2026-13027,2026-04-16,2026-04-21,CUST-0557,PROD-0036,Central,Michigan,Detroit,Furniture,Furnishings,49.0,1,0.0,24.51
ORD-2026-13702,2026-04-16,2026-04-17,CUST-0687,PROD-0016,East,Pennsylvania,Philadelphia,Technology,Copiers & Printers,16990.0,10,0.0,7931.93
ORD-2026-14336,2026-04-16,2026-04-17,CUST-0823,PROD-0017,West,California,San Jose,Technology,Copiers & Printers,699.0,1,0.0,312.7
ORD-2026-10338,2026-04-17,2026-04-18,CUST-0072,PROD-0015,West,Nevada,Las Vegas,Technology,Accessories,89.0,1,0.0,50.35
ORD-2026-11230,2026-04-17,2026-04-21,CUST-0232,PROD-0017,Central,Texas,Houston,Technology,Copiers & Printers,1398.0,2,0.0,630.4
ORD-2026-13563,2026-04-17,2026-04-21,CUST-0656,PROD-0038,West,Washington,Seattle,Office Supplies,Storage,567.0,3,0.0,262.77
ORD-2026-10885,2026-04-18,2026-04-22,CUST-0162,PROD-0045,South,Georgia,Atlanta,Office Supplies,Art,110.0,1,0.0,61.86
ORD-2026-10543,2026-04-19,2026-04-21,CUST-0105,PROD-0037,East,New Jersey,Newark,Furniture,Furnishings,798.0,4,0.05,416.28
ORD-2026-10706,2026-04-19,2026-04-22,CUST-0137,PROD-0009,South,North Carolina,Charlotte,Technology,Laptops,933.3,2,0.15,280.28
ORD-2026-11245,2026-04-20,2026-04-22,CUST-0234,PROD-0014,Central,Ohio,Cleveland,Technology,Accessories,670.5,5,0.1,363.79
ORD-2026-11300,2026-04-20,2026-04-24,CUST-0243,PROD-0058,West,California,San Jose,Office Supplies,Fasteners,29.0,1,0.0,11.0
ORD-2026-11689,2026-04-20,2026-04-23,CUST-0319,PROD-0047,South,Florida,Tampa,Office Supplies,Paper,24.0,1,0.0,10.53
ORD-2026-12955,2026-04-20,2026-04-23,CUST-0542,PROD-0002,South,Florida,Tampa,Technology,Phones,899.0,1,0.0,374.26
ORD-2026-13681,2026-04-20,2026-04-23,CUST-0683,PROD-0012,Central,Ohio,Columbus,Technology,Accessories,59.0,1,0.0,36.97
ORD-2026-10600,2026-04-21,2026-04-23,CUST-0117,PROD-0014,South,Florida,Miami,Technology,Accessories,1490.0,10,0.0,887.67
ORD-2026-11723,2026-04-21,2026-04-25,CUST-0325,PROD-0034,West,California,Los Angeles,Furniture,Furnishings,156.0,4,0.4,37.17
ORD-2026-12123,2026-04-21,2026-04-24,CUST-0396,PROD-0004,South,Georgia,Atlanta,Technology,Phones,1978.2,2,0.1,608.18
ORD-2026-13142,2026-04-21,2026-04-27,CUST-0582,PROD-0059,South,Florida,Tampa,Office Supplies,Fasteners,10.45,1,0.05,1.98
ORD-2026-13832,2026-04-21,2026-04-23,CUST-0711,PROD-0015,South,Florida,Miami,Technology,Accessories,178.0,2,0.0,99.31
ORD-2026-10350,2026-04-22,2026-04-25,CUST-0073,PROD-0010,West,Nevada,Las Vegas,Technology,Laptops,7245.0,5,0.0,2967.06
ORD-2026-11604,2026-04-22,2026-04-25,CUST-0308,PROD-0042,Central,Texas,Dallas,Office Supplies,Art,98.0,2,0.0,50.71
ORD-2026-11923,2026-04-22,2026-04-25,CUST-0361,PROD-0022,South,Georgia,Atlanta,Furniture,Chairs,438.0,2,0.0,236.06
ORD-2026-13085,2026-04-22,2026-04-25,CUST-0568,PROD-0038,South,Virginia,Richmond,Office Supplies,Storage,359.1,2,0.05,157.72
ORD-2026-13090,2026-04-22,2026-04-23,CUST-0569,PROD-0001,South,Virginia,Richmond,Technology,Phones,719.1,1,0.1,263.88
ORD-2026-10376,2026-04-23,2026-04-24,CUST-0079,PROD-0049,West,Oregon,Portland,Office Supplies,Paper,17.6,1,0.2,6.0
ORD-2026-11847,2026-04-23,2026-04-27,CUST-0345,PROD-0010,Central,Ohio,Cleveland,Technology,Laptops,2608.2,2,0.1,897.52
ORD-2026-11973,2026-04-23,2026-04-26,CUST-0372,PROD-0020,West,California,San Jose,Furniture,Chairs,314.1,1,0.1,147.34
ORD-2026-12161,2026-04-23,2026-04-25,CUST-0401,PROD-0008,West,Arizona,Phoenix,Technology,Laptops,1899.0,1,0.0,795.87
ORD-2026-12534,2026-04-23,2026-04-24,CUST-0463,PROD-0030,West,Washington,Seattle,Furniture,Bookcases,458.0,2,0.0,229.09
ORD-2026-14259,2026-04-24,2026-04-29,CUST-0806,PROD-0018,West,California,San Diego,Technology,Copiers & Printers,199.0,1,0.0,82.23
ORD-2026-14460,2026-04-24,2026-04-27,CUST-0849,PROD-0041,South,Florida,Orlando,Office Supplies,Storage,35.1,1,0.1,14.31
ORD-2026-11837,2026-04-25,2026-04-27,CUST-0345,PROD-0017,Central,Ohio,Cleveland,Technology,Copiers & Printers,1398.0,2,0.0,625.61
ORD-2026-12179,2026-04-25,2026-05-01,CUST-0404,PROD-0053,Central,Ohio,Cleveland,Office Supplies,Binders,11.4,1,0.05,4.16
ORD-2026-13725,2026-04-25,2026-04-28,CUST-0693,PROD-0051,Central,Ohio,Columbus,Office Supplies,Binders,36.0,2,0.0,16.23
ORD-2026-10456,2026-04-26,2026-04-30,CUST-0089,PROD-0060,Central,Michigan,Detroit,Office Supplies,Fasteners,9.8,1,0.3,-2.18
ORD-2026-11467,2026-04-26,2026-04-27,CUST-0277,PROD-0035,Central,Minnesota,Minneapolis,Furniture,Furnishings,63.75,1,0.15,28.32
ORD-2026-11619,2026-04-26,2026-04-29,CUST-0310,PROD-0055,West,Nevada,Las Vegas,Office Supplies,Appliances,132.05,1,0.05,62.91
ORD-2026-12191,2026-04-26,2026-05-01,CUST-0406,PROD-0058,East ,Massachusetts,Boston,Office Supplies,Fasteners,26.1,1,0.1,8.71
ORD-2026-12536,2026-04-26,2026-05-01,CUST-0463,PROD-0031,West,Washington,Seattle,Furniture,Bookcases,178.2,3,0.4,25.71
ORD-2026-12891,2026-04-26,2026-04-28,CUST-0525,PROD-0022,West,Washington,Spokane,Furniture,Chairs,657.0,3,0.0,351.01
ORD-2026-12906,2026-04-26,2026-05-02,CUST-0528,PROD-0038,East,New York,New York City,Office Supplies,Storage,189.0,1,0.0,88.14
ORD-2026-13415,2026-04-26,2026-04-29,CUST-0627,PROD-0033,West,Colorado,Denver,Furniture,Bookcases,135.2,1,0.2,45.78
ORD-2026-13873,2026-04-26,2026-04-27,CUST-0724,PROD-0054,West,Nevada,Las Vegas,Office Supplies,Appliances,1136.2,4,0.05,555.57
ORD-2026-14086,2026-04-26,2026-04-29,CUST-0763,PROD-0060,Central,Illinois,Chicago,Office Supplies,Fasteners,75.6,6,0.1,10.66
ORD-2026-14142,2026-04-26,2026-04-28,CUST-0777,PROD-0033,East,New York,New York City,Furniture,Bookcases,304.2,2,0.1,126.64
ORD-2026-10246,2026-04-27,2026-04-30,CUST-0056,PROD-0015,West,Washington,Seattle,Technology,Accessories,75.65,1,0.15,35.64
ORD-2026-10864,2026-04-27,2026-04-30,CUST-0161,PROD-0012,East,New York,Buffalo,Technology,Accessories,56.05,1,0.05,32.63
ORD-2026-13281,2026-04-27,2026-05-01,CUST-0607,PROD-0015,West,Arizona,Phoenix,Technology,Accessories,178.0,2,0.0,98.29
ORD-2026-14293,2026-04-27,2026-05-02,CUST-0816,PROD-0044,Central,Texas,San Antonio,Office Supplies,Art,79.0,1,0.0,43.04
ORD-2026-13748,2026-04-28,2026-05-02,CUST-0696,PROD-0050,East,Massachusetts,Boston,Office Supplies,Binders,35.7,1,0.15,15.41
ORD-2026-14230,2026-04-28,2026-04-29,CUST-0796,PROD-0026,West,Oregon,Portland,Furniture,Tables,249.5,1,0.5,-36.63
ORD-2026-14334,2026-04-28,2026-04-30,CUST-0823,PROD-0015,West,California,San Jose,Technology,Accessories,240.3,3,0.1,121.59
ORD-2026-10253,2026-04-29,2026-05-03,CUST-0059,PROD-0011,Central,Illinois,Chicago,Technology,Accessories,387.0,3,0.0,238.54
ORD-2026-11087,2026-04-29,2026-05-04,CUST-0201,PROD-0016,West,Oregon,Portland,Technology,Copiers & Printers,3058.2,2,0.1,1244.23
ORD-2026-11234,2026-04-29,2026-05-02,CUST-0232,PROD-0036,Central,Texas,Houston,Furniture,Furnishings,49.0,1,0.0,23.05
ORD-2026-11994,2026-04-29,2026-05-01,CUST-0377,PROD-0016,West,Nevada,Las Vegas,Technology,Copiers & Printers,1699.0,1,0.0,795.2
ORD-2026-12426,2026-04-29,2026-05-01,CUST-0444,PROD-0058,East,Pennsylvania,Pittsburgh,Office Supplies,Fasteners,29.0,1,0.0,13.41
ORD-2026-12624,2026-04-29,2026-05-05,CUST-0478,PROD-0052,East,Pennsylvania,Philadelphia,Office Supplies,Binders,53.2,4,0.3,9.61
ORD-2026-13677,2026-04-29,2026-05-01,CUST-0683,PROD-0060,Central,Ohio,Columbus,Office Supplies,Fasteners,47.6,4,0.15,8.59
ORD-2026-13761,2026-04-29,2026-05-04,CUST-0698,PROD-0007,West,Washington,Spokane,Technology,Laptops,949.05,1,0.05,364.59
ORD-2026-14301,2026-04-29,2026-04-30,CUST-0816,PROD-0015,Central,Texas,San Antonio,Technology,Accessories,89.0,1,0.0,47.94
ORD-2026-10108,2026-04-30,2026-05-07,CUST-0025,PROD-0029,West,California,Los Angeles,Furniture,Tables,957.0,5,0.4,31.0
ORD-2026-11333,2026-04-30,2026-05-05,CUST-0252,PROD-0016,West,Colorado,Denver,Technology,Copiers & Printers,6796.0,4,0.0,3177.75
ORD-2026-12081,2026-05-01,2026-05-03,CUST-0390,PROD-0033,Central,Texas,Austin,Furniture,Bookcases,169.0,1,0.0,80.91
ORD-2026-12286,2026-05-01,2026-05-02,CUST-0421,PROD-0055,Central,Texas,Houston,Office Supplies,Appliances,1000.8,8,0.1,447.1
ORD-2026-13433,2026-05-01,2026-05-02,CUST-0633,PROD-0010,West,Washington,Seattle,Technology,Laptops,2898.0,2,0.0,1191.73
ORD-2026-13667,2026-05-01,2026-05-03,CUST-0679,PROD-0048,South,Tennessee,Nashville,Office Supplies,Paper,25.2,1,0.1,9.19
ORD-2026-14472,2026-05-01,2026-05-07,CUST-0850,PROD-0016,West,Oregon,Portland,Technology,Copiers & Printers,5097.0,3,0.0,2387.11
ORD-2026-10585,2026-05-02,2026-05-05,CUST-0114,PROD-0042,East,Massachusetts,Boston,Office Supplies,Art,49.0,1,0.0,24.46
ORD-2026-10665,2026-05-02,2026-05-07,CUST-0129,PROD-0027,East,New Jersey,Newark,Furniture,Tables,250.2,2,0.1,87.69
ORD-2026-11414,2026-05-02,2026-05-07,CUST-0268,PROD-0051,Central,Texas,San Antonio,Office Supplies,Binders,21.6,2,0.4,-1.51
ORD-2026-14392,2026-05-02,2026-05-06,CUST-0837,PROD-0044,West,Oregon,Portland,Office Supplies,Art,237.0,3,0.0,127.34
ORD-2026-12966,2026-05-03,2026-05-05,CUST-0545,PROD-0024,West,Washington,Spokane,Furniture,Chairs,598.0,2,0.0,308.13
ORD-2026-13521,2026-05-03,2026-05-05,CUST-0646,PROD-0019,East,Pennsylvania,Philadelphia,Technology,Copiers & Printers,312.55,1,0.05,126.25
ORD-2026-14064,2026-05-03,2026-05-05,CUST-0759,PROD-0030,West,Oregon,Portland,Furniture,Bookcases,687.0,3,0.0,341.19
ORD-2026-14213,2026-05-03,2026-05-09,CUST-0793,PROD-0058,Central,Illinois,Chicago,Office Supplies,Fasteners,29.0,1,0.0,10.14
ORD-2026-14452,2026-05-03,2026-05-08,CUST-0848,PROD-0033,Central,Texas,San Antonio,Furniture,Bookcases,338.0,2,0.0,161.59
ORD-2026-11618,2026-05-04,2026-05-09,CUST-0310,PROD-0027,West,Nevada,Las Vegas,Furniture,Tables,278.0,2,0.0,114.22
ORD-2026-12215,2026-05-04,2026-05-05,CUST-0410,PROD-0012,South,Tennessee,Nashville,Technology,Accessories,112.1,2,0.05,64.02
ORD-2026-12848,2026-05-04,2026-05-07,CUST-0518,PROD-0029,Central,Minnesota,Minneapolis,Furniture,Tables,510.4,4,0.6,-231.99
ORD-2026-12902,2026-05-04,2026-05-06,CUST-0527,PROD-0052,East,New Jersey,Newark,Office Supplies,Binders,36.1,2,0.05,13.58
ORD-2026-13065,2026-05-04,2026-05-06,CUST-0566,PROD-0045,West,Colorado,Denver,Office Supplies,Art,264.0,4,0.4,65.43
ORD-2026-13513,2026-05-04,2026-05-06,CUST-0646,PROD-0049,East,Pennsylvania,Philadelphia,Office Supplies,Paper,110.0,5,0.0,47.86
ORD-2026-10883,2026-05-05,2026-05-07,CUST-0162,PROD-0022,South,Georgia,Atlanta,Furniture,Chairs,219.0,1,0.0,119.07
ORD-2026-12721,2026-05-05,2026-05-07,CUST-0497,PROD-0030,West,California,San Francisco,Furniture,Bookcases,961.8,6,0.3,279.11
ORD-2026-11323,2026-05-06,2026-05-10,CUST-0250,PROD-0056,Central,Texas,Houston,Office Supplies,Appliances,687.0,3,0.0,346.62
ORD-2026-11438,2026-05-06,2026-05-07,CUST-0273,PROD-0007,South,Virginia,Richmond,Technology,Laptops,949.05,1,0.05,362.56
ORD-2026-12636,2026-05-06,2026-05-08,CUST-0481,PROD-0008,East,Pennsylvania,Pittsburgh,Technology,Laptops,7596.0,4,0.0,3171.24
ORD-2026-12686,2026-05-06,2026-05-08,CUST-0491,PROD-0005,South,Virginia,Richmond,Technology,Phones,1615.0,2,0.15,407.03
ORD-2026-13307,2026-05-06,2026-05-11,CUST-0610,PROD-0020,West,Nevada,Las Vegas,Furniture,Chairs,628.2,2,0.1,299.37
ORD-2026-10020,2026-05-07,2026-05-08,CUST-0004,PROD-0037,South,Florida,Orlando,Furniture,Furnishings,399.0,2,0.05,205.42
ORD-2026-11927,2026-05-07,2026-05-09,CUST-0362,PROD-0058,Central,Texas,San Antonio,Office Supplies,Fasteners,27.55,1,0.05,9.83
ORD-2026-12431,2026-05-07,2026-05-09,CUST-0448,PROD-0019,South,Virginia,Richmond,Technology,Copiers & Printers,937.65,3,0.05,386.99
ORD-2026-12940,2026-05-07,2026-05-09,CUST-0538,PROD-0028,East,Pennsylvania,Philadelphia,Furniture,Tables,1598.0,2,0.0,690.81
ORD-2026-13688,2026-05-07,2026-05-09,CUST-0683,PROD-0032,Central,Ohio,Columbus,Furniture,Bookcases,159.5,1,0.5,-4.13
ORD-2026-13962,2026-05-07,2026-05-09,CUST-0744,PROD-0022,West,California,San Francisco,Furniture,Chairs,1095.0,5,0.0,588.24
ORD-2026-14130,2026-05-07,2026-05-10,CUST-0772,PROD-0051,Central,Minnesota,Minneapolis,Office Supplies,Binders,51.3,3,0.05,19.01
ORD-2026-14243,2026-05-07,2026-05-08,CUST-0801,PROD-0054,West,Washington,Spokane,Office Supplies,Appliances,299.0,1,0.0,154.82
ORD-2026-13093,2026-05-08,2026-05-11,CUST-0570,PROD-0024,South,Georgia,Atlanta,Furniture,Chairs,254.15,1,0.15,107.85
ORD-2026-13160,2026-05-08,2026-05-10,CUST-0585,PROD-0056,Central,Texas,Houston,Office Supplies,Appliances,458.0,2,0.0,230.56
ORD-2026-11374,2026-05-09,2026-05-14,CUST-0259,PROD-0039,South,Florida,Tampa,Office Supplies,Storage,67.2,3,0.3,16.93
ORD-2026-11743,2026-05-09,2026-05-11,CUST-0329,PROD-0004,South,Virginia,Richmond,Technology,Phones,4396.0,4,0.0,1652.57
ORD-2026-13664,2026-05-09,2026-05-13,CUST-0679,PROD-0028,South,Tennessee,Nashville,Furniture,Tables,1677.9,3,0.3,315.84
ORD-2026-14145,2026-05-09,2026-05-12,CUST-0777,PROD-0025,East,New York,New York City,Furniture,Tables,1233.1,2,0.05,461.67
ORD-2026-14366,2026-05-09,2026-05-12,CUST-0831,PROD-0031,South,Tennessee,Nashville,Furniture,Bookcases,990.0,10,0.0,503.29
ORD-2026-11013,2026-05-10,2026-05-13,CUST-0189,PROD-0002,South,Virginia,Richmond,Technology,Phones,1528.3,2,0.15,474.8
ORD-2026-12207,2026-05-10,2026-05-11,CUST-0408,PROD-0035,West,Colorado,Denver,Furniture,Furnishings,191.25,3,0.15,92.16
ORD-2026-12853,2026-05-10,2026-05-11,CUST-0518,PROD-0055,Central,Minnesota,Minneapolis,Office Supplies,Appliances,139.0,1,0.0,68.29
ORD-2026-14166,2026-05-10,2026-05-15,CUST-0779,PROD-0003,South,Florida,Miami,Technology,Phones,798.0,2,0.0,344.8
ORD-2026-10407,2026-05-11,2026-05-13,CUST-0083,PROD-0044,South,Florida,Miami,Office Supplies,Art,79.0,1,0.0,41.47
ORD-2026-12672,2026-05-11,2026-05-14,CUST-0488,PROD-0052,Central,Minnesota,Minneapolis,Office Supplies,Binders,34.2,2,0.1,7.42
ORD-2026-12805,2026-05-11,2026-05-13,CUST-0513,PROD-0045,Central,Minnesota,Minneapolis,Office Supplies,Art,187.0,2,0.15,88.33
ORD-2026-14020,2026-05-11,2026-05-12,CUST-0753,PROD-0021,West,California,Los Angeles,Furniture,Chairs,379.05,1,0.05,182.49
ORD-2026-10039,2026-05-12,2026-05-15,CUST-0008,PROD-0043,West,California,San Diego,Office Supplies,Art,123.9,3,0.3,40.3
ORD-2026-11506,2026-05-12,2026-05-15,CUST-0287,PROD-0037,West,Nevada,Las Vegas,Furniture,Furnishings,178.5,1,0.15,84.12
ORD-2026-11742,2026-05-12,2026-05-15,CUST-0329,PROD-0045,South,Virginia,Richmond,Office Supplies,Art,187.0,2,0.15,84.62
ORD-2026-12380,2026-05-12,2026-05-17,CUST-0435,PROD-0052,Central,Texas,San Antonio,Office Supplies,Binders,57.0,3,0.0,19.63
ORD-2026-13457,2026-05-12,2026-05-17,CUST-0638,PROD-0049,West,California,San Diego,Office Supplies,Paper,66.0,3,0.0,31.17
ORD-2026-13788,2026-05-12,2026-05-14,CUST-0704,PROD-0011,West,California,San Diego,Technology,Accessories,129.0,1,0.0,79.9
ORD-2026-13895,2026-05-12,2026-05-14,CUST-0732,PROD-0015,West,Oregon,Portland,Technology,Accessories,338.2,4,0.05,177.84
ORD-2026-10698,2026-05-13,2026-05-16,CUST-0135,PROD-0034,South,North Carolina,Charlotte,Furniture,Furnishings,370.5,6,0.05,186.56
ORD-2026-12018,2026-05-13,2026-05-15,CUST-0381,PROD-0017,Central,Texas,Austin,Technology,Copiers & Printers,699.0,1,0.0,314.94
ORD-2026-12323,2026-05-13,2026-05-16,CUST-0426,PROD-0054,West,Washington,Spokane,Office Supplies,Appliances,478.4,2,0.2,185.95
ORD-2026-12568,2026-05-13,2026-05-15,CUST-0467,PROD-0002,Central,Texas,San Antonio,Technology,Phones,3236.4,4,0.1,1141.8
ORD-2026-12941,2026-05-13,2026-05-14,CUST-0538,PROD-0022,East,Pennsylvania,Philadelphia,Furniture,Chairs,657.0,3,0.0,353.88
ORD-2026-13163,2026-05-13,2026-05-14,CUST-0585,PROD-0012,Central,Texas,Houston,Technology,Accessories,59.0,1,0.0,35.0
ORD-2026-11031,2026-05-14,2026-05-16,CUST-0191,PROD-0055,Central,Texas,San Antonio,Office Supplies,Appliances,132.05,1,0.05,60.12
ORD-2026-11830,2026-05-14,2026-05-19,CUST-0343,PROD-0049,South,Florida,Tampa,Office Supplies,Paper,176.0,8,0.0,65.11
ORD-2026-12524,2026-05-14,2026-05-18,CUST-0461,PROD-0053,Central,Texas,Houston,Office Supplies,Binders,16.8,2,0.3,1.8
ORD-2026-12627,2026-05-14,2026-05-15,CUST-0479,PROD-0031,East,Pennsylvania,Pittsburgh,Furniture,Bookcases,94.05,1,0.05,43.53
ORD-2026-13776,2026-05-14,2026-05-15,CUST-0702,PROD-0001,Central,Minnesota,Minneapolis,Technology,Phones,799.0,1,0.0,345.99
ORD-2026-14398,2026-05-14,2026-05-15,CUST-0837,PROD-0054,West,Oregon,Portland,Office Supplies,Appliances,897.0,3,0.0,456.36
ORD-2026-11260,2026-05-15,2026-05-18,CUST-0236,PROD-0041,East,Pennsylvania,Pittsburgh,Office Supplies,Storage,70.2,2,0.1,32.28
ORD-2026-13635,2026-05-15,2026-05-16,CUST-0671,PROD-0048,East,New York,Buffalo,Office Supplies,Paper,25.2,1,0.1,10.09
ORD-2026-14131,2026-05-15,2026-05-17,CUST-0772,PROD-0045,Central,Minnesota,Minneapolis,Office Supplies,Art,660.0,6,0.0,357.87
ORD-2026-10335,2026-05-16,2026-05-18,CUST-0072,PROD-0034,West,Nevada,Las Vegas,Furniture,Furnishings,65.0,1,0.0,35.75
ORD-2026-10582,2026-05-16,2026-05-19,CUST-0114,PROD-0025,East,Massachusetts,Boston,Furniture,Tables,3082.75,5,0.05,1155.23
ORD-2026-10773,2026-05-16,2026-05-20,CUST-0147,PROD-0015,East,New York,Buffalo,Technology,Accessories,89.0,1,0.0,48.74
ORD-2026-11947,2026-05-16,2026-05-18,CUST-0365,PROD-0008,East,Pennsylvania,Philadelphia,Technology,Laptops,1804.05,1,0.05,698.73
ORD-2026-13061,2026-05-16,2026-05-21,CUST-0565,PROD-0029,West,Washington,Spokane,Furniture,Tables,638.0,2,0.0,264.99
ORD-2026-13583,2026-05-16,2026-05-19,CUST-0660,PROD-0053,West,California,San Diego,Office Supplies,Binders,21.6,2,0.1,5.77
ORD-2026-13845,2026-05-17,2026-05-20,CUST-0715,PROD-0007,South,Florida,Miami,Technology,Laptops,2997.0,3,0.0,1243.12
ORD-2026-14382,2026-05-17,2026-05-19,CUST-0834,PROD-0046,West,California,San Diego,Office Supplies,Paper,34.0,1,0.0,14.88
ORD-2026-10800,2026-05-18,2026-05-19,CUST-0150,PROD-0032,West,Arizona,Phoenix,Furniture,Bookcases,478.5,3,0.5,-19.65
ORD-2026-11474,2026-05-18,2026-05-20,CUST-0279,PROD-0018,South,North Carolina,Charlotte,Technology,Copiers & Printers,567.15,3,0.05,225.1
ORD-2026-11907,2026-05-18,2026-05-20,CUST-0360,PROD-0005,South,Virginia,Richmond,Technology,Phones,1900.0,2,0.0,693.69
ORD-2026-12012,2026-05-18,2026-05-21,CUST-0381,PROD-0034,Central,Texas,Austin,Furniture,Furnishings,52.0,1,0.2,20.62
ORD-2026-13546,2026-05-18,2026-05-20,CUST-0651,PROD-0026,West,Washington,Spokane,Furniture,Tables,948.1,2,0.05,375.97
ORD-2026-13853,2026-05-18,2026-05-20,CUST-0718,PROD-0018,East,Massachusetts,Boston,Technology,Copiers & Printers,398.0,2,0.0,170.0
ORD-2026-13946,2026-05-18,2026-05-19,CUST-0739,PROD-0031,South,Georgia,Atlanta,Furniture,Bookcases,99.0,1,0.0,50.27
ORD-2026-10707,2026-05-19,2026-05-21,CUST-0137,PROD-0001,South,North Carolina,Charlotte,Technology,Phones,1438.2,2,0.1,528.06
ORD-2026-12547,2026-05-19,2026-05-25,CUST-0465,PROD-0016,East,Massachusetts,Boston,Technology,Copiers & Printers,5097.0,3,0.0,2379.11
ORD-2026-12548,2026-05-19,2026-05-21,CUST-0465,PROD-0054,East,Massachusetts,Boston,Office Supplies,Appliances,299.0,1,0.0,152.17
ORD-2026-10640,2026-05-20,2026-05-23,CUST-0125,PROD-0003,East,Pennsylvania,Pittsburgh,Technology,Phones,718.2,2,0.1,270.51
ORD-2026-11854,2026-05-20,2026-05-21,CUST-0348,PROD-0037,Central,Texas,Austin,Furniture,Furnishings,210.0,1,0.0,113.99
ORD-2026-11898,2026-05-20,2026-05-22,CUST-0358,PROD-0038,Central,Minnesota,Minneapolis,Office Supplies,Storage,1360.8,8,0.1,573.75
ORD-2026-12328,2026-05-20,2026-05-26,CUST-0426,PROD-0047,West,Washington,Spokane,Office Supplies,Paper,61.2,3,0.15,23.2
ORD-2026-10638,2026-05-21,2026-05-24,CUST-0125,PROD-0060,East,Pennsylvania,Pittsburgh,Office Supplies,Fasteners,56.0,4,0.0,22.6
ORD-2026-11204,2026-05-21,2026-05-24,CUST-0228,PROD-0059,West,California,San Diego,Office Supplies,Fasteners,31.35,3,0.05,4.86
ORD-2026-11335,2026-05-21,2026-05-24,CUST-0252,PROD-0025,West,Colorado,Denver,Furniture,Tables,908.6,2,0.3,138.0
ORD-2026-12008,2026-05-21,2026-05-24,CUST-0380,PROD-0015,West,California,San Francisco,Technology,Accessories,338.2,4,0.05,173.01
ORD-2026-13337,2026-05-21,2026-05-25,CUST-0616,PROD-0028,East,New Jersey,Newark,Furniture,Tables,2277.15,3,0.05,910.11
ORD-2026-10908,2026-05-22,2026-05-25,CUST-0166,PROD-0031,West,Washington,Seattle,Furniture,Bookcases,297.0,5,0.4,41.38
ORD-2026-11120,2026-05-22,2026-05-25,CUST-0207,PROD-0019,West,California,Los Angeles,Technology,Copiers & Printers,658.0,2,0.0,287.2
ORD-2026-13077,2026-05-22,2026-05-24,CUST-0567,PROD-0055,South,Florida,Orlando,Office Supplies,Appliances,556.0,5,0.2,212.07
ORD-2026-13980,2026-05-22,2026-05-23,CUST-0745,PROD-0024,East,New Jersey,Newark,Furniture,Chairs,1794.0,6,0.0,929.23
ORD-2026-12046,2026-05-23,2026-05-28,CUST-0384,PROD-0053,Central,Texas,San Antonio,Office Supplies,Binders,22.8,2,0.05,1.48
ORD-2026-12735,2026-05-23,2026-05-25,CUST-0499,PROD-0055,East,New York,Buffalo,Office Supplies,Appliances,139.0,1,0.0,67.36
ORD-2026-12930,2026-05-23,2026-05-26,CUST-0536,PROD-0048,South,Virginia,Richmond,Office Supplies,Paper,47.6,2,0.15,13.61
ORD-2026-13102,2026-05-23,2026-05-27,CUST-0572,PROD-0022,South,Virginia,Richmond,Furniture,Chairs,438.0,2,0.0,237.79
ORD-2026-12659,2026-05-24,2026-05-26,CUST-0485,PROD-0011,Central ,Texas,San Antonio,Technology,Accessories,245.1,2,0.05,147.29
ORD-2026-13731,2026-05-24,2026-05-27,CUST-0693,PROD-0051,Central,Ohio,Columbus,Office Supplies,Binders,36.0,2,0.0,14.2
ORD-2026-14147,2026-05-24,2026-05-26,CUST-0777,PROD-0043,East,New York,New York City,Office Supplies,Art,59.0,1,0.0,28.59
ORD-2026-14152,2026-05-24,2026-05-26,CUST-0778,PROD-0045,West,Washington,Spokane,Office Supplies,Art,110.0,1,0.0,58.62
ORD-2026-14468,2026-05-24,2026-05-25,CUST-0849,PROD-0025,South,Florida,Orlando,Furniture,Tables,4543.0,10,0.3,694.39
ORD-2026-10813,2026-05-25,2026-05-27,CUST-0154,PROD-0035,West,Washington,Seattle,Furniture,Furnishings,150.0,2,0.0,79.26
ORD-2026-10888,2026-05-25,2026-05-27,CUST-0163,PROD-0056,Central,Texas,Dallas,Office Supplies,Appliances,1087.75,5,0.05,505.33
ORD-2026-12766,2026-05-25,2026-05-26,CUST-0505,PROD-0009,South,Tennessee,Nashville,Technology,Laptops,2607.75,5,0.05,984.9
ORD-2026-13336,2026-05-25,2026-05-28,CUST-0616,PROD-0021,East,New Jersey,Newark,Furniture,Chairs,379.05,1,0.05,185.76
ORD-2026-10915,2026-05-26,2026-05-29,CUST-0168,PROD-0003,South,Florida,Miami,Technology,Phones,1695.75,5,0.15,574.21
ORD-2026-10960,2026-05-26,2026-05-30,CUST-0177,PROD-0048,West,Washington,Spokane,Office Supplies,Paper,75.6,3,0.1,33.29
ORD-2026-11739,2026-05-26,2026-05-29,CUST-0329,PROD-0048,South,Virginia,Richmond,Office Supplies,Paper,23.8,1,0.15,8.53
ORD-2026-13497,2026-05-26,2026-05-27,CUST-0643,PROD-0051,Central,Texas,Austin,Office Supplies,Binders,18.0,1,0.0,6.67
ORD-2026-13956,2026-05-26,2026-05-29,CUST-0742,PROD-0002,West,California,San Jose,Technology,Phones,1618.2,2,0.1,565.93
ORD-2026-13799,2026-05-27,2026-05-30,CUST-0707,PROD-0018,South,Tennessee,Nashville,Technology,Copiers & Printers,1890.5,10,0.05,742.75
ORD-2026-14178,2026-05-27,2026-05-29,CUST-0785,PROD-0019,Central,Michigan,Detroit,Technology,Copiers & Printers,3290.0,10,0.0,1457.65
ORD-2026-14424,2026-05-27,2026-05-30,CUST-0843,PROD-0001,East,New Jersey,Newark,Technology,Phones,679.15,1,0.15,224.33
ORD-2026-12011,2026-05-28,2026-05-30,CUST-0381,PROD-0022,Central,Texas,Austin,Furniture,Chairs,219.0,1,0.0,118.77
ORD-2026-13775,2026-05-28,2026-05-31,CUST-0702,PROD-0060,Central,Minnesota,Minneapolis,Office Supplies,Fasteners,28.0,2,0.0,6.08
ORD-2026-10140,2026-05-29,2026-05-31,CUST-0029,PROD-0040,West,Nevada,Las Vegas,Office Supplies,Storage,293.25,5,0.15,127.53
ORD-2026-10443,2026-05-29,2026-06-01,CUST-0087,PROD-0005,South,Florida,Tampa,Technology,Phones,950.0,1,0.0,343.47
ORD-2026-12607,2026-05-29,2026-06-01,CUST-0474,PROD-0030,South,Florida,Orlando,Furniture,Bookcases,583.95,3,0.15,243.05
ORD-2026-13608,2026-05-29,2026-06-01,CUST-0666,PROD-0045,Central,Ohio,Cleveland,Office Supplies,Art,88.0,1,0.2,36.0
ORD-2026-10405,2026-05-30,2026-06-05,CUST-0083,PROD-0024,South,Florida,Miami,Furniture,Chairs,598.0,2,0.0,310.04
ORD-2026-10531,2026-05-30,2026-06-02,CUST-0105,PROD-0037,East,New Jersey,Newark,Furniture,Furnishings,378.0,2,0.1,191.24
ORD-2026-12022,2026-05-30,2026-06-02,CUST-0381,PROD-0036,Central,Texas,Austin,Furniture,Furnishings,93.1,2,0.05,47.04
ORD-2026-14039,2026-05-30,2026-06-01,CUST-0757,PROD-0057,South,Florida,Miami,Office Supplies,Appliances,128.25,3,0.05,55.08
ORD-2026-10411,2026-05-31,2026-06-05,CUST-0084,PROD-0044,Central,Illinois,Chicago,Office Supplies,Art,75.05,1,0.05,37.26
ORD-2026-10645,2026-05-31,2026-06-01,CUST-0125,PROD-0060,East,Pennsylvania,Pittsburgh,Office Supplies,Fasteners,28.0,2,0.0,6.91
ORD-2026-11339,2026-05-31,2026-06-02,CUST-0253,PROD-0017,East,Massachusetts,Boston,Technology,Copiers & Printers,699.0,1,0.0,314.16
ORD-2026-11768,2026-05-31,2026-06-02,CUST-0333,PROD-0017,West,California,San Francisco,Technology,Copiers & Printers,1992.15,3,0.05,835.07
ORD-2026-12763,2026-05-31,2026-06-07,CUST-0504,PROD-0042,West,California,San Diego,Office Supplies,Art,83.3,2,0.15,34.58
ORD-2026-10283,2026-06-01,2026-06-04,CUST-0064,PROD-0006,Central,Texas,Austin,Technology,Laptops,1299.0,1,0.0,544.87
ORD-2026-10537,2026-06-01,2026-06-02,CUST-0105,PROD-0053,East,New Jersey,Newark,Office Supplies,Binders,12.0,1,0.0,4.43
ORD-2026-11584,2026-06-01,2026-06-03,CUST-0304,PROD-0052,Central,Minnesota,Minneapolis,Office Supplies,Binders,38.0,2,0.0,10.05
ORD-2026-11668,2026-06-01,2026-06-03,CUST-0317,PROD-0026,West,Oregon,Portland,Furniture,Tables,499.0,1,0.0,212.95
ORD-2026-11727,2026-06-01,2026-06-03,CUST-0326,PROD-0025,West,Nevada,Las Vegas,Furniture,Tables,1038.4,2,0.2,268.86
ORD-2026-12430,2026-06-01,2026-06-04,CUST-0448,PROD-0059,South,Virginia,Richmond,Office Supplies,Fasteners,17.6,2,0.2,-0.31
ORD-2026-14019,2026-06-01,2026-06-05,CUST-0753,PROD-0010,West,California,Los Angeles,Technology,Laptops,2753.1,2,0.05,1045.58
ORD-2026-14172,2026-06-01,2026-06-05,CUST-0781,PROD-0005,East,Pennsylvania,Philadelphia,Technology,Phones,902.5,1,0.05,298.61
ORD-2026-14229,2026-06-01,2026-06-03,CUST-0796,PROD-0044,West,Oregon,Portland,Office Supplies,Art,79.0,1,0.0,43.63
ORD-2026-10185,2026-06-02,2026-06-03,CUST-0039,PROD-0001,West,California,San Diego,Technology,Phones,1598.0,2,0.0,685.22
ORD-2026-10712,2026-06-02,2026-06-04,CUST-0138,PROD-0012,South,Virginia,Richmond,Technology,Accessories,159.3,3,0.1,89.74
ORD-2026-10929,2026-06-02,2026-06-05,CUST-0170,PROD-0014,Central,Illinois,Chicago,Technology,Accessories,566.2,4,0.05,328.25
ORD-2026-12076,2026-06-02,2026-06-04,CUST-0389,PROD-0011,East,New York,New York City,Technology,Accessories,122.55,1,0.05,72.26
ORD-2026-12114,2026-06-02,2026-06-04,CUST-0395,PROD-0057,East,Pennsylvania,Philadelphia,Office Supplies,Appliances,38.25,1,0.15,15.74
ORD-2026-12389,2026-06-02,2026-06-05,CUST-0436,PROD-0045,West,Arizona,Phoenix,Office Supplies,Art,220.0,2,0.0,117.69
ORD-2026-13197,2026-06-02,2026-06-06,CUST-0592,PROD-0006,Central,Ohio,Columbus,Technology,Laptops,2598.0,2,0.0,1084.68
ORD-2026-14113,2026-06-02,2026-06-04,CUST-0767,PROD-0052,Central,Illinois,Chicago,Office Supplies,Binders,76.0,4,0.0,20.94
ORD-2026-10142,2026-06-03,2026-06-05,CUST-0031,PROD-0026,Central,Ohio,Cleveland,Furniture,Tables,1397.2,4,0.3,260.63
ORD-2026-14107,2026-06-03,2026-06-06,CUST-0766,PROD-0017,East,New York,Buffalo,Technology,Copiers & Printers,699.0,1,0.0,315.87
ORD-2026-10107,2026-06-04,2026-06-07,CUST-0025,PROD-0057,West,California,Los Angeles,Office Supplies,Appliances,40.5,1,0.1,17.3
ORD-2026-11097,2026-06-04,2026-06-08,CUST-0203,PROD-0033,Central,Ohio,Cleveland,Furniture,Bookcases,456.3,3,0.1,181.31
ORD-2026-11451,2026-06-04,2026-06-07,CUST-0276,PROD-0028,West,Colorado,Denver,Furniture,Tables,559.3,1,0.3,104.82
ORD-2026-11952,2026-06-04,2026-06-09,CUST-0368,PROD-0043,South,Tennessee,Nashville,Office Supplies,Art,224.2,4,0.05,107.94
ORD-2026-13410,2026-06-04,2026-06-06,CUST-0627,PROD-0039,West,Colorado,Denver,Office Supplies,Storage,64.0,2,0.0,28.27
ORD-2026-13697,2026-06-04,2026-06-06,CUST-0687,PROD-0051,East,Pennsylvania,Philadelphia,Office Supplies,Binders,85.5,5,0.05,25.21
ORD-2026-14048,2026-06-04,2026-06-08,CUST-0758,PROD-0059,Central,Ohio,Cleveland,Office Supplies,Fasteners,8.8,1,0.2,-1.77
ORD-2026-10370,2026-06-05,2026-06-06,CUST-0078,PROD-0040,Central,Michigan,Detroit,Office Supplies,Storage,96.6,2,0.3,33.79
ORD-2026-10750,2026-06-05,2026-06-11,CUST-0145,PROD-0030,South ,North Carolina,Charlotte,Furniture,Bookcases,412.2,3,0.4,71.62
ORD-2026-14098,2026-06-05,2026-06-06,CUST-0764,PROD-0015,East,Pennsylvania,Philadelphia,Technology,Accessories,89.0,1,0.0,49.93
ORD-2026-10495,2026-06-06,2026-06-08,CUST-0096,PROD-0028,Central,Michigan,Detroit,Furniture,Tables,2397.0,3,0.0,1037.59
ORD-2026-11579,2026-06-06,2026-06-09,CUST-0303,PROD-0010,Central,Texas,Austin,Technology,Laptops,1449.0,1,0.0,594.19
ORD-2026-11643,2026-06-06,2026-06-08,CUST-0314,PROD-0014,Central,Texas,Dallas,Technology,Accessories,126.65,1,0.15,65.48
ORD-2026-12042,2026-06-06,2026-06-08,CUST-0384,PROD-0056,Central,Texas,San Antonio,Office Supplies,Appliances,206.1,1,0.1,90.45
ORD-2026-12924,2026-06-06,2026-06-09,CUST-0534,PROD-0050,West,Arizona,Phoenix,Office Supplies,Binders,67.2,2,0.2,22.34
ORD-2026-13634,2026-06-06,2026-06-07,CUST-0671,PROD-0053,East,New York,Buffalo,Office Supplies,Binders,11.4,1,0.05,3.74
ORD-2026-10280,2026-06-07,2026-06-09,CUST-0064,PROD-0058,Central,Texas,Austin,Office Supplies,Fasteners,87.0,3,0.0,33.3
ORD-2026-10804,2026-06-07,2026-06-08,CUST-0151,PROD-0045,West,Arizona,Phoenix,Office Supplies,Art,104.5,1,0.05,54.55
ORD-2026-10966,2026-06-07,2026-06-09,CUST-0179,PROD-0002,South,North Carolina,Charlotte,Technology,Phones,854.05,1,0.05,327.41
ORD-2026-11187,2026-06-07,2026-06-08,CUST-0226,PROD-0001,Central,Texas,San Antonio,Technology,Phones,1518.1,2,0.05,605.7
ORD-2026-11295,2026-06-07,2026-06-11,CUST-0242,PROD-0019,East,New Jersey,Newark,Technology,Copiers & Printers,937.65,3,0.05,379.54
ORD-2026-12307,2026-06-07,2026-06-10,CUST-0423,PROD-0018,South,Tennessee,Nashville,Technology,Copiers & Printers,169.15,1,0.15,52.31
ORD-2026-12726,2026-06-07,2026-06-08,CUST-0497,PROD-0041,West,California,San Francisco,Office Supplies,Storage,31.2,1,0.2,9.27
ORD-2026-10099,2026-06-08,2026-06-11,CUST-0022,PROD-0057,West,Colorado,Denver,Office Supplies,Appliances,38.25,1,0.15,14.15
ORD-2026-12855,2026-06-08,2026-06-12,CUST-0518,PROD-0016,Central,Minnesota,Minneapolis,Technology,Copiers & Printers,3398.0,2,0.0,1591.06
ORD-2026-13370,2026-06-08,2026-06-10,CUST-0622,PROD-0028,South,Florida,Orlando,Furniture,Tables,3795.25,5,0.05,1520.84
ORD-2026-13386,2026-06-08,2026-06-09,CUST-0625,PROD-0042,West,Washington,Seattle,Office Supplies,Art,39.2,1,0.2,14.88
ORD-2026-13689,2026-06-08,2026-06-09,CUST-0683,PROD-0050,Central,Ohio,Columbus,Office Supplies,Binders,33.6,1,0.2,12.25
ORD-2026-14030,2026-06-08,2026-06-11,CUST-0756,PROD-0003,South,North Carolina,Charlotte,Technology,Phones,399.0,1,0.0,174.94
ORD-2026-14237,2026-06-08,2026-06-09,CUST-0799,PROD-0015,West,California,San Diego,Technology,Accessories,84.55,1,0.05,45.64
ORD-2026-10408,2026-06-09,2026-06-11,CUST-0083,PROD-0035,South,Florida,Miami,Furniture,Furnishings,150.0,2,0.0,80.84
ORD-2026-12214,2026-06-09,2026-06-12,CUST-0409,PROD-0045,West,Nevada,Las Vegas,Office Supplies,Art,352.0,4,0.2,149.28
ORD-2026-14004,2026-06-09,2026-06-11,CUST-0750,PROD-0051,West,Washington,Spokane,Office Supplies,Binders,28.8,2,0.2,10.13
ORD-2026-14128,2026-06-09,2026-06-10,CUST-0771,PROD-0043,West,Washington,Seattle,Office Supplies,Art,59.0,1,0.0,31.28
ORD-2026-10090,2026-06-10,2026-06-16,CUST-0020,PROD-0046,Central,Illinois,Chicago,Office Supplies,Paper,30.6,1,0.1,11.83
ORD-2026-10586,2026-06-10,2026-06-11,CUST-0114,PROD-0028,East,Massachusetts,Boston,Furniture,Tables,479.4,1,0.4,22.52
ORD-2026-11053,2026-06-10,2026-06-16,CUST-0194,PROD-0005,West,California,San Diego,Technology,Phones,4512.5,5,0.05,1485.34
ORD-2026-11685,2026-06-10,2026-06-16,CUST-0319,PROD-0031,South,Florida,Tampa,Furniture,Bookcases,198.0,2,0.0,101.65
ORD-2026-14125,2026-06-10,2026-06-17,CUST-0769,PROD-0047,Central,Texas,Austin,Office Supplies,Paper,72.0,3,0.0,34.04
ORD-2026-12572,2026-06-11,2026-06-12,CUST-0468,PROD-0033,East,Massachusetts,Boston,Furniture,Bookcases,135.2,1,0.2,45.09
ORD-2026-12789,2026-06-11,2026-06-13,CUST-0511,PROD-0054,East,Pennsylvania,Pittsburgh,Office Supplies,Appliances,1495.0,5,0.0,766.1
ORD-2026-12878,2026-06-11,2026-06-13,CUST-0522,PROD-0010,Central,Texas,Austin,Technology,Laptops,1449.0,1,0.0,592.55
ORD-2026-12892,2026-06-11,2026-06-13,CUST-0525,PROD-0020,West,Washington,Spokane,Furniture,Chairs,698.0,2,0.0,365.99
ORD-2026-13030,2026-06-11,2026-06-14,CUST-0557,PROD-0020,Central,Michigan,Detroit,Furniture,Chairs,349.0,1,0.0,185.72
ORD-2026-13441,2026-06-11,2026-06-13,CUST-0635,PROD-0029,West,Oregon,Portland,Furniture,Tables,319.0,1,0.0,135.32
ORD-2026-10183,2026-06-12,2026-06-14,CUST-0037,PROD-0043,West,California,San Francisco,Office Supplies,Art,59.0,1,0.0,31.44
ORD-2026-10328,2026-06-12,2026-06-15,CUST-0071,PROD-0008,South,Florida,Tampa,Technology,Laptops,1899.0,1,0.0,792.22
ORD-2026-10339,2026-06-12,2026-06-14,CUST-0072,PROD-0046,West,Nevada,Las Vegas,Office Supplies,Paper,64.6,2,0.05,29.7
ORD-2026-10372,2026-06-12,2026-06-15,CUST-0078,PROD-0007,Central,Michigan,Detroit,Technology,Laptops,999.0,1,0.0,412.72
ORD-2026-10878,2026-06-12,2026-06-14,CUST-0162,PROD-0042,South,Georgia,Atlanta,Office Supplies,Art,46.55,1,0.05,24.22
ORD-2026-11275,2026-06-12,2026-06-13,CUST-0239,PROD-0013,West,Nevada,Las Vegas,Technology,Accessories,69.0,1,0.0,41.28
ORD-2026-10105,2026-06-13,2026-06-14,CUST-0024,PROD-0020,South,North Carolina,Charlotte,Furniture,Chairs,349.0,1,0.0,183.92
ORD-2026-10478,2026-06-13,2026-06-14,CUST-0095,PROD-0014,South,Tennessee,Nashville,Technology,Accessories,134.1,1,0.1,74.1
ORD-2026-11113,2026-06-13,2026-06-15,CUST-0207,PROD-0036,West,California,Los Angeles,Furniture,Furnishings,49.0,1,0.0,24.8
ORD-2026-12342,2026-06-13,2026-06-14,CUST-0427,PROD-0036,West,California,San Diego,Furniture,Furnishings,46.55,1,0.05,23.25
ORD-2026-12514,2026-06-13,2026-06-14,CUST-0460,PROD-0001,Central,Minnesota,Minneapolis,Technology,Phones,2397.0,3,0.0,1030.65
ORD-2026-13827,2026-06-13,2026-06-15,CUST-0711,PROD-0035,South,Florida,Miami,Furniture,Furnishings,300.0,4,0.0,153.71
ORD-2026-10028,2026-06-14,2026-06-17,CUST-0006,PROD-0059,West,Nevada,Las Vegas,Office Supplies,Fasteners,11.0,1,0.0,0.42
ORD-2026-10101,2026-06-14,2026-06-15,CUST-0022,PROD-0043,West,Colorado,Denver,Office Supplies,Art,50.15,1,0.15,22.63
ORD-2026-10607,2026-06-14,2026-06-17,CUST-0120,PROD-0020,Central,Michigan,Detroit,Furniture,Chairs,1047.0,3,0.0,556.12
ORD-2026-11270,2026-06-14,2026-06-16,CUST-0239,PROD-0037,West,Nevada,Las Vegas,Furniture,Furnishings,997.5,5,0.05,514.17
ORD-2026-12820,2026-06-14,2026-06-15,CUST-0516,PROD-0047,South,Florida,Miami,Office Supplies,Paper,48.0,2,0.0,20.2
ORD-2026-14459,2026-06-14,2026-06-16,CUST-0849,PROD-0007,South,Florida,Orlando,Technology,Laptops,9990.0,10,0.0,4143.37
ORD-2026-11569,2026-06-15,2026-06-21,CUST-0301,PROD-0028,West,Oregon,Portland,Furniture,Tables,719.1,1,0.1,262.67
ORD-2026-11647,2026-06-15,2026-06-16,CUST-0314,PROD-0051,Central,Texas,Dallas,Office Supplies,Binders,43.2,3,0.2,14.01
ORD-2026-12155,2026-06-15,2026-06-17,CUST-0400,PROD-0039,South,Tennessee,Nashville,Office Supplies,Storage,32.0,1,0.0,15.44
ORD-2026-13508,2026-06-15,2026-06-16,CUST-0646,PROD-0012,East,Pennsylvania,Philadelphia,Technology,Accessories,100.3,2,0.15,50.33
ORD-2026-13803,2026-06-15,2026-06-16,CUST-0708,PROD-0057,South,Florida,Tampa,Office Supplies,Appliances,76.5,2,0.15,30.08
ORD-2026-14362,2026-06-15,2026-06-17,CUST-0830,PROD-0051,East,Massachusetts,Boston,Office Supplies,Binders,32.4,2,0.1,7.74
ORD-2026-10510,2026-06-16,2026-06-18,CUST-0098,PROD-0039,South,Tennessee,Nashville,Office Supplies,Storage,51.2,2,0.2,14.85
ORD-2026-10650,2026-06-16,2026-06-17,CUST-0125,PROD-0010,East,Pennsylvania,Pittsburgh,Technology,Laptops,2753.1,2,0.05,1042.47
ORD-2026-11060,2026-06-16,2026-06-17,CUST-0196,PROD-0055,West,Nevada,Las Vegas,office supplies,Appliances,396.15,3,0.05,189.47
ORD-2026-11330,2026-06-16,2026-06-18,CUST-0251,PROD-0039,Central,Texas,Dallas,Office Supplies,Storage,44.8,2,0.3,7.86
ORD-2026-12329,2026-06-16,2026-06-20,CUST-0426,PROD-0002,West,Washington,Spokane,Technology,Phones,1798.0,2,0.0,747.91
ORD-2026-12718,2026-06-16,2026-06-19,CUST-0497,PROD-0011,West ,California,San Francisco,Technology,Accessories,612.75,5,0.05,358.99
ORD-2026-13183,2026-06-16,2026-06-19,CUST-0589,PROD-0011,Central,Minnesota,Minneapolis,Technology,Accessories,129.0,1,0.0,77.74
ORD-2026-13012,2026-06-17,2026-06-20,CUST-0555,PROD-0059,West,Colorado,Denver,Office Supplies,Fasteners,33.0,3,0.0,9.61
ORD-2026-10378,2026-06-18,2026-06-21,CUST-0079,PROD-0059,West,Oregon,Portland,Office Supplies,Fasteners,11.0,1,0.0,1.42
ORD-2026-12093,2026-06-18,2026-06-19,CUST-0392,PROD-0041,Central,Texas,Dallas,Office Supplies,Storage,23.4,1,0.4,2.93
ORD-2026-12937,2026-06-18,2026-06-20,CUST-0537,PROD-0049,Central,Texas,Houston,Office Supplies,Paper,22.0,1,0.0,10.26
ORD-2026-10369,2026-06-19,2026-06-24,CUST-0078,PROD-0018,Central,Michigan,Detroit,Technology,Copiers & Printers,716.4,4,0.1,250.42
ORD-2026-11441,2026-06-19,2026-06-21,CUST-0274,PROD-0012,South,Florida,Miami,Technology,Accessories,224.2,4,0.05,125.05
ORD-2026-11141,2026-06-20,2026-06-23,CUST-0211,PROD-0031,Central,Minnesota,Minneapolis,Furniture,Bookcases,475.2,6,0.2,173.68
ORD-2026-11485,2026-06-20,2026-06-24,CUST-0282,PROD-0015,Central,Ohio,Cleveland,Technology,Accessories,712.0,8,0.0,393.7
ORD-2026-12542,2026-06-20,2026-06-22,CUST-0463,PROD-0059,West,Washington,Seattle,Office Supplies,Fasteners,20.9,2,0.05,6.75
ORD-2026-12895,2026-06-20,2026-06-22,CUST-0525,PROD-0031,West,Washington,Spokane,Furniture,Bookcases,470.25,5,0.05,222.39
ORD-2026-13104,2026-06-20,2026-06-25,CUST-0574,PROD-0024,East,Massachusetts,Boston,Furniture,Chairs,538.2,2,0.1,246.01
ORD-2026-14143,2026-06-20,2026-06-23,CUST-0777,PROD-0049,East,New York,New York City,Office Supplies,Paper,62.7,3,0.05,28.09
ORD-2026-10599,2026-06-21,2026-06-22,CUST-0117,PROD-0046,South,Florida,Miami,Office Supplies,Paper,32.3,1,0.05,12.53
ORD-2026-11111,2026-06-21,2026-06-23,CUST-0207,PROD-0059,West,California,Los Angeles,Office Supplies,Fasteners,8.8,1,0.2,1.25
ORD-2026-11443,2026-06-21,2026-06-22,CUST-0275,PROD-0009,East,Pennsylvania,Pittsburgh,Technology,Laptops,1564.65,3,0.05,594.95
ORD-2026-11565,2026-06-21,2026-06-23,CUST-0301,PROD-0004,West,Oregon,Portland,Technology,Phones,1099.0,1,0.0,415.02
ORD-2026-11899,2026-06-21,2026-06-23,CUST-0358,PROD-0046,Central,Minnesota,Minneapolis,Office Supplies,Paper,68.0,2,0.0,30.53
ORD-2026-12922,2026-06-21,2026-06-24,CUST-0533,PROD-0008,Central,Minnesota,Minneapolis,Technology,Laptops,1899.0,1,0.0,795.7
ORD-2026-13215,2026-06-21,2026-06-22,CUST-0595,PROD-0014,South,Virginia,Richmond,Technology,Accessories,298.0,2,0.0,179.12
ORD-2026-13261,2026-06-21,2026-06-23,CUST-0600,PROD-0004,East,New York,New York City,Technology,Phones,2967.3,3,0.1,906.32
ORD-2026-14042,2026-06-21,2026-06-24,CUST-0757,PROD-0046,South,Florida,Miami,Office Supplies,Paper,30.6,1,0.1,10.73
ORD-2026-10326,2026-06-22,2026-06-25,CUST-0071,PROD-0040,South,Florida,Tampa,Office Supplies,Storage,82.8,2,0.4,13.01
ORD-2026-12060,2026-06-22,2026-06-23,CUST-0387,PROD-0016,Central,Minnesota,Minneapolis,Technology,Copiers & Printers,1699.0,1,0.0,793.51
ORD-2026-12602,2026-06-22,2026-06-25,CUST-0473,PROD-0023,West,Nevada,Las Vegas,Furniture,Chairs,249.0,1,0.0,125.52
ORD-2026-13120,2026-06-22,2026-06-26,CUST-0577,PROD-0040,Central,Texas,Houston,Office Supplies,Storage,69.0,1,0.0,34.05
ORD-2026-13172,2026-06-22,2026-06-25,CUST-0587,PROD-0005,West,Arizona,Phoenix,Technology,Phones,1900.0,2,0.0,686.89
ORD-2026-13721,2026-06-22,2026-06-25,CUST-0692,PROD-0012,South,Florida,Tampa,Technology,Accessories,280.25,5,0.05,172.78
ORD-2026-14206,2026-06-22,2026-06-23,CUST-0792,PROD-0057,West,Colorado,Denver,Office Supplies,Appliances,171.0,4,0.05,82.48
ORD-2026-10948,2026-06-23,2026-06-25,CUST-0174,PROD-0031,South,Tennessee,Nashville,furniture,Bookcases,198.0,2,0.0,94.49
ORD-2026-12933,2026-06-23,2026-06-25,CUST-0536,PROD-0018,South,Virginia,Richmond,Technology,Copiers & Printers,378.1,2,0.05,146.57
ORD-2026-13164,2026-06-23,2026-06-24,CUST-0586,PROD-0047,South,Florida,Orlando,Office Supplies,Paper,24.0,1,0.0,8.9
ORD-2026-13565,2026-06-23,2026-06-25,CUST-0657,PROD-0026,East,New York,New York City,Furniture,Tables,1347.3,3,0.1,496.6
ORD-2026-14394,2026-06-23,2026-06-26,CUST-0837,PROD-0025,West,Oregon,Portland,Furniture,Tables,1654.95,3,0.15,503.28
ORD-2026-10430,2026-06-24,2026-06-25,CUST-0087,PROD-0038,South,Florida,Tampa,Office Supplies,Storage,94.5,1,0.5,-6.52
ORD-2026-10907,2026-06-24,2026-06-26,CUST-0166,PROD-0033,West,Washington,Seattle,Furniture,Bookcases,160.55,1,0.05,72.25
ORD-2026-11785,2026-06-24,2026-06-27,CUST-0335,PROD-0020,West,Washington,Seattle,Furniture,Chairs,698.0,2,0.0,366.01
ORD-2026-12083,2026-06-24,2026-06-28,CUST-0390,PROD-0048,Central,Texas,Austin,Office Supplies,Paper,23.8,1,0.15,7.61
ORD-2026-13135,2026-06-24,2026-06-26,CUST-0581,PROD-0052,East,New Jersey,Newark,Office Supplies,Binders,26.6,2,0.3,5.63
ORD-2026-13473,2026-06-24,2026-06-28,CUST-0640,PROD-0042,West,Washington,Seattle,Office Supplies,Art,78.4,2,0.2,31.11
ORD-2026-11355,2026-06-25,2026-06-27,CUST-0256,PROD-0048,West,Washington,Spokane,Office Supplies,Paper,112.0,4,0.0,45.89
ORD-2026-11675,2026-06-25,2026-06-27,CUST-0318,PROD-0045,East,New York,New York City,Office Supplies,Art,99.0,1,0.1,50.92
ORD-2026-11986,2026-06-25,2026-06-27,CUST-0376,PROD-0025,West,Washington,Spokane,Furniture,Tables,616.55,1,0.05,231.13
ORD-2026-12475,2026-06-25,2026-06-27,CUST-0456,PROD-0029,Central,Minnesota,Minneapolis,Furniture,Tables,1515.25,5,0.05,580.66
ORD-2026-13265,2026-06-25,2026-06-30,CUST-0601,PROD-0052,East,Massachusetts,Boston,Office Supplies,Binders,54.15,3,0.05,14.67
ORD-2026-13624,2026-06-25,2026-06-27,CUST-0671,PROD-0002,East,New York,Buffalo,Technology,Phones,1798.0,2,0.0,747.1
ORD-2026-10300,2026-06-26,2026-06-29,CUST-0066,PROD-0021,West,Oregon,Portland,Furniture,Chairs,678.3,2,0.15,291.5
ORD-2026-10701,2026-06-26,2026-07-03,CUST-0136,PROD-0013,East,New Jersey,Newark,Technology,Accessories,58.65,1,0.15,32.49
ORD-2026-11625,2026-06-26,2026-06-28,CUST-0311,PROD-0003,West,California,San Diego,Technology,Phones,379.05,1,0.05,152.66
ORD-2026-12272,2026-06-26,2026-06-27,CUST-0418,PROD-0033,South,Florida,Miami,Furniture,Bookcases,152.1,1,0.1,61.86
ORD-2026-13594,2026-06-26,2026-06-29,CUST-0664,PROD-0020,South,North Carolina,Charlotte,Furniture,Chairs,331.55,1,0.05,165.49
ORD-2026-10026,2026-06-27,2026-07-01,CUST-0005,PROD-0009,West,California,Los Angeles,Technology,Laptops,1098.0,2,0.0,448.16
ORD-2026-10278,2026-06-27,2026-06-28,CUST-0064,PROD-0039,Central,Texas,Austin,Office Supplies,Storage,19.2,1,0.4,3.46
ORD-2026-10674,2026-06-27,2026-06-28,CUST-0129,PROD-0030,East,New Jersey,Newark,Furniture,Bookcases,217.55,1,0.05,103.96
ORD-2026-13509,2026-06-27,2026-06-28,CUST-0646,PROD-0040,East,Pennsylvania,Philadelphia,Office Supplies,Storage,69.0,1,0.0,34.46
ORD-2026-10795,2026-06-28,2026-06-30,CUST-0150,PROD-0032,West,Arizona,Phoenix,Furniture,Bookcases,303.05,1,0.05,139.95
ORD-2026-10994,2026-06-28,2026-07-01,CUST-0185,PROD-0004,Central,Texas,Houston,Technology,Phones,2198.0,2,0.0,824.43
ORD-2026-11926,2026-06-28,2026-06-30,CUST-0362,PROD-0030,Central,Texas,San Antonio,Furniture,Bookcases,183.2,1,0.2,69.87
ORD-2026-12045,2026-06-28,2026-07-01,CUST-0384,PROD-0036,Central,Texas,San Antonio,Furniture,Furnishings,245.0,5,0.0,129.67
ORD-2026-12606,2026-06-28,2026-07-02,CUST-0474,PROD-0022,South,Florida,Orlando,Furniture,Chairs,624.15,3,0.05,321.8
ORD-2026-12715,2026-06-28,2026-06-29,CUST-0497,PROD-0057,West,California,San Francisco,Office Supplies,Appliances,45.0,1,0.0,20.12
ORD-2026-13273,2026-06-28,2026-07-04,CUST-0605,PROD-0007,South,Tennessee,Nashville,Technology,Laptops,2997.0,3,0.0,1247.54
ORD-2026-13769,2026-06-28,2026-06-30,CUST-0700,PROD-0059,West,California,Los Angeles,Office Supplies,Fasteners,10.45,1,0.05,2.82
ORD-2026-10856,2026-06-29,2026-07-02,CUST-0160,PROD-0040,East,Pennsylvania,Pittsburgh,Office Supplies,Storage,186.3,3,0.1,92.72
ORD-2026-11583,2026-06-29,2026-07-01,CUST-0304,PROD-0039,Central,Minnesota,Minneapolis,Office Supplies,Storage,16.0,1,0.5,-1.77
ORD-2026-13314,2026-06-29,2026-07-01,CUST-0612,PROD-0018,Central,Minnesota,Minneapolis,Technology,Copiers & Printers,189.05,1,0.05,74.78
ORD-2026-13530,2026-06-29,2026-07-03,CUST-0649,PROD-0020,Central,Texas,Austin,Furniture,Chairs,663.1,2,0.05,329.9
ORD-2026-13889,2026-06-29,2026-07-03,CUST-0728,PROD-0036,West,Washington,Seattle,Furniture,Furnishings,196.0,4,0.0,88.47
ORD-2026-12653,2026-06-30,2026-07-04,CUST-0484,PROD-0002,South,North Carolina,Charlotte,Technology,Phones,1798.0,2,0.0,748.04
ORD-2026-12983,2026-06-30,2026-07-04,CUST-0550,PROD-0024,West,Nevada,Las Vegas,Furniture,Chairs,299.0,1,0.0,155.52
ORD-2026-13781,2026-06-30,2026-07-02,CUST-0703,PROD-0021,East,Massachusetts,Boston,Furniture,Chairs,279.3,1,0.3,85.84
ORD-2026-13841,2026-06-30,2026-07-01,CUST-0714,PROD-0035,Central,Texas,Dallas,Furniture,Furnishings,75.0,1,0.0,39.25
ORD-2026-13892,2026-06-30,2026-07-03,CUST-0730,PROD-0060,West,California,Los Angeles,Office Supplies,Fasteners,14.0,1,0.0,3.61
ORD-2026-14386,2026-06-30,2026-07-02,CUST-0835,PROD-0024,South,Florida,Orlando,Furniture,Chairs,598.0,2,0.0,306.38
